20.000000,85.000000,13.000000,96.000000,17.000000,8.600000,6.000000,19.000000,2.400000,8.900000,12.000000,136.000000,20.000000,0.000000,0.000000
9.800000,50.000000,19.000000,6.300000,6.100000,21.000000,28.000000,0.000000,0.000000,0.000000,0.000000,0.000000,0.000000,0.000000,0.000000
4.500000,5.800000,40.000000,7.400000,12.000000,2.300000,16.000000,22.000000,0.000000,0.000000,0.000000,0.000000,0.000000,0.000000,0.000000
25.000000,12.000000,3.500000,14.000000,35.000000,39.000000,11.000000,134.000000,101.000000,0.000000,0.000000,0.000000,0.000000,0.000000,0.000000
42.000000,3.400000,2.500000,47.000000,15.000000,44.000000,4.800000,16.000000,11.000000,59.000000,0.000000,0.000000,0.000000,0.000000,0.000000
11.000000,3.800000,72.000000,54.000000,8.800000,9.000000,160.000000,133.000000,0.000000,0.000000,0.000000,0.000000,0.000000,0.000000,0.000000
64.000000,7.200000,17.000000,1.700000,3.700000,19.000000,30.000000,38.000000,75.000000,0.000000,0.000000,0.000000,0.000000,0.000000,0.000000
10.000000,8.600000,10.000000,18.000000,9.100000,8.400000,4.300000,12.000000,35.000000,3.900000,0.000000,0.000000,0.000000,0.000000,0.000000
3.600000,7.500000,11.000000,8.900000,11.000000,4.700000,23.000000,13.000000,36.000000,8.500000,87.000000,0.000000,0.000000,0.000000,0.000000
101.000000,68.000000,3.800000,18.000000,9.300000,65.000000,36.000000,3.100000,18.000000,0.000000,0.000000,0.000000,0.000000,0.000000,0.000000
34.000000,89.000000,15.000000,4.400000,3.600000,75.000000,44.000000,2.200000,0.000000,0.000000,0.000000,0.000000,0.000000,0.000000,0.000000
31.000000,7.100000,21.000000,22.000000,9.900000,28.000000,11.000000,16.000000,45.000000,8.200000,4.900000,8.900000,7.300000,26.000000,0.000000
48.000000,7.900000,31.000000,5.400000,1.400000,47.000000,8.600000,0.000000,0.000000,0.000000,0.000000,0.000000,0.000000,0.000000,0.000000
4.600000,27.000000,16.000000,9.100000,1.300000,0.000000,0.000000,0.000000,0.000000,0.000000,0.000000,0.000000,0.000000,0.000000,0.000000
8.300000,7.700000,14.000000,3.800000,6.500000,32.000000,8.600000,9.800000,40.000000,7.000000,40.000000,0.000000,0.000000,0.000000,0.000000
7.100000,4.200000,2.000000,10.000000,99.000000,46.000000,18.000000,14.000000,0.000000,0.000000,0.000000,0.000000,0.000000,0.000000,0.000000
6.600000,9.700000,24.000000,4.700000,30.000000,4.600000,4.900000,29.000000,12.000000,13.000000,46.000000,0.000000,0.000000,0.000000,0.000000
37.000000,39.000000,6.000000,23.000000,5.600000,33.000000,10.000000,3.600000,7.000000,68.000000,43.000000,24.000000,10.000000,65.000000,0.000000
17.000000,15.000000,6.100000,9.600000,5.600000,23.000000,4.900000,2.700000,0.000000,0.000000,0.000000,0.000000,0.000000,0.000000,0.000000
7.500000,34.000000,18.000000,77.000000,28.000000,4.500000,11.000000,44.000000,12.000000,5.700000,8.300000,34.000000,5.900000,0.000000,0.000000
10.000000,7.800000,6.500000,7.500000,15.000000,13.000000,44.000000,3.100000,26.000000,6.400000,0.000000,0.000000,0.000000,0.000000,0.000000
5.500000,3.000000,4.200000,7.800000,9.700000,16.000000,19.000000,70.000000,11.000000,0.000000,0.000000,0.000000,0.000000,0.000000,0.000000
14.000000,18.000000,8.200000,11.000000,14.000000,2.100000,24.000000,3.800000,0.000000,0.000000,0.000000,0.000000,0.000000,0.000000,0.000000
66.000000,12.000000,11.000000,3.700000,25.000000,23.000000,20.000000,59.000000,19.000000,0.000000,0.000000,0.000000,0.000000,0.000000,0.000000
19.000000,43.000000,1.300000,17.000000,50.000000,31.000000,22.000000,0.000000,0.000000,0.000000,0.000000,0.000000,0.000000,0.000000,0.000000
16.000000,2.700000,2.900000,108.000000,23.000000,5.900000,101.000000,16.000000,154.000000,59.000000,0.000000,0.000000,0.000000,0.000000,0.000000
49.000000,63.000000,101.000000,104.000000,13.000000,11.000000,59.000000,18.000000,8.300000,7.700000,37.000000,18.000000,6.100000,9.100000,0.000000
11.000000,12.000000,18.000000,3.500000,4.600000,7.600000,39.000000,71.000000,13.000000,13.000000,7.900000,50.000000,0.000000,0.000000,0.000000
11.000000,2.700000,54.000000,4.500000,3.900000,7.000000,13.000000,0.000000,0.000000,0.000000,0.000000,0.000000,0.000000,0.000000,0.000000
31.000000,3.200000,15.000000,72.000000,11.000000,16.000000,3.400000,19.000000,5.600000,46.000000,0.000000,0.000000,0.000000,0.000000,0.000000
216.000000,43.000000,5.600000,19.000000,72.000000,13.000000,8.800000,17.000000,10.000000,5.600000,3.700000,43.000000,0.000000,0.000000,0.000000
58.000000,6.400000,30.000000,41.000000,1.900000,100.000000,21.000000,3.300000,33.000000,18.000000,0.000000,0.000000,0.000000,0.000000,0.000000
21.000000,15.000000,3.500000,37.000000,17.000000,0.000000,0.000000,0.000000,0.000000,0.000000,0.000000,0.000000,0.000000,0.000000,0.000000
45.000000,4.900000,11.000000,21.000000,143.000000,8.300000,8.400000,0.000000,0.000000,0.000000,0.000000,0.000000,0.000000,0.000000,0.000000
10.000000,8.000000,11.000000,20.000000,8.800000,33.000000,28.000000,63.000000,87.000000,0.000000,0.000000,0.000000,0.000000,0.000000,0.000000
2.300000,17.000000,13.000000,2.500000,6.900000,12.000000,0.000000,0.000000,0.000000,0.000000,0.000000,0.000000,0.000000,0.000000,0.000000
79.000000,38.000000,66.000000,15.000000,15.000000,7.800000,4.700000,1.500000,0.000000,0.000000,0.000000,0.000000,0.000000,0.000000,0.000000
11.000000,82.000000,7.700000,3.700000,3.600000,63.000000,102.000000,33.000000,37.000000,109.000000,182.000000,238.000000,17.000000,21.000000,0.000000
6.500000,6.000000,2.700000,5.700000,14.000000,0.000000,0.000000,0.000000,0.000000,0.000000,0.000000,0.000000,0.000000,0.000000,0.000000
6.700000,33.000000,21.000000,4.000000,25.000000,6.500000,7.700000,7.000000,18.000000,29.000000,8.000000,45.000000,0.000000,0.000000,0.000000
17.000000,15.000000,11.000000,5.800000,21.000000,3.600000,19.000000,14.000000,13.000000,0.000000,0.000000,0.000000,0.000000,0.000000,0.000000
2.300000,40.000000,22.000000,9.200000,83.000000,59.000000,2.900000,5.600000,33.000000,0.000000,0.000000,0.000000,0.000000,0.000000,0.000000
5.300000,49.000000,8.700000,28.000000,13.000000,29.000000,7.200000,1.700000,0.000000,0.000000,0.000000,0.000000,0.000000,0.000000,0.000000
54.000000,6.900000,5.600000,4.200000,12.000000,11.000000,25.000000,0.000000,0.000000,0.000000,0.000000,0.000000,0.000000,0.000000,0.000000
5.700000,13.000000,2.000000,27.000000,15.000000,57.000000,7.500000,12.000000,13.000000,0.000000,0.000000,0.000000,0.000000,0.000000,0.000000
5.400000,9.000000,3.400000,2.100000,16.000000,97.000000,19.000000,99.000000,0.000000,0.000000,0.000000,0.000000,0.000000,0.000000,0.000000
11.000000,59.000000,28.000000,3.200000,5.700000,6.400000,6.500000,8.200000,9.800000,29.000000,0.000000,0.000000,0.000000,0.000000,0.000000
10.000000,4.400000,31.000000,11.000000,89.000000,28.000000,0.000000,0.000000,0.000000,0.000000,0.000000,0.000000,0.000000,0.000000,0.000000
20.000000,69.000000,8.200000,12.000000,13.000000,10.000000,4.800000,8.200000,0.000000,0.000000,0.000000,0.000000,0.000000,0.000000,0.000000
2.000000,5.600000,23.000000,4.000000,33.000000,0.000000,0.000000,0.000000,0.000000,0.000000,0.000000,0.000000,0.000000,0.000000,0.000000
2.200000,60.000000,11.000000,23.000000,3.500000,23.000000,0.000000,0.000000,0.000000,0.000000,0.000000,0.000000,0.000000,0.000000,0.000000
36.000000,15.000000,80.000000,2.700000,14.000000,23.000000,15.000000,11.000000,0.000000,0.000000,0.000000,0.000000,0.000000,0.000000,0.000000
19.000000,29.000000,35.000000,25.000000,29.000000,9.300000,11.000000,2.600000,10.000000,13.000000,0.000000,0.000000,0.000000,0.000000,0.000000
28.000000,3.600000,10.000000,119.000000,14.000000,21.000000,28.000000,4.400000,21.000000,25.000000,19.000000,28.000000,71.000000,12.000000,0.000000
22.000000,7.100000,35.000000,0.000000,0.000000,0.000000,0.000000,0.000000,0.000000,0.000000,0.000000,0.000000,0.000000,0.000000,0.000000
59.000000,25.000000,13.000000,49.000000,132.000000,13.000000,14.000000,9.800000,8.400000,1.900000,86.000000,0.000000,0.000000,0.000000,0.000000
53.000000,133.000000,19.000000,4.300000,7.800000,15.000000,20.000000,19.000000,2.300000,16.000000,0.000000,0.000000,0.000000,0.000000,0.000000
6.600000,31.000000,2.600000,11.000000,3.300000,38.000000,19.000000,0.000000,0.000000,0.000000,0.000000,0.000000,0.000000,0.000000,0.000000
16.000000,5.700000,17.000000,2.400000,8.900000,32.000000,110.000000,76.000000,7.400000,8.500000,0.000000,0.000000,0.000000,0.000000,0.000000
19.000000,21.000000,7.800000,1.300000,6.300000,24.000000,0.000000,0.000000,0.000000,0.000000,0.000000,0.000000,0.000000,0.000000,0.000000
4.100000,53.000000,6.000000,5.200000,19.000000,95.000000,8.200000,27.000000,10.000000,6.400000,28.000000,35.000000,0.000000,0.000000,0.000000
2.100000,3.500000,15.000000,11.000000,40.000000,19.000000,8.600000,14.000000,31.000000,0.000000,0.000000,0.000000,0.000000,0.000000,0.000000
20.000000,31.000000,7.100000,3.800000,50.000000,8.600000,7.800000,5.800000,0.000000,0.000000,0.000000,0.000000,0.000000,0.000000,0.000000
84.000000,117.000000,108.000000,50.000000,31.000000,7.000000,3.000000,13.000000,5.600000,9.500000,0.000000,0.000000,0.000000,0.000000,0.000000
6.900000,2.200000,7.700000,32.000000,0.000000,0.000000,0.000000,0.000000,0.000000,0.000000,0.000000,0.000000,0.000000,0.000000,0.000000
5.900000,4.100000,12.000000,6.400000,4.700000,64.000000,12.000000,16.000000,40.000000,6.600000,0.000000,0.000000,0.000000,0.000000,0.000000
96.000000,6.200000,58.000000,26.000000,11.000000,1.600000,5.100000,0.000000,0.000000,0.000000,0.000000,0.000000,0.000000,0.000000,0.000000
15.000000,30.000000,10.000000,10.000000,14.000000,7.900000,5.500000,7.500000,9.000000,55.000000,4.100000,0.000000,0.000000,0.000000,0.000000
133.000000,95.000000,88.000000,47.000000,23.000000,16.000000,8.700000,31.000000,12.000000,9.500000,7.600000,5.800000,7.100000,0.000000,0.000000
76.000000,174.000000,10.000000,45.000000,71.000000,16.000000,94.000000,5.600000,36.000000,15.000000,43.000000,2.400000,6.800000,0.000000,0.000000
8.000000,10.000000,1.600000,6.600000,5.400000,0.000000,0.000000,0.000000,0.000000,0.000000,0.000000,0.000000,0.000000,0.000000,0.000000
8.100000,27.000000,14.000000,4.500000,77.000000,0.000000,0.000000,0.000000,0.000000,0.000000,0.000000,0.000000,0.000000,0.000000,0.000000
2.400000,25.000000,7.200000,2.500000,8.900000,10.000000,0.000000,0.000000,0.000000,0.000000,0.000000,0.000000,0.000000,0.000000,0.000000
3.100000,32.000000,2.900000,12.000000,10.000000,5.600000,34.000000,8.600000,0.000000,0.000000,0.000000,0.000000,0.000000,0.000000,0.000000
6.400000,7.300000,5.400000,60.000000,31.000000,1.600000,42.000000,64.000000,0.000000,0.000000,0.000000,0.000000,0.000000,0.000000,0.000000
14.000000,24.000000,7.100000,26.000000,22.000000,3.600000,2.300000,6.900000,0.000000,0.000000,0.000000,0.000000,0.000000,0.000000,0.000000
98.000000,122.000000,12.000000,22.000000,8.900000,8.300000,5.500000,7.200000,28.000000,0.000000,0.000000,0.000000,0.000000,0.000000,0.000000
4.100000,11.000000,5.600000,9.900000,3.900000,9.200000,13.000000,14.000000,14.000000,0.000000,0.000000,0.000000,0.000000,0.000000,0.000000
4.100000,41.000000,48.000000,16.000000,7.000000,10.000000,14.000000,9.900000,13.000000,8.600000,27.000000,5.000000,0.000000,0.000000,0.000000
41.000000,13.000000,15.000000,54.000000,5.400000,3.200000,12.000000,36.000000,7.000000,0.000000,0.000000,0.000000,0.000000,0.000000,0.000000
4.500000,50.000000,36.000000,18.000000,49.000000,42.000000,1.600000,55.000000,4.900000,0.000000,0.000000,0.000000,0.000000,0.000000,0.000000
33.000000,33.000000,17.000000,15.000000,82.000000,4.100000,79.000000,9.500000,21.000000,22.000000,19.000000,6.200000,3.100000,0.000000,0.000000
84.000000,8.600000,35.000000,42.000000,24.000000,9.800000,38.000000,10.000000,2.100000,30.000000,0.000000,0.000000,0.000000,0.000000,0.000000
110.000000,66.000000,22.000000,23.000000,7.900000,26.000000,35.000000,13.000000,6.000000,11.000000,0.000000,0.000000,0.000000,0.000000,0.000000
8.000000,11.000000,6.100000,69.000000,13.000000,12.000000,14.000000,23.000000,118.000000,14.000000,2.500000,33.000000,163.000000,0.000000,0.000000
12.000000,3.200000,4.200000,15.000000,7.700000,6.700000,16.000000,44.000000,37.000000,52.000000,13.000000,0.000000,0.000000,0.000000,0.000000
14.000000,204.000000,40.000000,8.300000,132.000000,113.000000,2.000000,7.900000,10.000000,0.000000,0.000000,0.000000,0.000000,0.000000,0.000000
35.000000,24.000000,71.000000,6.650000,13.000000,52.000000,4.750000,16.000000,27.000000,22.000000,4.450000,3.200000,0.000000,0.000000,0.000000
16.000000,100.000000,98.000000,25.000000,6.200000,32.000000,10.000000,2.300000,0.000000,0.000000,0.000000,0.000000,0.000000,0.000000,0.000000
122.000000,149.000000,209.000000,83.000000,25.000000,104.000000,16.000000,6.400000,51.000000,66.000000,21.000000,0.000000,0.000000,0.000000,0.000000
15.000000,107.000000,58.000000,53.000000,29.000000,46.000000,6.900000,1.600000,0.000000,0.000000,0.000000,0.000000,0.000000,0.000000,0.000000
16.000000,19.000000,5.900000,14.000000,23.000000,38.000000,61.000000,114.000000,7.100000,6.700000,79.000000,17.000000,2.600000,0.000000,0.000000
108.000000,124.000000,15.000000,37.000000,3.900000,435.000000,2.000000,217.000000,435.000000,0.000000,0.000000,0.000000,0.000000,0.000000,0.000000
53.000000,2.300000,8.400000,137.000000,154.000000,50.000000,45.000000,79.000000,11.000000,8.600000,46.000000,127.000000,10.000000,0.000000,0.000000
45.000000,10.000000,66.000000,71.000000,21.000000,13.000000,1.900000,6.900000,6.800000,59.000000,26.000000,17.000000,0.000000,0.000000,0.000000
37.000000,4.800000,20.000000,51.000000,3.100000,8.900000,15.000000,79.000000,198.000000,24.000000,0.000000,0.000000,0.000000,0.000000,0.000000
5.500000,30.000000,10.000000,32.000000,30.000000,27.000000,5.600000,240.000000,8.500000,0.000000,0.000000,0.000000,0.000000,0.000000,0.000000
5.000000,6.900000,11.000000,21.000000,8.000000,76.000000,11.000000,18.000000,7.000000,22.000000,0.000000,0.000000,0.000000,0.000000,0.000000
9.100000,22.000000,19.000000,11.000000,3.700000,11.000000,17.000000,14.000000,0.000000,0.000000,0.000000,0.000000,0.000000,0.000000,0.000000
11.000000,25.000000,14.000000,33.000000,13.000000,16.000000,10.000000,11.000000,0.000000,0.000000,0.000000,0.000000,0.000000,0.000000,0.000000
4.300000,153.000000,15.000000,6.300000,4.700000,114.000000,30.000000,30.000000,133.000000,10.000000,9.600000,48.000000,59.000000,20.000000,0.000000
123.000000,72.000000,27.000000,77.000000,10.000000,37.000000,16.000000,118.000000,135.000000,177.000000,8.500000,7.100000,4.800000,6.500000,0.000000
16.000000,17.000000,4.200000,18.000000,14.000000,7.600000,2.900000,0.000000,0.000000,0.000000,0.000000,0.000000,0.000000,0.000000,0.000000
10.000000,9.600000,4.800000,26.000000,2.300000,19.000000,5.000000,0.000000,0.000000,0.000000,0.000000,0.000000,0.000000,0.000000,0.000000
33.000000,7.100000,3.100000,132.000000,3.600000,27.000000,91.000000,24.000000,49.000000,51.000000,87.000000,72.000000,82.000000,0.000000,0.000000
88.000000,85.000000,31.000000,8.700000,28.000000,35.000000,2.200000,21.000000,5.300000,0.000000,0.000000,0.000000,0.000000,0.000000,0.000000
23.000000,12.000000,2.200000,51.000000,20.000000,8.300000,44.000000,16.000000,44.000000,51.000000,0.000000,0.000000,0.000000,0.000000,0.000000
41.000000,48.000000,134.000000,3.300000,4.200000,8.400000,243.000000,34.000000,12.000000,85.000000,59.000000,27.000000,236.000000,0.000000,0.000000
6.100000,59.000000,4.700000,14.000000,6.300000,36.000000,18.000000,8.000000,0.000000,0.000000,0.000000,0.000000,0.000000,0.000000,0.000000
63.000000,11.000000,34.000000,33.000000,38.000000,181.000000,26.000000,6.400000,7.100000,5.400000,3.600000,10.000000,76.000000,42.000000,0.000000
83.000000,3.600000,4.600000,4.500000,4.400000,15.000000,38.000000,143.000000,110.000000,0.000000,0.000000,0.000000,0.000000,0.000000,0.000000
68.000000,25.000000,10.000000,3.700000,72.000000,9.500000,0.000000,0.000000,0.000000,0.000000,0.000000,0.000000,0.000000,0.000000,0.000000
2.500000,12.000000,28.000000,6.500000,12.000000,61.000000,24.000000,22.000000,7.700000,7.700000,63.000000,59.000000,20.000000,0.000000,0.000000
159.000000,21.000000,11.000000,5.400000,12.000000,18.000000,3.200000,62.000000,17.000000,15.000000,7.400000,107.000000,0.000000,0.000000,0.000000
4.100000,93.000000,111.000000,25.000000,10.000000,30.000000,0.000000,0.000000,0.000000,0.000000,0.000000,0.000000,0.000000,0.000000,0.000000
18.000000,29.000000,15.000000,5.800000,3.200000,4.400000,5.800000,7.300000,0.000000,0.000000,0.000000,0.000000,0.000000,0.000000,0.000000
76.000000,47.000000,2.900000,19.000000,9.800000,10.000000,11.000000,13.000000,11.000000,5.300000,0.000000,0.000000,0.000000,0.000000,0.000000
6.300000,8.300000,22.000000,15.000000,2.100000,57.000000,4.700000,47.000000,14.000000,0.000000,0.000000,0.000000,0.000000,0.000000,0.000000
93.000000,14.000000,46.000000,5.300000,29.000000,12.000000,140.000000,9.200000,29.000000,16.000000,0.000000,0.000000,0.000000,0.000000,0.000000
3.600000,14.000000,24.000000,7.100000,99.000000,5.600000,6.300000,14.000000,21.000000,5.100000,0.000000,0.000000,0.000000,0.000000,0.000000
4.300000,17.000000,13.000000,11.000000,11.000000,1.500000,0.000000,0.000000,0.000000,0.000000,0.000000,0.000000,0.000000,0.000000,0.000000
7.100000,21.000000,58.000000,7.500000,4.100000,14.000000,2.000000,21.000000,0.000000,0.000000,0.000000,0.000000,0.000000,0.000000,0.000000
10.000000,37.000000,7.500000,5.100000,1.500000,17.000000,27.000000,0.000000,0.000000,0.000000,0.000000,0.000000,0.000000,0.000000,0.000000
8.600000,4.800000,4.300000,7.500000,11.000000,22.000000,22.000000,28.000000,5.100000,11.000000,0.000000,0.000000,0.000000,0.000000,0.000000
9.100000,128.000000,104.000000,173.000000,107.000000,14.000000,9.100000,49.000000,1.900000,0.000000,0.000000,0.000000,0.000000,0.000000,0.000000
2.300000,9.100000,4.800000,11.000000,9.500000,27.000000,5.800000,32.000000,0.000000,0.000000,0.000000,0.000000,0.000000,0.000000,0.000000
61.000000,4.800000,48.000000,34.000000,30.000000,7.700000,3.400000,24.000000,4.700000,15.000000,17.000000,12.000000,0.000000,0.000000,0.000000
156.000000,54.000000,9.700000,31.000000,18.000000,125.000000,10.000000,28.000000,77.000000,0.000000,0.000000,0.000000,0.000000,0.000000,0.000000
133.000000,6.400000,30.000000,15.000000,36.000000,19.000000,2.000000,13.000000,8.100000,0.000000,0.000000,0.000000,0.000000,0.000000,0.000000
8.800000,4.900000,4.800000,17.000000,10.000000,9.300000,10.000000,33.000000,6.400000,11.000000,38.000000,0.000000,0.000000,0.000000,0.000000
7.800000,10.000000,16.000000,21.000000,58.000000,63.000000,68.000000,0.000000,0.000000,0.000000,0.000000,0.000000,0.000000,0.000000,0.000000
9.800000,3.000000,9.100000,20.000000,3.800000,5.700000,10.000000,133.000000,29.000000,133.000000,0.000000,0.000000,0.000000,0.000000,0.000000
56.000000,8.000000,5.700000,29.000000,51.000000,28.000000,56.000000,13.000000,0.000000,0.000000,0.000000,0.000000,0.000000,0.000000,0.000000
152.000000,107.000000,3.600000,13.000000,6.300000,3.600000,11.000000,61.000000,16.000000,5.500000,0.000000,0.000000,0.000000,0.000000,0.000000
8.700000,1.700000,37.000000,14.000000,4.900000,11.000000,14.000000,71.000000,96.000000,0.000000,0.000000,0.000000,0.000000,0.000000,0.000000
11.000000,4.900000,9.500000,16.000000,7.300000,4.200000,3.500000,36.000000,20.000000,0.000000,0.000000,0.000000,0.000000,0.000000,0.000000
3.800000,62.000000,19.000000,9.000000,34.000000,15.000000,12.000000,4.400000,13.000000,97.000000,13.000000,27.000000,0.000000,0.000000,0.000000
2.600000,19.000000,42.000000,1.900000,50.000000,22.000000,23.000000,25.000000,24.000000,34.000000,0.000000,0.000000,0.000000,0.000000,0.000000
12.000000,6.700000,5.600000,24.000000,6.400000,1.700000,0.000000,0.000000,0.000000,0.000000,0.000000,0.000000,0.000000,0.000000,0.000000
8.900000,5.500000,6.300000,11.000000,11.000000,28.000000,3.300000,5.200000,32.000000,0.000000,0.000000,0.000000,0.000000,0.000000,0.000000
3.900000,15.000000,9.300000,58.000000,14.000000,3.100000,10.000000,116.000000,17.000000,84.000000,15.000000,41.000000,92.000000,0.000000,0.000000
58.000000,5.300000,18.000000,10.000000,69.000000,34.000000,7.900000,70.000000,168.000000,98.000000,108.000000,2.900000,35.000000,0.000000,0.000000
25.000000,13.000000,28.000000,13.000000,4.600000,12.000000,31.000000,10.000000,33.000000,7.900000,2.700000,0.000000,0.000000,0.000000,0.000000
39.000000,8.600000,7.000000,3.700000,27.000000,28.000000,21.000000,59.000000,107.000000,49.000000,0.000000,0.000000,0.000000,0.000000,0.000000
16.000000,24.000000,8.700000,54.000000,37.000000,6.100000,5.100000,11.000000,6.000000,12.000000,8.900000,8.300000,0.000000,0.000000,0.000000
4.300000,13.000000,83.000000,3.400000,7.900000,6.600000,55.000000,0.000000,0.000000,0.000000,0.000000,0.000000,0.000000,0.000000,0.000000
16.000000,32.000000,7.400000,6.100000,17.000000,28.000000,31.000000,27.000000,2.900000,5.800000,0.000000,0.000000,0.000000,0.000000,0.000000
26.000000,16.000000,11.000000,5.700000,2.900000,5.300000,39.000000,58.000000,17.000000,36.000000,43.000000,7.800000,0.000000,0.000000,0.000000
53.000000,46.000000,6.100000,33.000000,21.000000,6.300000,2.500000,19.000000,4.700000,11.000000,0.000000,0.000000,0.000000,0.000000,0.000000
2.000000,27.000000,40.000000,9.000000,5.100000,15.000000,20.000000,0.000000,0.000000,0.000000,0.000000,0.000000,0.000000,0.000000,0.000000
47.000000,7.300000,1.700000,31.000000,5.100000,6.600000,23.000000,31.000000,0.000000,0.000000,0.000000,0.000000,0.000000,0.000000,0.000000
126.000000,55.000000,156.000000,23.000000,57.000000,9.000000,15.000000,7.400000,4.600000,0.000000,0.000000,0.000000,0.000000,0.000000,0.000000
54.000000,2.500000,12.000000,13.000000,19.000000,56.000000,7.300000,15.000000,22.000000,88.000000,7.300000,27.000000,11.000000,46.000000,0.000000
5.500000,11.000000,14.000000,4.000000,8.100000,36.000000,9.100000,13.000000,41.000000,6.000000,42.000000,0.000000,0.000000,0.000000,0.000000
115.000000,15.000000,115.000000,9.500000,116.000000,6.900000,9.000000,24.000000,8.600000,62.000000,18.000000,5.200000,16.000000,0.000000,0.000000
12.000000,2.300000,31.000000,46.000000,9.400000,28.000000,4.300000,11.000000,21.000000,14.000000,33.000000,119.000000,25.000000,0.000000,0.000000
24.000000,23.000000,67.000000,17.000000,36.000000,7.000000,9.700000,5.300000,0.000000,0.000000,0.000000,0.000000,0.000000,0.000000,0.000000
12.000000,58.000000,30.000000,39.000000,12.000000,13.000000,1.500000,60.000000,9.800000,9.700000,0.000000,0.000000,0.000000,0.000000,0.000000
129.000000,27.000000,38.000000,12.000000,8.500000,24.000000,0.000000,0.000000,0.000000,0.000000,0.000000,0.000000,0.000000,0.000000,0.000000
2.600000,3.500000,7.500000,37.000000,6.300000,0.000000,0.000000,0.000000,0.000000,0.000000,0.000000,0.000000,0.000000,0.000000,0.000000
112.000000,24.000000,73.000000,21.000000,11.000000,9.200000,7.100000,17.000000,5.700000,2.100000,0.000000,0.000000,0.000000,0.000000,0.000000
9.800000,2.500000,3.800000,22.000000,10.000000,8.000000,6.200000,0.000000,0.000000,0.000000,0.000000,0.000000,0.000000,0.000000,0.000000
29.000000,11.000000,19.000000,36.000000,8.400000,2.400000,36.000000,5.400000,11.000000,6.100000,0.000000,0.000000,0.000000,0.000000,0.000000
3.600000,39.000000,12.000000,2.800000,33.000000,22.000000,40.000000,3.900000,0.000000,0.000000,0.000000,0.000000,0.000000,0.000000,0.000000
8.000000,1.600000,10.000000,8.200000,5.100000,55.000000,65.000000,0.000000,0.000000,0.000000,0.000000,0.000000,0.000000,0.000000,0.000000
46.000000,41.000000,7.800000,10.000000,91.000000,1.800000,25.000000,37.000000,3.900000,0.000000,0.000000,0.000000,0.000000,0.000000,0.000000
136.000000,135.000000,111.000000,45.000000,100.000000,19.000000,28.000000,10.000000,9.400000,0.000000,0.000000,0.000000,0.000000,0.000000,0.000000
14.000000,6.000000,12.000000,12.000000,19.000000,10.000000,8.500000,5.600000,0.000000,0.000000,0.000000,0.000000,0.000000,0.000000,0.000000
1.900000,63.000000,35.000000,3.800000,44.000000,37.000000,23.000000,9.100000,6.600000,0.000000,0.000000,0.000000,0.000000,0.000000,0.000000
22.000000,10.000000,55.000000,37.000000,12.000000,10.000000,19.000000,80.000000,63.000000,2.000000,161.000000,14.000000,0.000000,0.000000,0.000000
9.900000,15.000000,31.000000,6.700000,9.900000,2.200000,46.000000,22.000000,7.500000,33.000000,130.000000,0.000000,0.000000,0.000000,0.000000
8.700000,23.000000,14.000000,6.700000,7.000000,8.600000,12.000000,26.000000,8.100000,12.000000,8.300000,44.000000,17.000000,31.000000,0.000000
62.000000,29.000000,4.900000,39.000000,2.400000,9.300000,58.000000,7.300000,122.000000,0.000000,0.000000,0.000000,0.000000,0.000000,0.000000
22.000000,81.000000,16.000000,85.000000,92.000000,51.000000,4.600000,7.100000,159.000000,14.000000,17.000000,6.600000,2.900000,177.000000,0.000000
107.000000,6.600000,4.800000,8.300000,15.000000,6.700000,19.000000,0.000000,0.000000,0.000000,0.000000,0.000000,0.000000,0.000000,0.000000
2.700000,5.600000,13.000000,5.100000,19.000000,12.000000,17.000000,21.000000,10.000000,58.000000,32.000000,0.000000,0.000000,0.000000,0.000000
132.000000,89.000000,25.000000,123.000000,1.200000,12.000000,23.000000,6.400000,0.000000,0.000000,0.000000,0.000000,0.000000,0.000000,0.000000
15.000000,34.000000,9.600000,3.500000,2.000000,0.000000,0.000000,0.000000,0.000000,0.000000,0.000000,0.000000,0.000000,0.000000,0.000000
10.000000,23.000000,32.000000,12.000000,2.300000,7.300000,15.000000,3.300000,0.000000,0.000000,0.000000,0.000000,0.000000,0.000000,0.000000
9.500000,8.100000,3.700000,4.400000,5.600000,4.100000,26.000000,0.000000,0.000000,0.000000,0.000000,0.000000,0.000000,0.000000,0.000000
53.000000,12.000000,8.600000,27.000000,18.000000,0.000000,0.000000,0.000000,0.000000,0.000000,0.000000,0.000000,0.000000,0.000000,0.000000
17.000000,11.000000,18.000000,17.000000,76.000000,9.600000,12.000000,1.500000,0.000000,0.000000,0.000000,0.000000,0.000000,0.000000,0.000000
121.000000,5.800000,96.000000,9.500000,2.400000,2.500000,0.000000,0.000000,0.000000,0.000000,0.000000,0.000000,0.000000,0.000000,0.000000
18.000000,5.600000,2.200000,22.000000,10.000000,7.200000,20.000000,9.500000,17.000000,0.000000,0.000000,0.000000,0.000000,0.000000,0.000000
201.000000,21.000000,35.000000,2.300000,8.400000,5.800000,43.000000,0.000000,0.000000,0.000000,0.000000,0.000000,0.000000,0.000000,0.000000
8.400000,2.200000,19.000000,50.000000,23.000000,4.400000,18.000000,8.800000,0.000000,0.000000,0.000000,0.000000,0.000000,0.000000,0.000000
32.000000,11.000000,25.000000,8.700000,34.000000,1.900000,20.000000,4.300000,11.000000,0.000000,0.000000,0.000000,0.000000,0.000000,0.000000
9.100000,5.000000,13.000000,39.000000,12.000000,20.000000,43.000000,6.900000,3.600000,10.000000,19.000000,18.000000,0.000000,0.000000,0.000000
66.000000,23.000000,11.000000,5.300000,13.000000,11.000000,4.900000,0.000000,0.000000,0.000000,0.000000,0.000000,0.000000,0.000000,0.000000
2.900000,13.000000,19.000000,25.000000,10.000000,19.000000,8.400000,11.000000,0.000000,0.000000,0.000000,0.000000,0.000000,0.000000,0.000000
83.000000,65.000000,124.000000,38.000000,21.000000,4.600000,22.000000,13.000000,3.300000,2.200000,0.000000,0.000000,0.000000,0.000000,0.000000
5.100000,3.600000,5.300000,7.400000,18.000000,3.600000,15.000000,0.000000,0.000000,0.000000,0.000000,0.000000,0.000000,0.000000,0.000000
145.000000,7.800000,41.000000,5.600000,9.600000,5.300000,9.600000,9.000000,5.900000,26.000000,13.000000,0.000000,0.000000,0.000000,0.000000
3.800000,2.000000,6.000000,25.000000,7.500000,0.000000,0.000000,0.000000,0.000000,0.000000,0.000000,0.000000,0.000000,0.000000,0.000000
2.400000,8.900000,3.700000,11.000000,5.800000,7.500000,0.000000,0.000000,0.000000,0.000000,0.000000,0.000000,0.000000,0.000000,0.000000
4.400000,17.000000,2.700000,9.300000,10.000000,7.400000,18.000000,20.000000,18.000000,104.000000,24.000000,0.000000,0.000000,0.000000,0.000000
9.900000,18.000000,27.000000,5.900000,14.000000,27.000000,15.000000,14.000000,6.600000,4.400000,22.000000,16.000000,9.700000,0.000000,0.000000
1.400000,20.000000,15.000000,12.000000,7.200000,39.000000,120.000000,53.000000,0.000000,0.000000,0.000000,0.000000,0.000000,0.000000,0.000000
102.000000,153.000000,102.000000,10.000000,14.000000,34.000000,7.500000,2.600000,16.000000,5.800000,0.000000,0.000000,0.000000,0.000000,0.000000
58.000000,42.000000,1.500000,141.000000,133.000000,179.000000,52.000000,4.900000,15.000000,10.000000,23.000000,27.000000,0.000000,0.000000,0.000000
181.000000,51.000000,45.000000,42.000000,10.000000,15.000000,16.000000,12.000000,31.000000,2.100000,0.000000,0.000000,0.000000,0.000000,0.000000
10.000000,11.000000,109.000000,92.000000,93.000000,1.900000,186.000000,33.000000,12.000000,4.000000,0.000000,0.000000,0.000000,0.000000,0.000000
28.000000,11.000000,8.800000,52.000000,7.000000,4.300000,1.900000,57.000000,0.000000,0.000000,0.000000,0.000000,0.000000,0.000000,0.000000
64.000000,7.200000,2.100000,6.800000,19.000000,31.000000,66.000000,3.500000,0.000000,0.000000,0.000000,0.000000,0.000000,0.000000,0.000000
191.000000,14.000000,63.000000,140.000000,8.100000,18.000000,67.000000,28.000000,10.000000,1.700000,16.000000,0.000000,0.000000,0.000000,0.000000
21.000000,6.600000,15.000000,31.000000,8.900000,27.000000,12.000000,18.000000,118.000000,3.400000,0.000000,0.000000,0.000000,0.000000,0.000000
2.400000,3.500000,10.000000,5.200000,11.000000,8.800000,0.000000,0.000000,0.000000,0.000000,0.000000,0.000000,0.000000,0.000000,0.000000
19.000000,3.500000,16.000000,18.000000,28.000000,33.000000,209.000000,217.000000,119.000000,0.000000,0.000000,0.000000,0.000000,0.000000,0.000000
1.800000,20.000000,14.000000,19.000000,30.000000,11.000000,28.000000,8.000000,5.300000,0.000000,0.000000,0.000000,0.000000,0.000000,0.000000
28.000000,79.000000,11.000000,9.300000,3.500000,3.100000,67.000000,0.000000,0.000000,0.000000,0.000000,0.000000,0.000000,0.000000,0.000000
4.600000,6.300000,22.000000,17.000000,30.000000,69.000000,24.000000,127.000000,190.000000,6.900000,90.000000,0.000000,0.000000,0.000000,0.000000
217.000000,31.000000,43.000000,108.000000,4.300000,18.000000,22.000000,9.800000,12.000000,2.200000,0.000000,0.000000,0.000000,0.000000,0.000000
6.800000,111.000000,41.000000,56.000000,59.000000,8.000000,19.000000,4.100000,40.000000,20.000000,20.000000,16.000000,9.700000,4.000000,0.000000
9.600000,27.000000,2.700000,5.800000,13.000000,76.000000,25.000000,7.300000,0.000000,0.000000,0.000000,0.000000,0.000000,0.000000,0.000000
144.000000,178.000000,204.000000,4.200000,32.000000,7.300000,29.000000,229.000000,106.000000,3.300000,15.000000,47.000000,17.000000,7.500000,0.000000
4.900000,171.000000,6.400000,19.000000,85.000000,5.400000,9.700000,34.000000,9.000000,11.000000,57.000000,171.000000,0.000000,0.000000,0.000000
8.600000,14.000000,2.500000,3.900000,10.000000,7.300000,8.300000,0.000000,0.000000,0.000000,0.000000,0.000000,0.000000,0.000000,0.000000
49.000000,17.000000,18.000000,25.000000,48.000000,28.000000,12.000000,3.600000,3.700000,42.000000,8.700000,25.000000,10.000000,46.000000,0.000000
10.000000,23.000000,21.000000,29.000000,2.000000,6.600000,26.000000,17.000000,0.000000,0.000000,0.000000,0.000000,0.000000,0.000000,0.000000
64.000000,21.000000,1.700000,31.000000,12.000000,4.500000,23.000000,6.900000,55.000000,0.000000,0.000000,0.000000,0.000000,0.000000,0.000000
11.000000,10.000000,23.000000,2.200000,7.550000,17.000000,17.000000,24.000000,24.000000,18.000000,6.850000,0.000000,0.000000,0.000000,0.000000
36.000000,23.000000,8.600000,9.300000,2.300000,21.000000,12.000000,27.000000,9.000000,5.300000,0.000000,0.000000,0.000000,0.000000,0.000000
1.500000,5.200000,5.500000,32.000000,40.000000,8.100000,0.000000,0.000000,0.000000,0.000000,0.000000,0.000000,0.000000,0.000000,0.000000
4.900000,43.000000,3.900000,6.000000,2.500000,7.800000,36.000000,0.000000,0.000000,0.000000,0.000000,0.000000,0.000000,0.000000,0.000000
36.000000,9.100000,61.000000,108.000000,6.800000,8.400000,15.000000,25.000000,61.000000,0.000000,0.000000,0.000000,0.000000,0.000000,0.000000
4.500000,8.300000,6.500000,29.000000,10.000000,13.000000,8.200000,22.000000,4.000000,48.000000,19.000000,0.000000,0.000000,0.000000,0.000000
7.000000,12.000000,3.100000,38.000000,3.000000,39.000000,22.000000,37.000000,5.700000,0.000000,0.000000,0.000000,0.000000,0.000000,0.000000
30.000000,6.200000,7.200000,10.000000,3.400000,6.600000,28.000000,0.000000,0.000000,0.000000,0.000000,0.000000,0.000000,0.000000,0.000000
13.000000,4.500000,10.000000,14.000000,12.000000,4.900000,8.900000,6.100000,11.000000,29.000000,45.000000,0.000000,0.000000,0.000000,0.000000
47.000000,51.000000,4.900000,9.700000,3.100000,131.000000,44.000000,76.000000,0.000000,0.000000,0.000000,0.000000,0.000000,0.000000,0.000000
41.000000,3.000000,3.100000,7.000000,11.000000,10.000000,9.000000,16.000000,0.000000,0.000000,0.000000,0.000000,0.000000,0.000000,0.000000
114.000000,68.000000,9.200000,20.000000,21.000000,13.000000,11.000000,5.700000,0.000000,0.000000,0.000000,0.000000,0.000000,0.000000,0.000000
21.000000,46.000000,44.000000,62.000000,20.000000,12.000000,2.400000,39.000000,3.100000,7.000000,23.000000,0.000000,0.000000,0.000000,0.000000
34.000000,56.000000,63.000000,109.000000,2.000000,48.000000,5.600000,4.600000,0.000000,0.000000,0.000000,0.000000,0.000000,0.000000,0.000000
68.000000,3.600000,8.300000,10.000000,20.000000,1.800000,47.000000,71.000000,28.000000,0.000000,0.000000,0.000000,0.000000,0.000000,0.000000
1.700000,44.000000,16.000000,30.000000,11.000000,6.600000,22.000000,7.200000,11.000000,0.000000,0.000000,0.000000,0.000000,0.000000,0.000000
39.000000,145.000000,11.000000,168.000000,31.000000,7.500000,2.500000,163.000000,33.000000,51.000000,15.000000,25.000000,3.300000,0.000000,0.000000
68.000000,41.000000,15.000000,13.000000,29.000000,5.600000,3.800000,17.000000,7.600000,0.000000,0.000000,0.000000,0.000000,0.000000,0.000000
20.000000,7.200000,21.000000,2.900000,9.900000,43.000000,7.600000,9.800000,4.300000,0.000000,0.000000,0.000000,0.000000,0.000000,0.000000
4.300000,1.700000,3.400000,10.000000,0.000000,0.000000,0.000000,0.000000,0.000000,0.000000,0.000000,0.000000,0.000000,0.000000,0.000000
48.000000,41.000000,7.700000,14.000000,5.300000,26.000000,2.600000,3.600000,0.000000,0.000000,0.000000,0.000000,0.000000,0.000000,0.000000
73.000000,8.100000,65.000000,3.700000,97.000000,13.000000,10.000000,27.000000,54.000000,0.000000,0.000000,0.000000,0.000000,0.000000,0.000000
5.000000,12.000000,11.000000,23.000000,12.000000,4.300000,28.000000,25.000000,4.900000,5.600000,0.000000,0.000000,0.000000,0.000000,0.000000
4.100000,17.000000,7.000000,12.000000,4.600000,56.000000,34.000000,7.400000,71.000000,0.000000,0.000000,0.000000,0.000000,0.000000,0.000000
25.000000,5.000000,29.000000,13.000000,5.100000,6.000000,13.000000,8.200000,22.000000,5.600000,17.000000,0.000000,0.000000,0.000000,0.000000
8.400000,11.000000,7.100000,14.000000,32.000000,10.000000,6.500000,12.000000,15.000000,17.000000,0.000000,0.000000,0.000000,0.000000,0.000000
4.200000,14.000000,6.900000,18.000000,9.000000,21.000000,58.000000,13.000000,51.000000,9.400000,19.000000,4.100000,62.000000,0.000000,0.000000
14.000000,11.000000,3.200000,7.000000,16.000000,9.200000,6.200000,15.000000,6.700000,54.000000,62.000000,0.000000,0.000000,0.000000,0.000000
35.000000,10.000000,8.400000,21.000000,5.500000,5.600000,0.000000,0.000000,0.000000,0.000000,0.000000,0.000000,0.000000,0.000000,0.000000
8.300000,3.400000,28.000000,17.000000,2.000000,7.500000,30.000000,30.000000,0.000000,0.000000,0.000000,0.000000,0.000000,0.000000,0.000000
83.000000,38.000000,13.000000,17.000000,16.000000,18.000000,36.000000,23.000000,5.200000,97.000000,0.000000,0.000000,0.000000,0.000000,0.000000
130.000000,78.000000,7.600000,41.000000,107.000000,3.000000,74.000000,13.000000,3.900000,6.700000,0.000000,0.000000,0.000000,0.000000,0.000000
10.000000,2.400000,15.000000,50.000000,5.900000,35.000000,77.000000,12.000000,42.000000,106.000000,0.000000,0.000000,0.000000,0.000000,0.000000
5.100000,6.800000,6.600000,19.000000,35.000000,3.100000,8.700000,32.000000,14.000000,12.000000,0.000000,0.000000,0.000000,0.000000,0.000000
9.000000,6.100000,14.000000,9.400000,4.300000,9.400000,12.000000,21.000000,45.000000,14.000000,5.600000,0.000000,0.000000,0.000000,0.000000
11.000000,3.500000,23.000000,27.000000,86.000000,14.000000,78.000000,138.000000,21.000000,7.100000,0.000000,0.000000,0.000000,0.000000,0.000000
35.000000,97.000000,3.600000,6.300000,12.000000,4.200000,40.000000,0.000000,0.000000,0.000000,0.000000,0.000000,0.000000,0.000000,0.000000
2.800000,2.700000,14.000000,41.000000,14.000000,78.000000,3.500000,0.000000,0.000000,0.000000,0.000000,0.000000,0.000000,0.000000,0.000000
5.700000,145.000000,22.000000,36.000000,5.600000,47.000000,9.100000,16.000000,6.100000,8.400000,0.000000,0.000000,0.000000,0.000000,0.000000
11.000000,4.600000,10.000000,4.300000,71.000000,4.300000,8.100000,10.000000,14.000000,35.000000,0.000000,0.000000,0.000000,0.000000,0.000000
1.600000,12.000000,18.000000,5.600000,32.000000,35.000000,5.100000,0.000000,0.000000,0.000000,0.000000,0.000000,0.000000,0.000000,0.000000
100.000000,7.400000,30.000000,2.900000,19.000000,7.000000,6.900000,6.600000,35.000000,15.000000,0.000000,0.000000,0.000000,0.000000,0.000000
23.000000,5.500000,18.000000,2.900000,5.200000,2.700000,0.000000,0.000000,0.000000,0.000000,0.000000,0.000000,0.000000,0.000000,0.000000
3.700000,11.000000,12.000000,13.000000,3.500000,22.000000,34.000000,11.000000,6.500000,66.000000,17.000000,0.000000,0.000000,0.000000,0.000000
39.000000,19.000000,10.000000,4.500000,37.000000,33.000000,47.000000,5.900000,16.000000,19.000000,4.400000,104.000000,10.000000,63.000000,0.000000
32.000000,19.000000,18.000000,14.000000,4.400000,13.000000,20.000000,11.000000,4.000000,12.000000,0.000000,0.000000,0.000000,0.000000,0.000000
7.800000,21.000000,7.600000,4.700000,2.100000,9.300000,37.000000,16.000000,0.000000,0.000000,0.000000,0.000000,0.000000,0.000000,0.000000
2.600000,25.000000,20.000000,40.000000,8.300000,27.000000,26.000000,32.000000,7.400000,17.000000,15.000000,17.000000,6.500000,0.000000,0.000000
11.000000,6.600000,3.100000,8.700000,4.900000,8.700000,21.000000,8.100000,40.000000,0.000000,0.000000,0.000000,0.000000,0.000000,0.000000
177.000000,25.000000,80.000000,123.000000,55.000000,79.000000,114.000000,15.000000,140.000000,17.000000,5.100000,1.500000,48.000000,14.000000,0.000000
7.800000,13.000000,4.000000,18.000000,11.000000,4.100000,0.000000,0.000000,0.000000,0.000000,0.000000,0.000000,0.000000,0.000000,0.000000
2.500000,3.900000,25.000000,66.000000,110.000000,16.000000,11.000000,7.800000,45.000000,95.000000,0.000000,0.000000,0.000000,0.000000,0.000000
2.800000,6.100000,11.000000,6.100000,10.000000,87.000000,0.000000,0.000000,0.000000,0.000000,0.000000,0.000000,0.000000,0.000000,0.000000
68.000000,56.000000,6.500000,9.200000,1.800000,10.000000,8.700000,23.000000,62.000000,13.000000,0.000000,0.000000,0.000000,0.000000,0.000000
5.000000,2.300000,18.000000,11.000000,5.000000,11.000000,60.000000,9.300000,0.000000,0.000000,0.000000,0.000000,0.000000,0.000000,0.000000
3.300000,47.000000,2.400000,16.000000,7.300000,27.000000,12.000000,26.000000,90.000000,0.000000,0.000000,0.000000,0.000000,0.000000,0.000000
129.000000,43.000000,7.300000,25.000000,6.500000,7.700000,19.000000,19.000000,3.500000,6.400000,11.000000,0.000000,0.000000,0.000000,0.000000
17.000000,9.700000,17.000000,25.000000,6.500000,17.000000,4.400000,23.000000,4.700000,4.400000,0.000000,0.000000,0.000000,0.000000,0.000000
13.000000,27.000000,3.000000,10.000000,2.000000,11.000000,18.000000,0.000000,0.000000,0.000000,0.000000,0.000000,0.000000,0.000000,0.000000
27.000000,21.000000,2.800000,23.000000,7.100000,70.000000,121.000000,40.000000,21.000000,24.000000,25.000000,0.000000,0.000000,0.000000,0.000000
105.000000,8.000000,3.700000,23.000000,60.000000,63.000000,9.400000,4.900000,0.000000,0.000000,0.000000,0.000000,0.000000,0.000000,0.000000
57.000000,79.000000,55.000000,35.000000,40.000000,5.400000,15.000000,9.100000,26.000000,0.000000,0.000000,0.000000,0.000000,0.000000,0.000000
38.000000,21.000000,5.400000,2.000000,23.000000,66.000000,2.900000,21.000000,0.000000,0.000000,0.000000,0.000000,0.000000,0.000000,0.000000
2.900000,98.000000,98.000000,8.200000,3.100000,10.000000,9.800000,14.000000,21.000000,19.000000,0.000000,0.000000,0.000000,0.000000,0.000000
22.000000,39.000000,7.700000,14.000000,21.000000,3.500000,7.600000,0.000000,0.000000,0.000000,0.000000,0.000000,0.000000,0.000000,0.000000
7.800000,3.200000,12.000000,31.000000,15.000000,4.700000,37.000000,7.100000,18.000000,10.000000,58.000000,25.000000,0.000000,0.000000,0.000000
68.000000,97.000000,2.700000,8.500000,40.000000,174.000000,4.900000,10.000000,152.000000,12.000000,105.000000,169.000000,89.000000,0.000000,0.000000
6.600000,8.200000,7.700000,3.400000,52.000000,11.000000,16.000000,26.000000,4.500000,0.000000,0.000000,0.000000,0.000000,0.000000,0.000000
3.800000,4.900000,18.000000,32.000000,26.000000,7.400000,10.000000,8.400000,4.400000,38.000000,0.000000,0.000000,0.000000,0.000000,0.000000
9.700000,10.000000,20.000000,31.000000,6.600000,5.100000,4.100000,26.000000,17.000000,6.200000,0.000000,0.000000,0.000000,0.000000,0.000000
2.800000,3.000000,16.000000,13.000000,27.000000,23.000000,8.300000,5.700000,0.000000,0.000000,0.000000,0.000000,0.000000,0.000000,0.000000
11.000000,8.800000,24.000000,6.000000,2.850000,21.000000,4.600000,64.000000,155.000000,151.000000,19.000000,11.000000,309.000000,68.000000,0.000000
159.000000,149.000000,48.000000,82.000000,51.000000,46.000000,33.000000,7.100000,4.700000,19.000000,56.000000,197.000000,31.000000,2.600000,0.000000
10.000000,18.000000,2.700000,5.100000,4.900000,4.100000,31.000000,0.000000,0.000000,0.000000,0.000000,0.000000,0.000000,0.000000,0.000000
17.000000,2.700000,5.500000,10.000000,34.000000,7.800000,12.000000,0.000000,0.000000,0.000000,0.000000,0.000000,0.000000,0.000000,0.000000
78.000000,3.800000,12.000000,17.000000,10.000000,229.000000,25.000000,2.700000,204.000000,32.000000,0.000000,0.000000,0.000000,0.000000,0.000000
10.000000,33.000000,9.400000,4.400000,11.000000,12.000000,32.000000,14.000000,4.500000,0.000000,0.000000,0.000000,0.000000,0.000000,0.000000
42.000000,2.200000,74.000000,21.000000,12.000000,38.000000,34.000000,143.000000,18.000000,8.900000,0.000000,0.000000,0.000000,0.000000,0.000000
29.000000,8.500000,18.000000,4.400000,7.900000,36.000000,15.000000,5.400000,6.200000,0.000000,0.000000,0.000000,0.000000,0.000000,0.000000
7.000000,5.900000,13.000000,31.000000,4.300000,88.000000,13.000000,36.000000,23.000000,6.600000,65.000000,7.400000,19.000000,50.000000,0.000000
48.000000,22.000000,11.000000,1.900000,6.600000,0.000000,0.000000,0.000000,0.000000,0.000000,0.000000,0.000000,0.000000,0.000000,0.000000
1.100000,9.500000,20.000000,16.000000,7.700000,0.000000,0.000000,0.000000,0.000000,0.000000,0.000000,0.000000,0.000000,0.000000,0.000000
10.000000,29.000000,59.000000,4.900000,20.000000,1.600000,0.000000,0.000000,0.000000,0.000000,0.000000,0.000000,0.000000,0.000000,0.000000
13.000000,9.500000,7.400000,6.300000,34.000000,5.000000,4.300000,4.200000,0.000000,0.000000,0.000000,0.000000,0.000000,0.000000,0.000000
8.300000,8.600000,10.000000,44.000000,2.800000,9.000000,6.000000,10.000000,9.400000,0.000000,0.000000,0.000000,0.000000,0.000000,0.000000
5.700000,21.000000,1.500000,75.000000,49.000000,0.000000,0.000000,0.000000,0.000000,0.000000,0.000000,0.000000,0.000000,0.000000,0.000000
23.000000,47.000000,6.400000,14.000000,13.000000,6.800000,12.000000,5.100000,12.000000,40.000000,41.000000,4.300000,51.000000,62.000000,0.000000
4.800000,44.000000,5.800000,3.300000,30.000000,9.200000,24.000000,13.000000,16.000000,0.000000,0.000000,0.000000,0.000000,0.000000,0.000000
3.700000,6.000000,10.000000,10.000000,8.900000,10.000000,5.300000,146.000000,18.000000,25.000000,58.000000,84.000000,28.000000,0.000000,0.000000
2.600000,4.800000,26.000000,4.100000,13.000000,12.000000,17.000000,0.000000,0.000000,0.000000,0.000000,0.000000,0.000000,0.000000,0.000000
5.700000,10.000000,51.000000,31.000000,18.000000,16.000000,58.000000,3.400000,0.000000,0.000000,0.000000,0.000000,0.000000,0.000000,0.000000
48.000000,10.000000,72.000000,31.000000,3.900000,2.100000,12.000000,8.100000,12.000000,0.000000,0.000000,0.000000,0.000000,0.000000,0.000000
13.000000,6.400000,104.000000,11.000000,49.000000,31.000000,4.900000,3.900000,18.000000,6.300000,0.000000,0.000000,0.000000,0.000000,0.000000
38.000000,41.000000,55.000000,5.400000,38.000000,15.000000,13.000000,0.000000,0.000000,0.000000,0.000000,0.000000,0.000000,0.000000,0.000000
6.500000,22.000000,4.500000,5.800000,1.800000,20.000000,0.000000,0.000000,0.000000,0.000000,0.000000,0.000000,0.000000,0.000000,0.000000
2.700000,90.000000,3.500000,27.000000,6.300000,10.000000,32.000000,48.000000,33.000000,30.000000,0.000000,0.000000,0.000000,0.000000,0.000000
209.000000,15.000000,88.000000,12.000000,161.000000,21.000000,8.600000,15.000000,2.300000,219.000000,29.000000,5.800000,13.000000,0.000000,0.000000
77.000000,14.000000,11.000000,93.000000,24.000000,38.000000,40.000000,102.000000,14.000000,0.000000,0.000000,0.000000,0.000000,0.000000,0.000000
24.000000,159.000000,278.000000,3.600000,50.000000,28.000000,6.100000,10.000000,10.000000,0.000000,0.000000,0.000000,0.000000,0.000000,0.000000
9.500000,3.400000,55.000000,23.000000,10.000000,17.000000,122.000000,43.000000,13.000000,23.000000,0.000000,0.000000,0.000000,0.000000,0.000000
61.000000,42.000000,32.000000,13.000000,6.400000,11.000000,8.400000,17.000000,2.600000,52.000000,20.000000,25.000000,7.100000,0.000000,0.000000
67.000000,62.000000,32.000000,5.000000,46.000000,42.000000,76.000000,105.000000,8.700000,11.000000,23.000000,0.000000,0.000000,0.000000,0.000000
11.000000,3.300000,68.000000,7.400000,42.000000,6.000000,9.100000,80.000000,37.000000,108.000000,13.000000,4.700000,0.000000,0.000000,0.000000
5.800000,14.000000,68.000000,27.000000,24.000000,18.000000,2.400000,0.000000,0.000000,0.000000,0.000000,0.000000,0.000000,0.000000,0.000000
6.200000,4.700000,8.800000,33.000000,33.000000,8.800000,2.200000,17.000000,67.000000,0.000000,0.000000,0.000000,0.000000,0.000000,0.000000
6.500000,7.500000,1.700000,3.200000,0.000000,0.000000,0.000000,0.000000,0.000000,0.000000,0.000000,0.000000,0.000000,0.000000,0.000000
111.000000,63.000000,2.100000,16.000000,49.000000,6.300000,170.000000,4.500000,20.000000,107.000000,156.000000,118.000000,18.000000,0.000000,0.000000
8.300000,35.000000,86.000000,8.900000,125.000000,8.500000,20.000000,0.000000,0.000000,0.000000,0.000000,0.000000,0.000000,0.000000,0.000000
20.000000,36.000000,16.000000,7.500000,2.000000,3.300000,0.000000,0.000000,0.000000,0.000000,0.000000,0.000000,0.000000,0.000000,0.000000
8.600000,19.000000,3.500000,3.300000,3.500000,10.000000,18.000000,0.000000,0.000000,0.000000,0.000000,0.000000,0.000000,0.000000,0.000000
60.000000,4.500000,17.000000,27.000000,17.000000,36.000000,51.000000,3.500000,7.400000,8.500000,0.000000,0.000000,0.000000,0.000000,0.000000
139.000000,95.000000,30.000000,5.700000,5.500000,62.000000,30.000000,14.000000,2.500000,0.000000,0.000000,0.000000,0.000000,0.000000,0.000000
6.800000,4.900000,70.000000,7.100000,18.000000,5.100000,10.000000,10.000000,12.000000,7.700000,38.000000,0.000000,0.000000,0.000000,0.000000
31.000000,67.000000,15.000000,30.000000,23.000000,9.800000,9.800000,7.100000,6.900000,9.000000,7.900000,27.000000,11.000000,24.000000,0.000000
171.000000,62.000000,7.900000,70.000000,72.000000,37.000000,147.000000,4.100000,11.000000,18.000000,11.000000,34.000000,2.700000,0.000000,0.000000
19.000000,127.000000,12.000000,2.500000,25.000000,152.000000,4.500000,15.000000,133.000000,0.000000,0.000000,0.000000,0.000000,0.000000,0.000000
52.000000,5.000000,15.000000,27.000000,34.000000,1.300000,0.000000,0.000000,0.000000,0.000000,0.000000,0.000000,0.000000,0.000000,0.000000
2.400000,9.600000,74.000000,22.000000,6.200000,2.600000,0.000000,0.000000,0.000000,0.000000,0.000000,0.000000,0.000000,0.000000,0.000000
20.000000,174.000000,5.700000,3.200000,4.300000,23.000000,20.000000,156.000000,159.000000,6.500000,18.000000,31.000000,0.000000,0.000000,0.000000
24.000000,13.000000,5.200000,3.800000,9.500000,20.000000,5.500000,0.000000,0.000000,0.000000,0.000000,0.000000,0.000000,0.000000,0.000000
67.000000,77.000000,12.000000,103.000000,3.300000,79.000000,237.000000,5.500000,14.000000,13.000000,34.000000,6.900000,9.400000,11.000000,0.000000
216.000000,8.100000,47.000000,23.000000,39.000000,9.900000,213.000000,2.100000,167.000000,11.000000,11.000000,8.800000,20.000000,37.000000,0.000000
118.000000,32.000000,14.000000,4.500000,12.000000,6.400000,2.600000,15.000000,54.000000,7.800000,135.000000,40.000000,0.000000,0.000000,0.000000
52.000000,41.000000,46.000000,25.000000,4.200000,7.900000,10.000000,3.700000,7.100000,15.000000,86.000000,0.000000,0.000000,0.000000,0.000000
2.100000,6.900000,9.200000,9.200000,30.000000,24.000000,30.000000,40.000000,10.000000,28.000000,121.000000,13.000000,119.000000,0.000000,0.000000
2.200000,44.000000,32.000000,21.000000,21.000000,3.900000,34.000000,8.400000,32.000000,0.000000,0.000000,0.000000,0.000000,0.000000,0.000000
5.300000,4.200000,10.000000,2.100000,71.000000,9.700000,0.000000,0.000000,0.000000,0.000000,0.000000,0.000000,0.000000,0.000000,0.000000
3.300000,3.700000,7.900000,7.000000,6.300000,14.000000,8.900000,0.000000,0.000000,0.000000,0.000000,0.000000,0.000000,0.000000,0.000000
44.000000,112.000000,14.000000,6.400000,17.000000,22.000000,20.000000,4.000000,2.100000,0.000000,0.000000,0.000000,0.000000,0.000000,0.000000
48.000000,110.000000,29.000000,4.300000,21.000000,7.900000,17.000000,1.500000,0.000000,0.000000,0.000000,0.000000,0.000000,0.000000,0.000000
140.000000,72.000000,6.700000,66.000000,20.000000,25.000000,7.700000,25.000000,21.000000,3.500000,3.100000,0.000000,0.000000,0.000000,0.000000
15.000000,30.000000,22.000000,9.000000,4.300000,27.000000,4.200000,25.000000,6.300000,30.000000,32.000000,0.000000,0.000000,0.000000,0.000000
1.400000,12.000000,16.000000,28.000000,22.000000,40.000000,3.800000,0.000000,0.000000,0.000000,0.000000,0.000000,0.000000,0.000000,0.000000
171.000000,3.200000,6.400000,11.000000,26.000000,1.900000,28.000000,0.000000,0.000000,0.000000,0.000000,0.000000,0.000000,0.000000,0.000000
123.000000,4.100000,91.000000,21.000000,111.000000,2.100000,25.000000,5.000000,14.000000,43.000000,50.000000,19.000000,0.000000,0.000000,0.000000
68.000000,22.000000,10.000000,18.000000,4.500000,11.000000,24.000000,8.200000,7.600000,34.000000,44.000000,24.000000,11.000000,0.000000,0.000000
3.600000,7.500000,14.000000,8.600000,22.000000,4.600000,23.000000,12.000000,80.000000,31.000000,62.000000,14.000000,0.000000,0.000000,0.000000
62.000000,63.000000,10.000000,4.000000,16.000000,82.000000,44.000000,53.000000,2.500000,8.300000,6.200000,0.000000,0.000000,0.000000,0.000000
72.000000,72.000000,30.000000,12.000000,17.000000,11.000000,60.000000,28.000000,17.000000,7.500000,2.700000,0.000000,0.000000,0.000000,0.000000
77.000000,7.700000,28.000000,30.000000,8.300000,4.200000,8.500000,11.000000,3.300000,14.000000,0.000000,0.000000,0.000000,0.000000,0.000000
12.000000,15.000000,7.800000,1.600000,16.000000,22.000000,17.000000,23.000000,15.000000,0.000000,0.000000,0.000000,0.000000,0.000000,0.000000
218.000000,19.000000,4.500000,25.000000,15.000000,6.100000,7.000000,87.000000,4.600000,218.000000,0.000000,0.000000,0.000000,0.000000,0.000000
2.900000,17.000000,70.000000,9.500000,11.000000,4.000000,83.000000,52.000000,0.000000,0.000000,0.000000,0.000000,0.000000,0.000000,0.000000
85.000000,5.200000,3.400000,12.000000,11.000000,3.700000,35.000000,29.000000,39.000000,16.000000,0.000000,0.000000,0.000000,0.000000,0.000000
49.000000,7.200000,18.000000,5.900000,10.000000,19.000000,9.400000,34.000000,0.000000,0.000000,0.000000,0.000000,0.000000,0.000000,0.000000
31.000000,3.500000,58.000000,3.400000,6.300000,59.000000,6.600000,167.000000,26.000000,104.000000,0.000000,0.000000,0.000000,0.000000,0.000000
53.000000,13.000000,20.000000,7.800000,7.900000,21.000000,8.400000,39.000000,13.000000,4.700000,5.500000,16.000000,36.000000,36.000000,0.000000
9.800000,4.200000,2.600000,3.600000,9.300000,0.000000,0.000000,0.000000,0.000000,0.000000,0.000000,0.000000,0.000000,0.000000,0.000000
3.300000,2.000000,8.800000,7.200000,7.200000,0.000000,0.000000,0.000000,0.000000,0.000000,0.000000,0.000000,0.000000,0.000000,0.000000
7.000000,4.400000,11.000000,12.000000,19.000000,10.000000,22.000000,46.000000,27.000000,38.000000,3.400000,12.000000,0.000000,0.000000,0.000000
3.300000,22.000000,1.700000,13.000000,5.300000,0.000000,0.000000,0.000000,0.000000,0.000000,0.000000,0.000000,0.000000,0.000000,0.000000
3.400000,4.400000,15.000000,20.000000,9.700000,7.400000,0.000000,0.000000,0.000000,0.000000,0.000000,0.000000,0.000000,0.000000,0.000000
39.000000,11.000000,7.000000,14.000000,20.000000,33.000000,12.000000,16.000000,7.600000,12.000000,10.000000,22.000000,8.900000,5.400000,0.000000
14.000000,8.400000,101.000000,12.000000,1.600000,8.400000,50.000000,52.000000,25.000000,12.000000,58.000000,0.000000,0.000000,0.000000,0.000000
10.000000,151.000000,14.000000,50.000000,2.300000,104.000000,13.000000,6.800000,180.000000,3.800000,15.000000,0.000000,0.000000,0.000000,0.000000
21.000000,13.000000,2.100000,18.000000,14.000000,5.450000,7.750000,53.000000,6.550000,0.000000,0.000000,0.000000,0.000000,0.000000,0.000000
24.000000,4.800000,9.800000,18.000000,58.000000,4.400000,151.000000,7.700000,0.000000,0.000000,0.000000,0.000000,0.000000,0.000000,0.000000
59.000000,49.000000,11.000000,7.000000,6.600000,45.000000,2.700000,71.000000,10.000000,17.000000,30.000000,8.600000,19.000000,0.000000,0.000000
62.000000,3.000000,43.000000,5.400000,23.000000,0.000000,0.000000,0.000000,0.000000,0.000000,0.000000,0.000000,0.000000,0.000000,0.000000
94.000000,18.000000,9.500000,67.000000,107.000000,18.000000,6.600000,22.000000,2.700000,0.000000,0.000000,0.000000,0.000000,0.000000,0.000000
46.000000,9.600000,12.000000,17.000000,7.300000,7.900000,36.000000,79.000000,33.000000,45.000000,0.000000,0.000000,0.000000,0.000000,0.000000
3.800000,19.000000,4.000000,33.000000,5.200000,14.000000,11.000000,30.000000,0.000000,0.000000,0.000000,0.000000,0.000000,0.000000,0.000000
14.000000,31.000000,31.000000,4.400000,9.300000,2.300000,3.500000,0.000000,0.000000,0.000000,0.000000,0.000000,0.000000,0.000000,0.000000
65.000000,36.000000,15.000000,14.000000,47.000000,19.000000,20.000000,36.000000,0.000000,0.000000,0.000000,0.000000,0.000000,0.000000,0.000000
108.000000,7.200000,29.000000,54.000000,28.000000,9.400000,3.500000,4.200000,5.200000,10.000000,0.000000,0.000000,0.000000,0.000000,0.000000
24.000000,15.000000,28.000000,5.700000,7.100000,7.100000,5.800000,3.300000,0.000000,0.000000,0.000000,0.000000,0.000000,0.000000,0.000000
3.700000,6.400000,9.100000,20.000000,21.000000,27.000000,2.700000,7.400000,76.000000,71.000000,0.000000,0.000000,0.000000,0.000000,0.000000
71.000000,21.000000,10.000000,5.600000,5.000000,43.000000,3.600000,45.000000,27.000000,32.000000,73.000000,3.600000,0.000000,0.000000,0.000000
21.000000,4.400000,21.000000,10.000000,37.000000,1.600000,7.800000,0.000000,0.000000,0.000000,0.000000,0.000000,0.000000,0.000000,0.000000
16.000000,15.000000,7.100000,1.850000,30.000000,70.000000,30.000000,11.000000,15.000000,5.950000,0.000000,0.000000,0.000000,0.000000,0.000000
4.500000,7.400000,16.000000,53.000000,2.400000,7.500000,18.000000,0.000000,0.000000,0.000000,0.000000,0.000000,0.000000,0.000000,0.000000
2.700000,13.000000,8.100000,2.300000,5.100000,0.000000,0.000000,0.000000,0.000000,0.000000,0.000000,0.000000,0.000000,0.000000,0.000000
21.000000,143.000000,26.000000,37.000000,57.000000,20.000000,7.500000,5.200000,11.000000,12.000000,3.400000,28.000000,0.000000,0.000000,0.000000
16.000000,6.700000,11.000000,17.000000,11.000000,19.000000,25.000000,24.000000,4.100000,14.000000,28.000000,0.000000,0.000000,0.000000,0.000000
77.000000,34.000000,20.000000,4.100000,25.000000,4.300000,8.500000,104.000000,8.900000,11.000000,4.200000,44.000000,0.000000,0.000000,0.000000
26.000000,7.800000,85.000000,12.000000,3.700000,10.000000,14.000000,103.000000,0.000000,0.000000,0.000000,0.000000,0.000000,0.000000,0.000000
26.000000,30.000000,1.600000,3.200000,0.000000,0.000000,0.000000,0.000000,0.000000,0.000000,0.000000,0.000000,0.000000,0.000000,0.000000
4.500000,4.300000,11.000000,3.400000,110.000000,20.000000,86.000000,120.000000,0.000000,0.000000,0.000000,0.000000,0.000000,0.000000,0.000000
3.600000,55.000000,9.800000,22.000000,37.000000,0.000000,0.000000,0.000000,0.000000,0.000000,0.000000,0.000000,0.000000,0.000000,0.000000
9.000000,297.000000,28.000000,3.800000,8.600000,22.000000,11.000000,33.000000,21.000000,42.000000,13.000000,0.000000,0.000000,0.000000,0.000000
69.000000,11.000000,3.300000,9.600000,14.000000,2.900000,8.400000,0.000000,0.000000,0.000000,0.000000,0.000000,0.000000,0.000000,0.000000
8.600000,12.000000,17.000000,5.200000,9.000000,6.200000,2.300000,76.000000,107.000000,0.000000,0.000000,0.000000,0.000000,0.000000,0.000000
22.000000,4.000000,22.000000,125.000000,6.700000,2.400000,3.600000,0.000000,0.000000,0.000000,0.000000,0.000000,0.000000,0.000000,0.000000
33.000000,24.000000,11.000000,17.000000,2.500000,150.000000,154.000000,10.000000,7.600000,0.000000,0.000000,0.000000,0.000000,0.000000,0.000000
5.300000,13.000000,14.000000,21.000000,45.000000,5.500000,36.000000,26.000000,4.900000,15.000000,7.800000,34.000000,55.000000,10.000000,0.000000
2.700000,17.000000,2.400000,5.100000,8.800000,27.000000,0.000000,0.000000,0.000000,0.000000,0.000000,0.000000,0.000000,0.000000,0.000000
16.000000,2.300000,70.000000,10.000000,23.000000,99.000000,2.600000,35.000000,63.000000,0.000000,0.000000,0.000000,0.000000,0.000000,0.000000
199.000000,12.000000,2.700000,109.000000,99.000000,85.000000,175.000000,7.600000,8.900000,8.200000,0.000000,0.000000,0.000000,0.000000,0.000000
25.000000,7.900000,6.800000,7.200000,96.000000,18.000000,2.400000,9.600000,46.000000,8.600000,90.000000,0.000000,0.000000,0.000000,0.000000
27.000000,195.000000,19.000000,76.000000,3.900000,2.900000,103.000000,175.000000,116.000000,83.000000,25.000000,4.800000,6.800000,0.000000,0.000000
16.000000,97.000000,18.000000,24.000000,59.000000,11.000000,102.000000,14.000000,23.000000,11.000000,126.000000,0.000000,0.000000,0.000000,0.000000
42.000000,13.000000,8.200000,40.000000,29.000000,6.700000,8.500000,6.100000,13.000000,0.000000,0.000000,0.000000,0.000000,0.000000,0.000000
16.000000,11.000000,26.000000,7.600000,8.200000,11.000000,17.000000,24.000000,22.000000,8.900000,17.000000,3.400000,22.000000,0.000000,0.000000
28.000000,9.600000,32.000000,6.600000,4.300000,20.000000,2.400000,20.000000,7.500000,0.000000,0.000000,0.000000,0.000000,0.000000,0.000000
11.000000,4.000000,9.800000,12.000000,5.400000,19.000000,16.000000,16.000000,4.400000,12.000000,0.000000,0.000000,0.000000,0.000000,0.000000
5.500000,10.000000,39.000000,10.000000,35.000000,5.200000,9.200000,19.000000,15.000000,12.000000,17.000000,32.000000,7.200000,28.000000,0.000000
5.300000,41.000000,17.000000,9.200000,10.000000,25.000000,144.000000,5.400000,157.000000,3.600000,35.000000,20.000000,15.000000,0.000000,0.000000
15.000000,17.000000,34.000000,22.000000,3.700000,31.000000,4.600000,46.000000,32.000000,5.700000,0.000000,0.000000,0.000000,0.000000,0.000000
31.000000,74.000000,20.000000,8.400000,10.000000,15.000000,45.000000,0.000000,0.000000,0.000000,0.000000,0.000000,0.000000,0.000000,0.000000
15.000000,206.000000,18.000000,25.000000,2.200000,14.000000,13.000000,7.000000,6.100000,43.000000,36.000000,80.000000,27.000000,25.000000,0.000000
13.000000,9.400000,3.200000,5.500000,10.000000,4.600000,73.000000,117.000000,105.000000,0.000000,0.000000,0.000000,0.000000,0.000000,0.000000
10.000000,2.000000,18.000000,5.900000,2.600000,0.000000,0.000000,0.000000,0.000000,0.000000,0.000000,0.000000,0.000000,0.000000,0.000000
35.000000,2.100000,3.700000,55.000000,39.000000,92.000000,4.700000,0.000000,0.000000,0.000000,0.000000,0.000000,0.000000,0.000000,0.000000
2.400000,33.000000,10.000000,14.000000,103.000000,15.000000,64.000000,15.000000,35.000000,3.250000,137.000000,18.000000,165.000000,25.000000,0.000000
34.000000,19.000000,11.000000,2.700000,4.300000,24.000000,20.000000,22.000000,13.000000,17.000000,9.700000,0.000000,0.000000,0.000000,0.000000
20.000000,47.000000,9.400000,8.900000,12.000000,6.600000,8.700000,47.000000,7.700000,20.000000,0.000000,0.000000,0.000000,0.000000,0.000000
4.500000,36.000000,10.000000,5.200000,3.200000,4.200000,10.000000,86.000000,0.000000,0.000000,0.000000,0.000000,0.000000,0.000000,0.000000
16.000000,180.000000,12.000000,8.500000,3.800000,26.000000,251.000000,195.000000,141.000000,2.800000,8.200000,0.000000,0.000000,0.000000,0.000000
125.000000,38.000000,57.000000,45.000000,7.000000,5.300000,8.200000,2.200000,197.000000,12.000000,101.000000,237.000000,68.000000,0.000000,0.000000
15.000000,66.000000,92.000000,10.000000,49.000000,7.500000,74.000000,9.600000,27.000000,13.000000,11.000000,2.700000,0.000000,0.000000,0.000000
6.300000,67.000000,17.000000,1.300000,11.000000,26.000000,17.000000,64.000000,0.000000,0.000000,0.000000,0.000000,0.000000,0.000000,0.000000
38.000000,3.000000,63.000000,3.100000,4.200000,7.000000,27.000000,35.000000,20.000000,0.000000,0.000000,0.000000,0.000000,0.000000,0.000000
99.000000,2.500000,2.300000,50.000000,11.000000,89.000000,29.000000,10.000000,44.000000,111.000000,19.000000,124.000000,85.000000,0.000000,0.000000
18.000000,37.000000,32.000000,2.200000,29.000000,12.000000,2.900000,0.000000,0.000000,0.000000,0.000000,0.000000,0.000000,0.000000,0.000000
43.000000,4.000000,2.700000,8.900000,18.000000,196.000000,5.100000,81.000000,129.000000,0.000000,0.000000,0.000000,0.000000,0.000000,0.000000
40.000000,7.400000,7.000000,30.000000,12.000000,24.000000,122.000000,5.300000,122.000000,15.000000,5.700000,16.000000,0.000000,0.000000,0.000000
11.000000,22.000000,9.600000,3.100000,13.000000,17.000000,24.000000,0.000000,0.000000,0.000000,0.000000,0.000000,0.000000,0.000000,0.000000
17.000000,29.000000,18.000000,60.000000,1.700000,4.000000,6.500000,0.000000,0.000000,0.000000,0.000000,0.000000,0.000000,0.000000,0.000000
31.000000,8.100000,2.500000,17.000000,7.000000,12.000000,7.000000,14.000000,10.000000,28.000000,0.000000,0.000000,0.000000,0.000000,0.000000
18.000000,46.000000,30.000000,87.000000,16.000000,13.000000,10.000000,9.400000,3.700000,20.000000,18.000000,19.000000,10.000000,4.900000,0.000000
7.300000,1.800000,8.900000,4.500000,24.000000,7.600000,0.000000,0.000000,0.000000,0.000000,0.000000,0.000000,0.000000,0.000000,0.000000
24.000000,13.000000,4.800000,39.000000,6.800000,83.000000,22.000000,14.000000,16.000000,3.300000,10.000000,40.000000,14.000000,66.000000,0.000000
29.000000,11.000000,5.300000,9.100000,7.100000,24.000000,10.000000,7.400000,30.000000,13.000000,5.400000,45.000000,36.000000,0.000000,0.000000
4.800000,2.600000,26.000000,14.000000,9.600000,34.000000,26.000000,4.200000,14.000000,0.000000,0.000000,0.000000,0.000000,0.000000,0.000000
11.000000,33.000000,111.000000,8.600000,3.400000,28.000000,7.900000,36.000000,45.000000,39.000000,6.300000,84.000000,94.000000,0.000000,0.000000
4.100000,6.300000,2.100000,5.000000,23.000000,24.000000,30.000000,0.000000,0.000000,0.000000,0.000000,0.000000,0.000000,0.000000,0.000000
112.000000,6.300000,15.000000,15.000000,3.400000,58.000000,3.700000,27.000000,20.000000,0.000000,0.000000,0.000000,0.000000,0.000000,0.000000
5.200000,1.800000,33.000000,9.400000,39.000000,27.000000,9.600000,25.000000,24.000000,0.000000,0.000000,0.000000,0.000000,0.000000,0.000000
5.500000,18.000000,9.700000,4.800000,7.800000,21.000000,4.900000,5.400000,29.000000,108.000000,46.000000,80.000000,0.000000,0.000000,0.000000
7.100000,47.000000,2.500000,11.000000,4.100000,70.000000,85.000000,55.000000,63.000000,0.000000,0.000000,0.000000,0.000000,0.000000,0.000000
2.100000,6.600000,16.000000,118.000000,7.000000,141.000000,33.000000,4.000000,44.000000,0.000000,0.000000,0.000000,0.000000,0.000000,0.000000
2.100000,9.500000,16.000000,15.000000,6.200000,34.000000,13.000000,4.300000,0.000000,0.000000,0.000000,0.000000,0.000000,0.000000,0.000000
32.000000,3.100000,42.000000,14.000000,7.800000,3.400000,5.900000,41.000000,45.000000,45.000000,13.000000,0.000000,0.000000,0.000000,0.000000
65.000000,14.000000,12.000000,28.000000,33.000000,11.000000,19.000000,16.000000,7.800000,4.100000,23.000000,0.000000,0.000000,0.000000,0.000000
29.000000,7.800000,4.700000,2.600000,26.000000,11.000000,4.400000,28.000000,0.000000,0.000000,0.000000,0.000000,0.000000,0.000000,0.000000
3.000000,10.000000,3.800000,11.000000,4.000000,24.000000,8.000000,0.000000,0.000000,0.000000,0.000000,0.000000,0.000000,0.000000,0.000000
70.000000,23.000000,10.000000,21.000000,3.100000,8.200000,1.900000,0.000000,0.000000,0.000000,0.000000,0.000000,0.000000,0.000000,0.000000
23.000000,6.000000,2.100000,50.000000,32.000000,86.000000,64.000000,13.000000,26.000000,0.000000,0.000000,0.000000,0.000000,0.000000,0.000000
44.000000,10.000000,5.700000,3.900000,19.000000,16.000000,31.000000,16.000000,6.500000,40.000000,6.000000,63.000000,18.000000,0.000000,0.000000
17.000000,78.000000,53.000000,6.100000,20.000000,6.100000,7.200000,146.000000,17.000000,5.900000,7.700000,10.000000,0.000000,0.000000,0.000000
4.000000,7.400000,6.200000,6.200000,6.600000,9.700000,6.600000,0.000000,0.000000,0.000000,0.000000,0.000000,0.000000,0.000000,0.000000
79.000000,3.400000,12.000000,128.000000,25.000000,17.000000,16.000000,2.100000,15.000000,17.000000,0.000000,0.000000,0.000000,0.000000,0.000000
24.000000,46.000000,14.000000,21.000000,2.300000,4.000000,40.000000,12.000000,8.800000,18.000000,40.000000,42.000000,0.000000,0.000000,0.000000
20.000000,15.000000,9.600000,10.000000,5.000000,1.900000,6.800000,0.000000,0.000000,0.000000,0.000000,0.000000,0.000000,0.000000,0.000000
44.000000,3.400000,60.000000,10.000000,17.000000,9.800000,4.600000,17.000000,16.000000,56.000000,33.000000,83.000000,5.100000,85.000000,0.000000
108.000000,13.000000,7.300000,58.000000,10.000000,10.000000,7.400000,85.000000,11.000000,124.000000,54.000000,17.000000,0.000000,0.000000,0.000000
7.700000,3.300000,6.000000,16.000000,20.000000,10.000000,9.800000,25.000000,25.000000,5.000000,0.000000,0.000000,0.000000,0.000000,0.000000
5.200000,1.300000,6.700000,20.000000,13.000000,0.000000,0.000000,0.000000,0.000000,0.000000,0.000000,0.000000,0.000000,0.000000,0.000000
3.800000,49.000000,8.200000,5.900000,9.500000,66.000000,5.800000,16.000000,13.000000,5.700000,0.000000,0.000000,0.000000,0.000000,0.000000
65.000000,147.000000,15.000000,4.900000,10.000000,1.400000,0.000000,0.000000,0.000000,0.000000,0.000000,0.000000,0.000000,0.000000,0.000000
23.000000,53.000000,6.500000,1.700000,60.000000,7.400000,0.000000,0.000000,0.000000,0.000000,0.000000,0.000000,0.000000,0.000000,0.000000
5.000000,40.000000,9.500000,4.500000,6.700000,17.000000,9.600000,3.900000,14.000000,0.000000,0.000000,0.000000,0.000000,0.000000,0.000000
6.000000,6.600000,1.500000,36.000000,6.800000,36.000000,0.000000,0.000000,0.000000,0.000000,0.000000,0.000000,0.000000,0.000000,0.000000
1.050000,31.000000,6.450000,27.000000,62.000000,78.000000,50.000000,0.000000,0.000000,0.000000,0.000000,0.000000,0.000000,0.000000,0.000000
10.000000,14.000000,4.400000,6.900000,1.500000,0.000000,0.000000,0.000000,0.000000,0.000000,0.000000,0.000000,0.000000,0.000000,0.000000
4.300000,4.900000,3.600000,25.000000,42.000000,7.200000,12.000000,16.000000,0.000000,0.000000,0.000000,0.000000,0.000000,0.000000,0.000000
7.400000,2.800000,8.200000,27.000000,52.000000,25.000000,69.000000,137.000000,100.000000,11.000000,192.000000,57.000000,4.800000,0.000000,0.000000
1.200000,10.000000,26.000000,7.300000,8.300000,0.000000,0.000000,0.000000,0.000000,0.000000,0.000000,0.000000,0.000000,0.000000,0.000000
5.400000,35.000000,1.800000,29.000000,8.900000,4.400000,22.000000,0.000000,0.000000,0.000000,0.000000,0.000000,0.000000,0.000000,0.000000
9.800000,3.500000,8.300000,7.000000,32.000000,24.000000,10.000000,4.400000,6.900000,0.000000,0.000000,0.000000,0.000000,0.000000,0.000000
19.000000,53.000000,3.900000,17.000000,3.500000,111.000000,9.500000,19.000000,16.000000,4.500000,0.000000,0.000000,0.000000,0.000000,0.000000
36.000000,13.000000,2.700000,11.000000,3.400000,8.500000,11.000000,28.000000,13.000000,66.000000,0.000000,0.000000,0.000000,0.000000,0.000000
18.000000,111.000000,7.100000,23.000000,6.000000,15.000000,130.000000,111.000000,3.300000,6.100000,129.000000,6.300000,0.000000,0.000000,0.000000
2.800000,15.000000,57.000000,45.000000,4.300000,23.000000,40.000000,21.000000,9.500000,22.000000,71.000000,4.600000,0.000000,0.000000,0.000000
19.000000,18.000000,5.100000,3.400000,5.800000,10.000000,152.000000,26.000000,8.000000,7.100000,0.000000,0.000000,0.000000,0.000000,0.000000
4.300000,47.000000,14.000000,13.000000,24.000000,2.600000,12.000000,0.000000,0.000000,0.000000,0.000000,0.000000,0.000000,0.000000,0.000000
2.000000,6.700000,2.700000,34.000000,38.000000,54.000000,9.900000,0.000000,0.000000,0.000000,0.000000,0.000000,0.000000,0.000000,0.000000
88.000000,23.000000,131.000000,8.900000,21.000000,30.000000,123.000000,10.000000,150.000000,137.000000,18.000000,143.000000,3.000000,0.000000,0.000000
92.000000,7.900000,7.200000,3.100000,5.500000,0.000000,0.000000,0.000000,0.000000,0.000000,0.000000,0.000000,0.000000,0.000000,0.000000
4.300000,59.000000,9.900000,8.200000,33.000000,1.500000,0.000000,0.000000,0.000000,0.000000,0.000000,0.000000,0.000000,0.000000,0.000000
19.000000,53.000000,65.000000,5.400000,3.100000,10.000000,2.100000,30.000000,0.000000,0.000000,0.000000,0.000000,0.000000,0.000000,0.000000
5.000000,2.900000,51.000000,15.000000,47.000000,10.000000,3.300000,9.200000,61.000000,0.000000,0.000000,0.000000,0.000000,0.000000,0.000000
130.000000,6.700000,19.000000,5.500000,54.000000,10.000000,7.200000,28.000000,15.000000,3.500000,0.000000,0.000000,0.000000,0.000000,0.000000
45.000000,231.000000,231.000000,34.000000,4.200000,125.000000,18.000000,34.000000,7.800000,13.000000,11.000000,24.000000,2.300000,61.000000,0.000000
2.300000,30.000000,96.000000,6.300000,9.100000,7.800000,39.000000,41.000000,6.700000,31.000000,0.000000,0.000000,0.000000,0.000000,0.000000
6.900000,8.100000,35.000000,2.600000,19.000000,16.000000,10.000000,47.000000,0.000000,0.000000,0.000000,0.000000,0.000000,0.000000,0.000000
8.200000,2.500000,5.300000,15.000000,4.700000,69.000000,20.000000,24.000000,13.000000,0.000000,0.000000,0.000000,0.000000,0.000000,0.000000
2.800000,9.300000,3.500000,37.000000,25.000000,19.000000,6.700000,11.000000,0.000000,0.000000,0.000000,0.000000,0.000000,0.000000,0.000000
31.000000,68.000000,4.500000,48.000000,2.900000,0.000000,0.000000,0.000000,0.000000,0.000000,0.000000,0.000000,0.000000,0.000000,0.000000
8.200000,9.900000,2.100000,6.400000,0.000000,0.000000,0.000000,0.000000,0.000000,0.000000,0.000000,0.000000,0.000000,0.000000,0.000000
108.000000,56.000000,50.000000,22.000000,1.600000,4.100000,0.000000,0.000000,0.000000,0.000000,0.000000,0.000000,0.000000,0.000000,0.000000
44.000000,208.000000,184.000000,39.000000,24.000000,178.000000,12.000000,12.000000,1.900000,14.000000,192.000000,29.000000,12.000000,24.000000,0.000000
85.000000,14.000000,45.000000,40.000000,6.200000,1.400000,13.000000,6.800000,0.000000,0.000000,0.000000,0.000000,0.000000,0.000000,0.000000
5.100000,10.000000,15.000000,7.900000,10.000000,9.500000,15.000000,28.000000,15.000000,0.000000,0.000000,0.000000,0.000000,0.000000,0.000000
8.100000,8.700000,8.700000,10.000000,50.000000,3.400000,3.600000,26.000000,40.000000,0.000000,0.000000,0.000000,0.000000,0.000000,0.000000
8.000000,17.000000,11.000000,60.000000,40.000000,2.400000,71.000000,11.000000,11.000000,0.000000,0.000000,0.000000,0.000000,0.000000,0.000000
5.600000,122.000000,5.900000,3.800000,12.000000,122.000000,6.800000,6.000000,69.000000,17.000000,0.000000,0.000000,0.000000,0.000000,0.000000
22.000000,14.000000,4.300000,2.400000,9.500000,19.000000,83.000000,167.000000,8.300000,15.000000,167.000000,37.000000,30.000000,0.000000,0.000000
17.000000,18.000000,15.000000,3.800000,33.000000,32.000000,13.000000,31.000000,0.000000,0.000000,0.000000,0.000000,0.000000,0.000000,0.000000
7.000000,15.000000,15.000000,2.000000,14.000000,12.000000,94.000000,19.000000,39.000000,30.000000,18.000000,0.000000,0.000000,0.000000,0.000000
4.600000,6.900000,20.000000,4.200000,13.000000,9.200000,12.000000,3.600000,0.000000,0.000000,0.000000,0.000000,0.000000,0.000000,0.000000
18.000000,26.000000,128.000000,3.300000,84.000000,53.000000,16.000000,17.000000,158.000000,56.000000,125.000000,3.000000,6.700000,8.200000,0.000000
49.000000,50.000000,56.000000,144.000000,63.000000,39.000000,9.400000,26.000000,50.000000,48.000000,3.400000,1.600000,0.000000,0.000000,0.000000
2.500000,15.000000,10.000000,11.000000,11.000000,64.000000,12.000000,8.300000,10.000000,36.000000,13.000000,37.000000,0.000000,0.000000,0.000000
132.000000,53.000000,4.400000,38.000000,14.000000,3.200000,99.000000,20.000000,11.000000,5.600000,137.000000,0.000000,0.000000,0.000000,0.000000
28.000000,6.400000,7.300000,24.000000,18.000000,17.000000,4.000000,9.800000,14.000000,8.800000,20.000000,8.200000,0.000000,0.000000,0.000000
11.000000,6.400000,4.800000,16.000000,52.000000,39.000000,4.400000,40.000000,14.000000,144.000000,0.000000,0.000000,0.000000,0.000000,0.000000
49.000000,5.400000,14.000000,38.000000,8.900000,0.000000,0.000000,0.000000,0.000000,0.000000,0.000000,0.000000,0.000000,0.000000,0.000000
51.000000,36.000000,26.000000,88.000000,18.000000,14.000000,10.000000,44.000000,17.000000,7.000000,14.000000,9.200000,0.000000,0.000000,0.000000
16.000000,18.000000,9.400000,4.800000,47.000000,1.500000,90.000000,52.000000,25.000000,117.000000,0.000000,0.000000,0.000000,0.000000,0.000000
6.900000,7.700000,3.900000,10.000000,9.100000,4.300000,9.700000,241.000000,214.000000,22.000000,0.000000,0.000000,0.000000,0.000000,0.000000
6.700000,7.800000,9.600000,21.000000,6.800000,9.500000,2.700000,31.000000,65.000000,27.000000,0.000000,0.000000,0.000000,0.000000,0.000000
5.800000,21.000000,12.000000,6.000000,11.000000,7.000000,7.700000,24.000000,3.500000,35.000000,0.000000,0.000000,0.000000,0.000000,0.000000
3.800000,2.000000,13.000000,47.000000,15.000000,6.700000,49.000000,0.000000,0.000000,0.000000,0.000000,0.000000,0.000000,0.000000,0.000000
16.000000,32.000000,120.000000,5.000000,26.000000,6.700000,4.500000,0.000000,0.000000,0.000000,0.000000,0.000000,0.000000,0.000000,0.000000
47.000000,20.000000,82.000000,5.300000,63.000000,4.400000,38.000000,32.000000,91.000000,185.000000,121.000000,27.000000,153.000000,151.000000,0.000000
7.700000,2.200000,6.200000,3.400000,10.000000,18.000000,0.000000,0.000000,0.000000,0.000000,0.000000,0.000000,0.000000,0.000000,0.000000
16.000000,32.000000,27.000000,26.000000,8.700000,23.000000,28.000000,19.000000,5.100000,15.000000,24.000000,3.100000,6.500000,0.000000,0.000000
34.000000,40.000000,18.000000,76.000000,5.100000,5.700000,6.400000,6.900000,4.100000,0.000000,0.000000,0.000000,0.000000,0.000000,0.000000
27.000000,16.000000,6.100000,29.000000,29.000000,10.000000,12.000000,6.300000,44.000000,7.800000,0.000000,0.000000,0.000000,0.000000,0.000000
4.300000,8.200000,30.000000,14.000000,14.000000,7.300000,165.000000,16.000000,3.800000,0.000000,0.000000,0.000000,0.000000,0.000000,0.000000
5.800000,3.000000,44.000000,4.300000,22.000000,31.000000,7.300000,14.000000,9.000000,23.000000,0.000000,0.000000,0.000000,0.000000,0.000000
8.500000,13.000000,9.300000,7.300000,3.500000,3.900000,49.000000,41.000000,44.000000,14.000000,14.000000,0.000000,0.000000,0.000000,0.000000
20.000000,13.000000,11.000000,23.000000,13.000000,8.100000,6.000000,6.900000,4.600000,32.000000,0.000000,0.000000,0.000000,0.000000,0.000000
3.800000,12.000000,20.000000,5.100000,40.000000,11.000000,5.000000,4.000000,23.000000,0.000000,0.000000,0.000000,0.000000,0.000000,0.000000
2.400000,7.600000,6.600000,41.000000,40.000000,46.000000,31.000000,0.000000,0.000000,0.000000,0.000000,0.000000,0.000000,0.000000,0.000000
4.400000,39.000000,6.900000,97.000000,72.000000,29.000000,8.200000,13.000000,0.000000,0.000000,0.000000,0.000000,0.000000,0.000000,0.000000
3.800000,7.000000,8.400000,6.000000,14.000000,4.600000,5.900000,58.000000,46.000000,0.000000,0.000000,0.000000,0.000000,0.000000,0.000000
2.900000,43.000000,60.000000,127.000000,74.000000,13.000000,30.000000,6.200000,13.000000,39.000000,45.000000,4.800000,11.000000,0.000000,0.000000
3.600000,11.000000,7.800000,11.000000,5.400000,2.600000,23.000000,0.000000,0.000000,0.000000,0.000000,0.000000,0.000000,0.000000,0.000000
9.300000,2.700000,8.600000,45.000000,9.700000,2.800000,27.000000,12.000000,0.000000,0.000000,0.000000,0.000000,0.000000,0.000000,0.000000
3.300000,164.000000,4.900000,8.900000,24.000000,40.000000,19.000000,18.000000,108.000000,45.000000,17.000000,0.000000,0.000000,0.000000,0.000000
7.800000,24.000000,9.600000,63.000000,82.000000,2.400000,39.000000,2.200000,0.000000,0.000000,0.000000,0.000000,0.000000,0.000000,0.000000
5.100000,25.000000,22.000000,16.000000,40.000000,18.000000,30.000000,1.700000,0.000000,0.000000,0.000000,0.000000,0.000000,0.000000,0.000000
6.200000,17.000000,3.100000,19.000000,187.000000,31.000000,187.000000,41.000000,28.000000,0.000000,0.000000,0.000000,0.000000,0.000000,0.000000
7.800000,1.500000,18.000000,8.600000,10.000000,43.000000,33.000000,0.000000,0.000000,0.000000,0.000000,0.000000,0.000000,0.000000,0.000000
4.700000,7.800000,8.300000,30.000000,17.000000,11.000000,3.600000,3.600000,0.000000,0.000000,0.000000,0.000000,0.000000,0.000000,0.000000
14.000000,89.000000,8.100000,10.000000,4.500000,24.000000,2.800000,63.000000,13.000000,76.000000,17.000000,25.000000,77.000000,22.000000,0.000000
3.000000,6.800000,117.000000,186.000000,6.200000,64.000000,11.000000,0.000000,0.000000,0.000000,0.000000,0.000000,0.000000,0.000000,0.000000
4.600000,5.200000,17.000000,5.800000,16.000000,15.000000,10.000000,0.000000,0.000000,0.000000,0.000000,0.000000,0.000000,0.000000,0.000000
35.000000,20.000000,49.000000,122.000000,154.000000,7.400000,3.400000,8.700000,5.700000,33.000000,0.000000,0.000000,0.000000,0.000000,0.000000
97.000000,7.500000,13.000000,3.600000,5.000000,137.000000,19.000000,167.000000,156.000000,52.000000,0.000000,0.000000,0.000000,0.000000,0.000000
110.000000,16.000000,12.000000,21.000000,48.000000,5.400000,14.000000,7.200000,30.000000,0.000000,0.000000,0.000000,0.000000,0.000000,0.000000
3.800000,4.300000,22.000000,10.000000,57.000000,53.000000,9.100000,0.000000,0.000000,0.000000,0.000000,0.000000,0.000000,0.000000,0.000000
2.300000,28.000000,2.200000,18.000000,7.500000,11.000000,0.000000,0.000000,0.000000,0.000000,0.000000,0.000000,0.000000,0.000000,0.000000
3.000000,53.000000,33.000000,5.000000,75.000000,12.000000,24.000000,6.200000,11.000000,10.000000,54.000000,0.000000,0.000000,0.000000,0.000000
2.500000,5.900000,4.000000,9.100000,37.000000,7.700000,8.900000,0.000000,0.000000,0.000000,0.000000,0.000000,0.000000,0.000000,0.000000
5.400000,4.400000,16.000000,5.400000,9.500000,9.400000,18.000000,5.800000,12.000000,96.000000,0.000000,0.000000,0.000000,0.000000,0.000000
100.000000,58.000000,56.000000,12.000000,101.000000,8.100000,7.700000,26.000000,21.000000,0.000000,0.000000,0.000000,0.000000,0.000000,0.000000
11.000000,30.000000,9.700000,24.000000,13.000000,4.700000,15.000000,6.200000,4.400000,15.000000,11.000000,0.000000,0.000000,0.000000,0.000000
16.000000,9.100000,14.000000,3.500000,49.000000,4.200000,8.500000,15.000000,37.000000,28.000000,18.000000,17.000000,25.000000,0.000000,0.000000
24.000000,24.000000,10.000000,3.800000,10.000000,69.000000,5.400000,10.000000,18.000000,10.000000,9.900000,0.000000,0.000000,0.000000,0.000000
36.000000,5.200000,7.900000,8.100000,47.000000,35.000000,20.000000,11.000000,5.400000,0.000000,0.000000,0.000000,0.000000,0.000000,0.000000
6.800000,20.000000,8.200000,5.600000,29.000000,2.700000,17.000000,38.000000,35.000000,5.700000,0.000000,0.000000,0.000000,0.000000,0.000000
3.000000,23.000000,85.000000,7.800000,14.000000,45.000000,4.200000,10.000000,26.000000,4.900000,0.000000,0.000000,0.000000,0.000000,0.000000
12.000000,5.400000,37.000000,30.000000,12.000000,3.900000,11.000000,32.000000,14.000000,22.000000,22.000000,5.100000,37.000000,59.000000,0.000000
13.000000,29.000000,4.000000,10.000000,4.600000,43.000000,6.600000,2.900000,0.000000,0.000000,0.000000,0.000000,0.000000,0.000000,0.000000
7.900000,14.000000,17.000000,6.900000,13.000000,7.500000,14.000000,37.000000,0.000000,0.000000,0.000000,0.000000,0.000000,0.000000,0.000000
7.900000,11.000000,77.000000,58.000000,3.800000,11.000000,18.000000,47.000000,3.100000,10.000000,15.000000,39.000000,0.000000,0.000000,0.000000
2.700000,4.900000,7.000000,11.000000,20.000000,5.900000,20.000000,9.600000,46.000000,0.000000,0.000000,0.000000,0.000000,0.000000,0.000000
4.000000,35.000000,70.000000,66.000000,27.000000,15.000000,27.000000,2.800000,137.000000,5.900000,0.000000,0.000000,0.000000,0.000000,0.000000
42.000000,14.000000,2.600000,106.000000,67.000000,6.300000,4.400000,138.000000,9.800000,13.000000,78.000000,20.000000,18.000000,0.000000,0.000000
150.000000,191.000000,191.000000,83.000000,11.000000,57.000000,34.000000,134.000000,8.000000,105.000000,86.000000,35.000000,0.000000,0.000000,0.000000
52.000000,50.000000,1.100000,18.000000,57.000000,16.000000,17.000000,31.000000,12.000000,0.000000,0.000000,0.000000,0.000000,0.000000,0.000000
4.100000,10.000000,22.000000,11.000000,3.300000,3.100000,12.000000,0.000000,0.000000,0.000000,0.000000,0.000000,0.000000,0.000000,0.000000
94.000000,105.000000,120.000000,17.000000,19.000000,28.000000,8.100000,1.600000,39.000000,0.000000,0.000000,0.000000,0.000000,0.000000,0.000000
4.100000,38.000000,27.000000,5.700000,41.000000,79.000000,8.900000,0.000000,0.000000,0.000000,0.000000,0.000000,0.000000,0.000000,0.000000
18.000000,11.000000,5.000000,2.000000,7.100000,7.600000,46.000000,18.000000,56.000000,0.000000,0.000000,0.000000,0.000000,0.000000,0.000000
9.200000,5.800000,10.000000,5.400000,69.000000,43.000000,6.700000,49.000000,6.200000,69.000000,5.100000,0.000000,0.000000,0.000000,0.000000
44.000000,1.400000,6.000000,45.000000,56.000000,11.000000,13.000000,17.000000,61.000000,77.000000,78.000000,0.000000,0.000000,0.000000,0.000000
16.000000,47.000000,49.000000,26.000000,8.800000,29.000000,5.400000,68.000000,44.000000,36.000000,22.000000,14.000000,5.300000,2.900000,0.000000
2.700000,50.000000,10.000000,2.800000,24.000000,13.000000,5.900000,16.000000,0.000000,0.000000,0.000000,0.000000,0.000000,0.000000,0.000000
6.800000,30.000000,48.000000,34.000000,7.200000,2.100000,4.500000,31.000000,0.000000,0.000000,0.000000,0.000000,0.000000,0.000000,0.000000
15.000000,14.000000,41.000000,2.900000,4.500000,8.800000,17.000000,24.000000,17.000000,5.100000,0.000000,0.000000,0.000000,0.000000,0.000000
3.800000,42.000000,22.000000,2.200000,14.000000,8.300000,4.900000,47.000000,0.000000,0.000000,0.000000,0.000000,0.000000,0.000000,0.000000
23.000000,138.000000,31.000000,8.100000,5.600000,74.000000,40.000000,3.400000,16.000000,3.100000,0.000000,0.000000,0.000000,0.000000,0.000000
15.000000,3.500000,7.100000,4.400000,26.000000,19.000000,20.000000,5.900000,6.200000,0.000000,0.000000,0.000000,0.000000,0.000000,0.000000
55.000000,12.000000,12.000000,1.800000,12.000000,17.000000,97.000000,32.000000,7.700000,0.000000,0.000000,0.000000,0.000000,0.000000,0.000000
10.000000,27.000000,78.000000,312.000000,2.800000,56.000000,7.800000,16.000000,12.000000,0.000000,0.000000,0.000000,0.000000,0.000000,0.000000
10.000000,10.000000,7.600000,3.100000,44.000000,4.900000,20.000000,7.200000,11.000000,37.000000,82.000000,0.000000,0.000000,0.000000,0.000000
47.000000,22.000000,7.900000,37.000000,16.000000,2.200000,4.100000,0.000000,0.000000,0.000000,0.000000,0.000000,0.000000,0.000000,0.000000
11.000000,23.000000,6.600000,16.000000,12.000000,3.800000,17.000000,104.000000,0.000000,0.000000,0.000000,0.000000,0.000000,0.000000,0.000000
52.000000,19.000000,2.300000,6.700000,8.900000,40.000000,4.700000,15.000000,44.000000,20.000000,0.000000,0.000000,0.000000,0.000000,0.000000
75.000000,3.300000,3.000000,55.000000,14.000000,9.300000,6.900000,27.000000,6.500000,66.000000,0.000000,0.000000,0.000000,0.000000,0.000000
35.000000,7.400000,10.000000,11.000000,4.400000,3.700000,11.000000,8.600000,17.000000,20.000000,48.000000,0.000000,0.000000,0.000000,0.000000
6.200000,141.000000,5.700000,15.000000,67.000000,2.500000,25.000000,82.000000,160.000000,0.000000,0.000000,0.000000,0.000000,0.000000,0.000000
15.000000,41.000000,5.400000,8.100000,18.000000,0.000000,0.000000,0.000000,0.000000,0.000000,0.000000,0.000000,0.000000,0.000000,0.000000
47.000000,40.000000,13.000000,24.000000,25.000000,64.000000,23.000000,2.900000,9.500000,3.300000,0.000000,0.000000,0.000000,0.000000,0.000000
9.900000,5.600000,7.200000,6.200000,12.000000,15.000000,7.400000,11.000000,9.900000,12.000000,61.000000,35.000000,0.000000,0.000000,0.000000
46.000000,8.600000,9.400000,11.000000,84.000000,3.100000,122.000000,5.100000,0.000000,0.000000,0.000000,0.000000,0.000000,0.000000,0.000000
2.200000,4.800000,19.000000,7.000000,22.000000,161.000000,12.000000,85.000000,13.000000,27.000000,0.000000,0.000000,0.000000,0.000000,0.000000
5.600000,4.500000,7.000000,6.900000,40.000000,2.800000,47.000000,70.000000,128.000000,111.000000,16.000000,0.000000,0.000000,0.000000,0.000000
15.000000,10.000000,38.000000,9.700000,64.000000,4.400000,15.000000,33.000000,8.500000,69.000000,3.400000,23.000000,59.000000,15.000000,0.000000
76.000000,35.000000,4.300000,27.000000,5.900000,23.000000,1.500000,102.000000,82.000000,0.000000,0.000000,0.000000,0.000000,0.000000,0.000000
5.000000,27.000000,10.000000,3.200000,6.200000,9.200000,9.600000,7.500000,28.000000,0.000000,0.000000,0.000000,0.000000,0.000000,0.000000
108.000000,28.000000,181.000000,6.600000,57.000000,50.000000,96.000000,8.500000,25.000000,0.000000,0.000000,0.000000,0.000000,0.000000,0.000000
158.000000,4.500000,38.000000,8.900000,18.000000,10.000000,105.000000,40.000000,138.000000,26.000000,54.000000,0.000000,0.000000,0.000000,0.000000
177.000000,137.000000,114.000000,78.000000,14.000000,12.000000,2.500000,5.800000,111.000000,23.000000,0.000000,0.000000,0.000000,0.000000,0.000000
3.200000,2.900000,36.000000,58.000000,7.200000,22.000000,8.800000,51.000000,0.000000,0.000000,0.000000,0.000000,0.000000,0.000000,0.000000
11.000000,24.000000,1.600000,29.000000,3.700000,8.000000,0.000000,0.000000,0.000000,0.000000,0.000000,0.000000,0.000000,0.000000,0.000000
92.000000,69.000000,2.400000,9.200000,18.000000,27.000000,46.000000,16.000000,55.000000,4.300000,8.100000,0.000000,0.000000,0.000000,0.000000
6.300000,4.900000,4.800000,47.000000,7.400000,38.000000,6.400000,122.000000,96.000000,0.000000,0.000000,0.000000,0.000000,0.000000,0.000000
113.000000,72.000000,31.000000,24.000000,29.000000,3.400000,9.700000,18.000000,4.900000,39.000000,36.000000,5.300000,0.000000,0.000000,0.000000
11.000000,20.000000,27.000000,32.000000,2.900000,12.000000,9.300000,99.000000,29.000000,13.000000,6.900000,6.600000,54.000000,0.000000,0.000000
15.000000,7.500000,15.000000,2.900000,48.000000,5.800000,12.000000,11.000000,16.000000,17.000000,8.900000,0.000000,0.000000,0.000000,0.000000
7.400000,7.100000,2.400000,3.400000,9.100000,12.000000,0.000000,0.000000,0.000000,0.000000,0.000000,0.000000,0.000000,0.000000,0.000000
53.000000,3.500000,15.000000,19.000000,24.000000,115.000000,67.000000,2.700000,7.700000,64.000000,11.000000,10.000000,0.000000,0.000000,0.000000
23.000000,53.000000,9.700000,39.000000,5.800000,21.000000,8.000000,4.200000,42.000000,11.000000,0.000000,0.000000,0.000000,0.000000,0.000000
3.400000,3.900000,5.600000,8.200000,4.700000,8.700000,0.000000,0.000000,0.000000,0.000000,0.000000,0.000000,0.000000,0.000000,0.000000
163.000000,81.000000,54.000000,81.000000,9.400000,46.000000,32.000000,23.000000,11.000000,4.500000,7.600000,2.900000,0.000000,0.000000,0.000000
13.000000,8.400000,5.300000,4.800000,36.000000,9.100000,8.700000,8.100000,19.000000,39.000000,6.700000,0.000000,0.000000,0.000000,0.000000
12.000000,2.900000,33.000000,8.600000,55.000000,52.000000,4.000000,7.800000,8.400000,0.000000,0.000000,0.000000,0.000000,0.000000,0.000000
17.000000,11.000000,37.000000,30.000000,3.700000,55.000000,9.100000,8.900000,8.700000,4.800000,0.000000,0.000000,0.000000,0.000000,0.000000
8.800000,4.700000,1.900000,8.900000,23.000000,11.000000,42.000000,43.000000,26.000000,0.000000,0.000000,0.000000,0.000000,0.000000,0.000000
8.000000,6.400000,14.000000,4.000000,2.900000,21.000000,27.000000,6.100000,0.000000,0.000000,0.000000,0.000000,0.000000,0.000000,0.000000
50.000000,31.000000,17.000000,6.100000,4.500000,19.000000,9.400000,13.000000,4.500000,0.000000,0.000000,0.000000,0.000000,0.000000,0.000000
34.000000,101.000000,10.000000,78.000000,13.000000,14.000000,35.000000,14.000000,25.000000,3.900000,3.200000,0.000000,0.000000,0.000000,0.000000
42.000000,59.000000,59.000000,70.000000,96.000000,5.100000,33.000000,6.800000,32.000000,10.000000,3.200000,20.000000,5.600000,0.000000,0.000000
69.000000,31.000000,29.000000,10.000000,84.000000,123.000000,1.300000,5.500000,0.000000,0.000000,0.000000,0.000000,0.000000,0.000000,0.000000
29.000000,4.300000,16.000000,44.000000,12.000000,15.000000,10.000000,7.100000,4.000000,20.000000,30.000000,16.000000,40.000000,23.000000,0.000000
26.000000,19.000000,5.500000,8.700000,19.000000,2.700000,13.000000,0.000000,0.000000,0.000000,0.000000,0.000000,0.000000,0.000000,0.000000
8.600000,42.000000,16.000000,16.000000,11.000000,0.000000,0.000000,0.000000,0.000000,0.000000,0.000000,0.000000,0.000000,0.000000,0.000000
6.500000,41.000000,14.000000,18.000000,3.500000,68.000000,7.200000,4.300000,0.000000,0.000000,0.000000,0.000000,0.000000,0.000000,0.000000
2.100000,99.000000,37.000000,13.000000,7.500000,7.100000,10.000000,57.000000,0.000000,0.000000,0.000000,0.000000,0.000000,0.000000,0.000000
23.000000,85.000000,4.000000,2.200000,28.000000,51.000000,10.000000,92.000000,11.000000,5.400000,0.000000,0.000000,0.000000,0.000000,0.000000
9.000000,18.000000,51.000000,5.200000,5.000000,14.000000,13.000000,59.000000,11.000000,15.000000,4.100000,20.000000,0.000000,0.000000,0.000000
1.900000,22.000000,2.900000,4.200000,29.000000,0.000000,0.000000,0.000000,0.000000,0.000000,0.000000,0.000000,0.000000,0.000000,0.000000
9.000000,77.000000,37.000000,2.100000,7.300000,22.000000,0.000000,0.000000,0.000000,0.000000,0.000000,0.000000,0.000000,0.000000,0.000000
2.300000,12.000000,33.000000,104.000000,37.000000,62.000000,91.000000,16.000000,2.000000,33.000000,83.000000,0.000000,0.000000,0.000000,0.000000
3.700000,18.000000,7.100000,7.500000,9.800000,24.000000,4.900000,35.000000,140.000000,0.000000,0.000000,0.000000,0.000000,0.000000,0.000000
61.000000,61.000000,9.800000,2.000000,24.000000,2.300000,22.000000,0.000000,0.000000,0.000000,0.000000,0.000000,0.000000,0.000000,0.000000
60.000000,14.000000,9.200000,2.300000,4.600000,6.500000,29.000000,9.200000,0.000000,0.000000,0.000000,0.000000,0.000000,0.000000,0.000000
10.000000,149.000000,18.000000,20.000000,9.600000,2.100000,13.000000,64.000000,46.000000,0.000000,0.000000,0.000000,0.000000,0.000000,0.000000
105.000000,62.000000,21.000000,1.800000,29.000000,4.900000,8.100000,105.000000,129.000000,7.100000,0.000000,0.000000,0.000000,0.000000,0.000000
5.000000,3.100000,4.100000,8.400000,3.300000,0.000000,0.000000,0.000000,0.000000,0.000000,0.000000,0.000000,0.000000,0.000000,0.000000
44.000000,113.000000,59.000000,25.000000,83.000000,4.000000,5.600000,3.100000,0.000000,0.000000,0.000000,0.000000,0.000000,0.000000,0.000000
93.000000,21.000000,8.600000,3.300000,36.000000,14.000000,41.000000,21.000000,258.000000,0.000000,0.000000,0.000000,0.000000,0.000000,0.000000
85.000000,8.300000,6.500000,9.200000,3.100000,24.000000,61.000000,46.000000,3.400000,0.000000,0.000000,0.000000,0.000000,0.000000,0.000000
6.500000,1.900000,6.700000,6.900000,18.000000,9.500000,20.000000,0.000000,0.000000,0.000000,0.000000,0.000000,0.000000,0.000000,0.000000
105.000000,49.000000,49.000000,4.800000,12.000000,21.000000,47.000000,12.000000,3.200000,0.000000,0.000000,0.000000,0.000000,0.000000,0.000000
30.000000,23.000000,13.000000,22.000000,5.200000,12.000000,83.000000,2.700000,5.300000,16.000000,27.000000,0.000000,0.000000,0.000000,0.000000
5.900000,6.200000,7.500000,15.000000,25.000000,5.600000,4.100000,15.000000,82.000000,13.000000,34.000000,72.000000,0.000000,0.000000,0.000000
7.800000,36.000000,16.000000,18.000000,14.000000,6.400000,5.100000,5.200000,9.300000,8.500000,0.000000,0.000000,0.000000,0.000000,0.000000
14.000000,3.000000,58.000000,4.000000,6.300000,3.000000,0.000000,0.000000,0.000000,0.000000,0.000000,0.000000,0.000000,0.000000,0.000000
21.000000,11.000000,17.000000,24.000000,31.000000,31.000000,11.000000,10.000000,9.500000,4.000000,3.900000,0.000000,0.000000,0.000000,0.000000
4.300000,84.000000,54.000000,116.000000,51.000000,92.000000,19.000000,2.400000,177.000000,81.000000,13.000000,10.000000,23.000000,6.400000,0.000000
12.000000,24.000000,9.500000,2.000000,2.100000,0.000000,0.000000,0.000000,0.000000,0.000000,0.000000,0.000000,0.000000,0.000000,0.000000
105.000000,98.000000,106.000000,24.000000,70.000000,11.000000,15.000000,36.000000,8.000000,12.000000,59.000000,2.400000,31.000000,16.000000,0.000000
106.000000,72.000000,19.000000,28.000000,60.000000,77.000000,43.000000,107.000000,1.800000,60.000000,4.700000,0.000000,0.000000,0.000000,0.000000
1.500000,32.000000,5.300000,16.000000,3.800000,0.000000,0.000000,0.000000,0.000000,0.000000,0.000000,0.000000,0.000000,0.000000,0.000000
70.000000,11.000000,6.600000,2.600000,7.300000,3.800000,14.000000,31.000000,0.000000,0.000000,0.000000,0.000000,0.000000,0.000000,0.000000
24.000000,7.400000,11.000000,25.000000,14.000000,103.000000,20.000000,7.100000,85.000000,122.000000,63.000000,94.000000,28.000000,2.600000,0.000000
16.000000,42.000000,4.200000,2.900000,14.000000,67.000000,57.000000,4.500000,11.000000,0.000000,0.000000,0.000000,0.000000,0.000000,0.000000
8.800000,88.000000,23.000000,20.000000,4.900000,177.000000,16.000000,12.000000,7.000000,14.000000,44.000000,7.200000,44.000000,0.000000,0.000000
5.700000,3.100000,30.000000,5.100000,7.700000,7.700000,5.000000,0.000000,0.000000,0.000000,0.000000,0.000000,0.000000,0.000000,0.000000
6.000000,8.600000,3.300000,8.900000,96.000000,7.200000,31.000000,4.600000,0.000000,0.000000,0.000000,0.000000,0.000000,0.000000,0.000000
3.400000,7.200000,5.500000,4.600000,4.500000,122.000000,30.000000,14.000000,39.000000,0.000000,0.000000,0.000000,0.000000,0.000000,0.000000
64.000000,39.000000,6.000000,8.400000,9.600000,3.500000,87.000000,9.500000,35.000000,63.000000,14.000000,3.900000,0.000000,0.000000,0.000000
6.200000,7.700000,4.600000,7.800000,5.800000,50.000000,11.000000,4.100000,42.000000,0.000000,0.000000,0.000000,0.000000,0.000000,0.000000
4.100000,56.000000,5.700000,10.000000,4.900000,3.200000,11.000000,25.000000,0.000000,0.000000,0.000000,0.000000,0.000000,0.000000,0.000000
61.000000,12.000000,20.000000,3.600000,80.000000,2.000000,84.000000,17.000000,0.000000,0.000000,0.000000,0.000000,0.000000,0.000000,0.000000
111.000000,24.000000,122.000000,41.000000,6.100000,38.000000,2.200000,24.000000,6.500000,6.800000,47.000000,182.000000,0.000000,0.000000,0.000000
12.000000,23.000000,13.000000,13.000000,48.000000,5.100000,26.000000,30.000000,12.000000,21.000000,7.100000,3.500000,0.000000,0.000000,0.000000
9.100000,7.100000,9.700000,10.000000,3.700000,6.300000,0.000000,0.000000,0.000000,0.000000,0.000000,0.000000,0.000000,0.000000,0.000000
21.000000,8.400000,94.000000,3.600000,8.300000,6.400000,23.000000,59.000000,15.000000,14.000000,33.000000,0.000000,0.000000,0.000000,0.000000
2.200000,8.700000,6.900000,4.600000,7.400000,11.000000,41.000000,0.000000,0.000000,0.000000,0.000000,0.000000,0.000000,0.000000,0.000000
65.000000,13.000000,131.000000,131.000000,17.000000,32.000000,16.000000,131.000000,65.000000,6.400000,18.000000,4.100000,7.000000,0.000000,0.000000
2.900000,12.000000,9.100000,4.800000,3.000000,9.500000,0.000000,0.000000,0.000000,0.000000,0.000000,0.000000,0.000000,0.000000,0.000000
5.800000,15.000000,16.000000,4.300000,28.000000,7.700000,0.000000,0.000000,0.000000,0.000000,0.000000,0.000000,0.000000,0.000000,0.000000
38.000000,9.500000,5.300000,9.200000,26.000000,9.200000,3.700000,0.000000,0.000000,0.000000,0.000000,0.000000,0.000000,0.000000,0.000000
65.000000,90.000000,3.300000,28.000000,36.000000,20.000000,99.000000,75.000000,2.300000,0.000000,0.000000,0.000000,0.000000,0.000000,0.000000
7.200000,11.000000,14.000000,2.000000,13.000000,50.000000,4.200000,27.000000,25.000000,0.000000,0.000000,0.000000,0.000000,0.000000,0.000000
158.000000,8.800000,20.000000,236.000000,11.000000,26.000000,84.000000,2.900000,13.000000,9.600000,16.000000,4.300000,26.000000,163.000000,0.000000
30.000000,35.000000,16.000000,4.700000,7.100000,4.700000,35.000000,13.000000,14.000000,5.000000,0.000000,0.000000,0.000000,0.000000,0.000000
11.000000,3.700000,4.400000,68.000000,10.000000,2.200000,22.000000,0.000000,0.000000,0.000000,0.000000,0.000000,0.000000,0.000000,0.000000
4.900000,6.600000,7.400000,62.000000,7.200000,12.000000,62.000000,15.000000,62.000000,28.000000,4.500000,0.000000,0.000000,0.000000,0.000000
2.300000,41.000000,76.000000,4.800000,19.000000,13.000000,0.000000,0.000000,0.000000,0.000000,0.000000,0.000000,0.000000,0.000000,0.000000
89.000000,10.000000,120.000000,40.000000,9.400000,14.000000,3.400000,0.000000,0.000000,0.000000,0.000000,0.000000,0.000000,0.000000,0.000000
24.000000,76.000000,6.700000,41.000000,14.000000,6.300000,4.200000,0.000000,0.000000,0.000000,0.000000,0.000000,0.000000,0.000000,0.000000
14.000000,63.000000,6.300000,38.000000,36.000000,7.700000,5.600000,38.000000,63.000000,6.600000,45.000000,0.000000,0.000000,0.000000,0.000000
6.200000,2.600000,16.000000,19.000000,9.750000,13.000000,5.350000,10.000000,14.000000,41.000000,0.000000,0.000000,0.000000,0.000000,0.000000
8.600000,4.700000,24.000000,6.900000,48.000000,8.200000,28.000000,19.000000,25.000000,14.000000,0.000000,0.000000,0.000000,0.000000,0.000000
5.600000,12.000000,3.000000,12.000000,2.700000,57.000000,33.000000,0.000000,0.000000,0.000000,0.000000,0.000000,0.000000,0.000000,0.000000
4.600000,6.900000,7.500000,10.000000,27.000000,4.100000,18.000000,82.000000,0.000000,0.000000,0.000000,0.000000,0.000000,0.000000,0.000000
28.000000,16.000000,1.200000,20.000000,12.000000,0.000000,0.000000,0.000000,0.000000,0.000000,0.000000,0.000000,0.000000,0.000000,0.000000
9.000000,5.100000,3.000000,3.700000,31.000000,29.000000,30.000000,5.600000,0.000000,0.000000,0.000000,0.000000,0.000000,0.000000,0.000000
10.000000,23.000000,4.900000,11.000000,6.400000,17.000000,30.000000,20.000000,21.000000,5.500000,25.000000,5.600000,59.000000,0.000000,0.000000
20.000000,13.000000,57.000000,45.000000,17.000000,50.000000,42.000000,79.000000,4.000000,38.000000,1.700000,0.000000,0.000000,0.000000,0.000000
70.000000,39.000000,30.000000,23.000000,4.800000,70.000000,6.100000,22.000000,83.000000,9.100000,71.000000,93.000000,11.000000,0.000000,0.000000
14.000000,2.500000,30.000000,64.000000,7.900000,118.000000,0.000000,0.000000,0.000000,0.000000,0.000000,0.000000,0.000000,0.000000,0.000000
35.000000,52.000000,2.000000,3.600000,0.000000,0.000000,0.000000,0.000000,0.000000,0.000000,0.000000,0.000000,0.000000,0.000000,0.000000
9.800000,48.000000,8.300000,5.200000,4.000000,7.400000,20.000000,60.000000,33.000000,16.000000,5.100000,52.000000,0.000000,0.000000,0.000000
79.000000,6.200000,41.000000,9.300000,31.000000,8.400000,2.600000,97.000000,2.900000,0.000000,0.000000,0.000000,0.000000,0.000000,0.000000
3.700000,13.000000,3.400000,27.000000,2.400000,17.000000,52.000000,33.000000,0.000000,0.000000,0.000000,0.000000,0.000000,0.000000,0.000000
15.000000,62.000000,7.400000,83.000000,10.000000,12.000000,4.900000,41.000000,0.000000,0.000000,0.000000,0.000000,0.000000,0.000000,0.000000
14.000000,5.100000,11.000000,41.000000,8.600000,2.800000,29.000000,0.000000,0.000000,0.000000,0.000000,0.000000,0.000000,0.000000,0.000000
5.700000,24.000000,4.600000,2.900000,9.100000,18.000000,71.000000,69.000000,89.000000,0.000000,0.000000,0.000000,0.000000,0.000000,0.000000
61.000000,22.000000,46.000000,30.000000,81.000000,5.900000,0.000000,0.000000,0.000000,0.000000,0.000000,0.000000,0.000000,0.000000,0.000000
3.700000,4.000000,10.000000,5.900000,11.000000,21.000000,31.000000,37.000000,5.600000,25.000000,0.000000,0.000000,0.000000,0.000000,0.000000
2.600000,37.000000,23.000000,2.800000,29.000000,11.000000,6.800000,51.000000,0.000000,0.000000,0.000000,0.000000,0.000000,0.000000,0.000000
8.600000,25.000000,4.000000,7.600000,4.900000,4.700000,26.000000,37.000000,9.000000,22.000000,0.000000,0.000000,0.000000,0.000000,0.000000
47.000000,6.900000,10.000000,12.000000,22.000000,86.000000,3.700000,107.000000,3.500000,54.000000,0.000000,0.000000,0.000000,0.000000,0.000000
2.900000,3.200000,8.800000,25.000000,4.600000,7.400000,30.000000,0.000000,0.000000,0.000000,0.000000,0.000000,0.000000,0.000000,0.000000
26.000000,11.000000,5.100000,41.000000,5.400000,41.000000,15.000000,0.000000,0.000000,0.000000,0.000000,0.000000,0.000000,0.000000,0.000000
61.000000,14.000000,44.000000,2.100000,7.000000,3.400000,9.300000,16.000000,0.000000,0.000000,0.000000,0.000000,0.000000,0.000000,0.000000
10.000000,8.300000,3.700000,85.000000,10.000000,5.700000,13.000000,5.900000,11.000000,22.000000,26.000000,0.000000,0.000000,0.000000,0.000000
33.000000,7.600000,32.000000,8.600000,87.000000,10.000000,9.900000,2.900000,9.200000,0.000000,0.000000,0.000000,0.000000,0.000000,0.000000
5.100000,5.600000,2.900000,7.700000,24.000000,6.000000,10.000000,46.000000,57.000000,0.000000,0.000000,0.000000,0.000000,0.000000,0.000000
15.000000,10.000000,28.000000,3.600000,14.000000,18.000000,21.000000,7.500000,86.000000,12.000000,22.000000,0.000000,0.000000,0.000000,0.000000
9.100000,8.500000,2.100000,19.000000,15.000000,46.000000,52.000000,18.000000,37.000000,7.600000,9.400000,0.000000,0.000000,0.000000,0.000000
66.000000,89.000000,42.000000,20.000000,2.800000,13.000000,2.900000,5.900000,0.000000,0.000000,0.000000,0.000000,0.000000,0.000000,0.000000
13.000000,4.100000,73.000000,6.400000,3.200000,19.000000,6.200000,64.000000,33.000000,42.000000,9.100000,0.000000,0.000000,0.000000,0.000000
18.000000,75.000000,22.000000,69.000000,4.500000,57.000000,2.300000,2.900000,0.000000,0.000000,0.000000,0.000000,0.000000,0.000000,0.000000
31.000000,23.000000,267.000000,44.000000,21.000000,2.000000,13.000000,13.000000,0.000000,0.000000,0.000000,0.000000,0.000000,0.000000,0.000000
9.300000,12.000000,9.700000,4.200000,7.200000,3.700000,9.400000,17.000000,34.000000,28.000000,45.000000,0.000000,0.000000,0.000000,0.000000
4.700000,7.900000,5.200000,12.000000,7.100000,35.000000,65.000000,15.000000,11.000000,0.000000,0.000000,0.000000,0.000000,0.000000,0.000000
52.000000,20.000000,12.000000,5.200000,17.000000,15.000000,60.000000,3.200000,0.000000,0.000000,0.000000,0.000000,0.000000,0.000000,0.000000
2.200000,47.000000,46.000000,16.000000,3.200000,68.000000,6.500000,70.000000,0.000000,0.000000,0.000000,0.000000,0.000000,0.000000,0.000000
46.000000,12.000000,19.000000,6.000000,41.000000,3.300000,27.000000,8.900000,11.000000,0.000000,0.000000,0.000000,0.000000,0.000000,0.000000
15.000000,14.000000,9.300000,5.800000,12.000000,12.000000,4.100000,82.000000,6.600000,5.700000,35.000000,0.000000,0.000000,0.000000,0.000000
11.000000,11.000000,31.000000,2.700000,32.000000,13.000000,21.000000,10.000000,16.000000,10.000000,18.000000,13.000000,19.000000,44.000000,0.000000
4.600000,36.000000,1.800000,21.000000,71.000000,4.200000,40.000000,35.000000,28.000000,0.000000,0.000000,0.000000,0.000000,0.000000,0.000000
13.000000,28.000000,6.900000,7.700000,25.000000,6.100000,6.600000,11.000000,15.000000,16.000000,13.000000,12.000000,42.000000,19.000000,0.000000
11.000000,8.200000,26.000000,29.000000,18.000000,13.000000,17.000000,9.600000,13.000000,10.000000,14.000000,4.800000,8.300000,20.000000,0.000000
32.000000,4.400000,9.200000,92.000000,9.500000,24.000000,107.000000,32.000000,64.000000,4.100000,0.000000,0.000000,0.000000,0.000000,0.000000
9.800000,18.000000,17.000000,134.000000,18.000000,3.400000,62.000000,6.400000,21.000000,43.000000,0.000000,0.000000,0.000000,0.000000,0.000000
11.000000,7.700000,13.000000,6.100000,2.100000,5.000000,12.000000,0.000000,0.000000,0.000000,0.000000,0.000000,0.000000,0.000000,0.000000
30.000000,25.000000,110.000000,1.600000,15.000000,0.000000,0.000000,0.000000,0.000000,0.000000,0.000000,0.000000,0.000000,0.000000,0.000000
23.000000,12.000000,24.000000,4.900000,20.000000,10.000000,7.700000,41.000000,6.600000,16.000000,11.000000,4.500000,0.000000,0.000000,0.000000
81.000000,61.000000,2.400000,5.600000,2.700000,41.000000,0.000000,0.000000,0.000000,0.000000,0.000000,0.000000,0.000000,0.000000,0.000000
128.000000,24.000000,2.200000,3.500000,25.000000,10.000000,9.800000,15.000000,16.000000,0.000000,0.000000,0.000000,0.000000,0.000000,0.000000
30.000000,6.700000,34.000000,3.400000,7.800000,19.000000,35.000000,4.300000,71.000000,0.000000,0.000000,0.000000,0.000000,0.000000,0.000000
7.800000,26.000000,37.000000,4.600000,71.000000,2.300000,29.000000,118.000000,32.000000,15.000000,0.000000,0.000000,0.000000,0.000000,0.000000
23.000000,8.700000,5.100000,13.000000,6.200000,2.200000,6.300000,0.000000,0.000000,0.000000,0.000000,0.000000,0.000000,0.000000,0.000000
55.000000,6.000000,56.000000,25.000000,5.600000,13.000000,11.000000,7.500000,3.300000,9.400000,31.000000,87.000000,116.000000,67.000000,0.000000
30.000000,6.700000,23.000000,42.000000,4.800000,8.500000,9.800000,8.500000,6.200000,7.800000,14.000000,27.000000,0.000000,0.000000,0.000000
4.400000,22.000000,123.000000,40.000000,30.000000,2.500000,69.000000,5.100000,126.000000,9.500000,9.900000,59.000000,81.000000,112.000000,0.000000
5.700000,2.600000,6.500000,12.000000,12.000000,6.100000,7.800000,30.000000,0.000000,0.000000,0.000000,0.000000,0.000000,0.000000,0.000000
34.000000,7.300000,106.000000,99.000000,4.600000,31.000000,7.000000,4.900000,29.000000,13.000000,27.000000,46.000000,0.000000,0.000000,0.000000
15.000000,9.300000,49.000000,3.300000,32.000000,53.000000,27.000000,13.000000,21.000000,0.000000,0.000000,0.000000,0.000000,0.000000,0.000000
54.000000,18.000000,49.000000,3.100000,19.000000,64.000000,0.000000,0.000000,0.000000,0.000000,0.000000,0.000000,0.000000,0.000000,0.000000
33.000000,20.000000,10.000000,55.000000,3.800000,36.000000,128.000000,59.000000,6.700000,28.000000,42.000000,77.000000,3.800000,28.000000,0.000000
23.000000,4.900000,2.900000,10.000000,33.000000,2.100000,0.000000,0.000000,0.000000,0.000000,0.000000,0.000000,0.000000,0.000000,0.000000
7.800000,6.700000,6.700000,1.900000,18.000000,14.000000,78.000000,10.000000,0.000000,0.000000,0.000000,0.000000,0.000000,0.000000,0.000000
15.000000,2.300000,5.700000,4.400000,7.400000,14.000000,12.000000,0.000000,0.000000,0.000000,0.000000,0.000000,0.000000,0.000000,0.000000
4.400000,3.700000,19.000000,9.500000,18.000000,27.000000,15.000000,7.300000,0.000000,0.000000,0.000000,0.000000,0.000000,0.000000,0.000000
1.400000,3.200000,43.000000,21.000000,45.000000,21.000000,102.000000,112.000000,57.000000,0.000000,0.000000,0.000000,0.000000,0.000000,0.000000
42.000000,33.000000,14.000000,15.000000,13.000000,3.500000,8.500000,5.000000,0.000000,0.000000,0.000000,0.000000,0.000000,0.000000,0.000000
14.000000,4.900000,5.400000,10.000000,13.000000,13.000000,50.000000,12.000000,16.000000,23.000000,6.100000,8.600000,0.000000,0.000000,0.000000
7.800000,18.000000,8.900000,7.900000,4.000000,12.000000,30.000000,10.000000,3.400000,0.000000,0.000000,0.000000,0.000000,0.000000,0.000000
29.000000,18.000000,23.000000,2.900000,11.000000,22.000000,22.000000,79.000000,3.300000,7.900000,68.000000,0.000000,0.000000,0.000000,0.000000
28.000000,3.500000,64.000000,16.000000,74.000000,24.000000,81.000000,99.000000,15.000000,90.000000,3.400000,0.000000,0.000000,0.000000,0.000000
8.300000,10.000000,61.000000,19.000000,14.000000,7.100000,4.800000,131.000000,17.000000,24.000000,10.000000,0.000000,0.000000,0.000000,0.000000
10.000000,11.000000,4.500000,12.000000,26.000000,23.000000,46.000000,99.000000,4.900000,0.000000,0.000000,0.000000,0.000000,0.000000,0.000000
3.600000,45.000000,3.800000,8.400000,10.000000,32.000000,9.300000,20.000000,77.000000,141.000000,27.000000,12.000000,0.000000,0.000000,0.000000
69.000000,5.400000,164.000000,43.000000,4.200000,9.400000,16.000000,3.600000,77.000000,6.500000,122.000000,40.000000,0.000000,0.000000,0.000000
82.000000,101.000000,4.100000,4.100000,3.900000,19.000000,23.000000,53.000000,11.000000,71.000000,10.000000,96.000000,0.000000,0.000000,0.000000
9.900000,24.000000,8.800000,13.000000,0.000000,0.000000,0.000000,0.000000,0.000000,0.000000,0.000000,0.000000,0.000000,0.000000,0.000000
37.000000,34.000000,13.000000,5.400000,14.000000,93.000000,19.000000,22.000000,11.000000,4.200000,0.000000,0.000000,0.000000,0.000000,0.000000
140.000000,66.000000,5.300000,19.000000,17.000000,12.000000,9.500000,33.000000,9.000000,0.000000,0.000000,0.000000,0.000000,0.000000,0.000000
97.000000,20.000000,41.000000,6.600000,8.000000,11.000000,12.000000,9.700000,2.900000,0.000000,0.000000,0.000000,0.000000,0.000000,0.000000
6.900000,4.600000,7.800000,60.000000,8.500000,25.000000,3.400000,0.000000,0.000000,0.000000,0.000000,0.000000,0.000000,0.000000,0.000000
24.000000,10.000000,7.900000,4.200000,72.000000,3.800000,4.700000,7.800000,14.000000,0.000000,0.000000,0.000000,0.000000,0.000000,0.000000
41.000000,10.000000,77.000000,38.000000,1.600000,8.800000,11.000000,0.000000,0.000000,0.000000,0.000000,0.000000,0.000000,0.000000,0.000000
225.000000,30.000000,73.000000,2.100000,181.000000,18.000000,11.000000,13.000000,54.000000,6.100000,6.800000,224.000000,0.000000,0.000000,0.000000
6.900000,5.500000,2.800000,6.400000,12.000000,6.200000,10.000000,0.000000,0.000000,0.000000,0.000000,0.000000,0.000000,0.000000,0.000000
125.000000,36.000000,102.000000,3.100000,147.000000,21.000000,5.100000,17.000000,8.000000,19.000000,46.000000,0.000000,0.000000,0.000000,0.000000
101.000000,4.600000,14.000000,8.700000,87.000000,14.000000,3.600000,106.000000,77.000000,0.000000,0.000000,0.000000,0.000000,0.000000,0.000000
29.000000,2.000000,4.000000,25.000000,16.000000,9.200000,5.200000,60.000000,0.000000,0.000000,0.000000,0.000000,0.000000,0.000000,0.000000
41.000000,82.000000,27.000000,39.000000,88.000000,54.000000,14.000000,22.000000,4.900000,3.800000,44.000000,5.200000,13.000000,8.100000,0.000000
7.600000,19.000000,16.000000,3.700000,116.000000,6.400000,25.000000,42.000000,5.200000,0.000000,0.000000,0.000000,0.000000,0.000000,0.000000
1.800000,15.000000,4.900000,56.000000,29.000000,3.800000,39.000000,0.000000,0.000000,0.000000,0.000000,0.000000,0.000000,0.000000,0.000000
8.500000,32.000000,51.000000,2.900000,22.000000,17.000000,29.000000,6.600000,8.300000,25.000000,4.600000,0.000000,0.000000,0.000000,0.000000
9.500000,6.800000,5.500000,22.000000,19.000000,8.800000,16.000000,3.100000,0.000000,0.000000,0.000000,0.000000,0.000000,0.000000,0.000000
17.000000,5.100000,2.300000,47.000000,4.600000,79.000000,23.000000,42.000000,13.000000,204.000000,30.000000,0.000000,0.000000,0.000000,0.000000
6.700000,103.000000,70.000000,14.000000,8.400000,84.000000,148.000000,89.000000,75.000000,10.000000,8.400000,0.000000,0.000000,0.000000,0.000000
39.000000,42.000000,8.800000,38.000000,17.000000,9.300000,6.600000,93.000000,10.000000,20.000000,10.000000,0.000000,0.000000,0.000000,0.000000
6.000000,5.300000,12.000000,5.400000,9.300000,27.000000,18.000000,6.300000,15.000000,0.000000,0.000000,0.000000,0.000000,0.000000,0.000000
59.000000,4.900000,27.000000,3.300000,3.300000,23.000000,18.000000,7.300000,127.000000,135.000000,0.000000,0.000000,0.000000,0.000000,0.000000
49.000000,7.000000,4.100000,3.400000,39.000000,5.600000,28.000000,11.000000,13.000000,120.000000,0.000000,0.000000,0.000000,0.000000,0.000000
46.000000,6.000000,14.000000,20.000000,39.000000,2.200000,7.400000,0.000000,0.000000,0.000000,0.000000,0.000000,0.000000,0.000000,0.000000
157.000000,203.000000,149.000000,33.000000,3.200000,170.000000,25.000000,188.000000,11.000000,2.000000,36.000000,26.000000,0.000000,0.000000,0.000000
6.800000,8.400000,19.000000,10.000000,8.400000,20.000000,3.800000,73.000000,3.100000,0.000000,0.000000,0.000000,0.000000,0.000000,0.000000
67.000000,10.000000,69.000000,3.600000,64.000000,10.000000,27.000000,2.700000,11.000000,0.000000,0.000000,0.000000,0.000000,0.000000,0.000000
6.400000,3.800000,8.000000,12.000000,8.700000,3.400000,6.200000,0.000000,0.000000,0.000000,0.000000,0.000000,0.000000,0.000000,0.000000
140.000000,65.000000,12.000000,26.000000,26.000000,9.000000,133.000000,9.400000,126.000000,7.600000,2.000000,0.000000,0.000000,0.000000,0.000000
21.000000,171.000000,7.700000,62.000000,3.500000,17.000000,19.000000,30.000000,130.000000,2.200000,53.000000,0.000000,0.000000,0.000000,0.000000
13.000000,26.000000,2.600000,12.000000,67.000000,6.000000,51.000000,9.500000,0.000000,0.000000,0.000000,0.000000,0.000000,0.000000,0.000000
15.000000,11.000000,7.400000,3.200000,4.200000,3.400000,22.000000,0.000000,0.000000,0.000000,0.000000,0.000000,0.000000,0.000000,0.000000
14.000000,166.000000,33.000000,127.000000,29.000000,195.000000,159.000000,12.000000,8.900000,50.000000,18.000000,43.000000,7.600000,1.700000,0.000000
9.300000,37.000000,103.000000,8.600000,19.000000,6.500000,6.800000,69.000000,53.000000,2.800000,15.000000,0.000000,0.000000,0.000000,0.000000
52.000000,91.000000,44.000000,42.000000,22.000000,42.000000,3.000000,15.000000,5.500000,17.000000,60.000000,4.200000,31.000000,8.700000,0.000000
3.300000,18.000000,10.000000,3.450000,102.000000,73.000000,40.000000,14.000000,71.000000,38.000000,60.000000,103.000000,5.800000,8.850000,0.000000
54.000000,69.000000,57.000000,6.800000,58.000000,20.000000,1.500000,30.000000,85.000000,4.500000,0.000000,0.000000,0.000000,0.000000,0.000000
3.400000,8.600000,8.100000,10.000000,35.000000,7.400000,34.000000,21.000000,12.000000,5.900000,35.000000,23.000000,0.000000,0.000000,0.000000
5.700000,215.000000,13.000000,56.000000,49.000000,2.200000,154.000000,0.000000,0.000000,0.000000,0.000000,0.000000,0.000000,0.000000,0.000000
2.500000,2.100000,16.000000,8.600000,26.000000,119.000000,12.000000,0.000000,0.000000,0.000000,0.000000,0.000000,0.000000,0.000000,0.000000
73.000000,2.100000,30.000000,75.000000,94.000000,95.000000,10.000000,6.700000,126.000000,8.200000,16.000000,0.000000,0.000000,0.000000,0.000000
59.000000,54.000000,22.000000,25.000000,25.000000,125.000000,3.400000,12.000000,6.600000,0.000000,0.000000,0.000000,0.000000,0.000000,0.000000
4.500000,38.000000,3.300000,3.400000,12.000000,45.000000,66.000000,13.000000,14.000000,0.000000,0.000000,0.000000,0.000000,0.000000,0.000000
52.000000,12.000000,106.000000,15.000000,24.000000,74.000000,5.500000,45.000000,2.000000,89.000000,159.000000,0.000000,0.000000,0.000000,0.000000
34.000000,7.500000,47.000000,6.600000,1.200000,24.000000,36.000000,0.000000,0.000000,0.000000,0.000000,0.000000,0.000000,0.000000,0.000000
24.000000,68.000000,6.400000,3.600000,29.000000,2.900000,0.000000,0.000000,0.000000,0.000000,0.000000,0.000000,0.000000,0.000000,0.000000
8.200000,9.800000,4.900000,7.200000,2.400000,33.000000,11.000000,27.000000,21.000000,0.000000,0.000000,0.000000,0.000000,0.000000,0.000000
46.000000,67.000000,71.000000,11.000000,150.000000,64.000000,18.000000,7.100000,24.000000,4.600000,0.000000,0.000000,0.000000,0.000000,0.000000
61.000000,78.000000,34.000000,61.000000,38.000000,58.000000,12.000000,35.000000,6.500000,1.600000,0.000000,0.000000,0.000000,0.000000,0.000000
68.000000,79.000000,9.600000,5.900000,3.700000,87.000000,25.000000,14.000000,0.000000,0.000000,0.000000,0.000000,0.000000,0.000000,0.000000
11.000000,9.500000,21.000000,2.900000,17.000000,0.000000,0.000000,0.000000,0.000000,0.000000,0.000000,0.000000,0.000000,0.000000,0.000000
41.000000,34.000000,8.200000,13.000000,3.800000,18.000000,12.000000,13.000000,3.300000,38.000000,0.000000,0.000000,0.000000,0.000000,0.000000
4.300000,32.000000,14.000000,7.500000,7.400000,27.000000,6.700000,2.900000,18.000000,0.000000,0.000000,0.000000,0.000000,0.000000,0.000000
71.000000,3.100000,1.900000,12.000000,23.000000,47.000000,6.900000,0.000000,0.000000,0.000000,0.000000,0.000000,0.000000,0.000000,0.000000
9.100000,2.500000,7.800000,51.000000,29.000000,10.000000,16.000000,44.000000,39.000000,11.000000,5.300000,0.000000,0.000000,0.000000,0.000000
17.000000,30.000000,11.000000,4.800000,3.200000,9.500000,4.600000,0.000000,0.000000,0.000000,0.000000,0.000000,0.000000,0.000000,0.000000
87.000000,36.000000,29.000000,14.000000,4.600000,12.000000,24.000000,135.000000,62.000000,2.800000,0.000000,0.000000,0.000000,0.000000,0.000000
3.100000,1.800000,10.000000,5.500000,23.000000,0.000000,0.000000,0.000000,0.000000,0.000000,0.000000,0.000000,0.000000,0.000000,0.000000
2.800000,4.500000,4.600000,11.000000,60.000000,55.000000,10.000000,86.000000,7.700000,47.000000,0.000000,0.000000,0.000000,0.000000,0.000000
5.700000,7.300000,29.000000,4.600000,63.000000,65.000000,46.000000,15.000000,2.400000,83.000000,13.000000,0.000000,0.000000,0.000000,0.000000
6.000000,16.000000,32.000000,4.200000,6.900000,15.000000,32.000000,23.000000,33.000000,4.100000,20.000000,24.000000,29.000000,0.000000,0.000000
44.000000,4.200000,177.000000,88.000000,38.000000,39.000000,14.000000,57.000000,15.000000,187.000000,16.000000,5.200000,26.000000,0.000000,0.000000
12.000000,11.000000,5.800000,41.000000,4.300000,17.000000,34.000000,3.200000,46.000000,8.000000,89.000000,29.000000,0.000000,0.000000,0.000000
1.800000,18.000000,3.800000,8.800000,17.000000,37.000000,8.700000,0.000000,0.000000,0.000000,0.000000,0.000000,0.000000,0.000000,0.000000
4.200000,41.000000,18.000000,1.600000,89.000000,8.400000,19.000000,0.000000,0.000000,0.000000,0.000000,0.000000,0.000000,0.000000,0.000000
11.000000,4.800000,4.100000,6.900000,54.000000,40.000000,44.000000,27.000000,19.000000,11.000000,100.000000,57.000000,24.000000,0.000000,0.000000
2.900000,8.800000,6.400000,1.900000,21.000000,0.000000,0.000000,0.000000,0.000000,0.000000,0.000000,0.000000,0.000000,0.000000,0.000000
18.000000,3.300000,27.000000,37.000000,7.400000,12.000000,45.000000,70.000000,86.000000,0.000000,0.000000,0.000000,0.000000,0.000000,0.000000
18.000000,22.000000,6.200000,8.100000,97.000000,122.000000,3.500000,3.900000,24.000000,47.000000,6.900000,33.000000,0.000000,0.000000,0.000000
3.000000,83.000000,13.000000,72.000000,6.100000,11.000000,39.000000,121.000000,17.000000,173.000000,4.200000,21.000000,0.000000,0.000000,0.000000
5.000000,23.000000,10.000000,22.000000,178.000000,17.000000,48.000000,0.000000,0.000000,0.000000,0.000000,0.000000,0.000000,0.000000,0.000000
172.000000,14.000000,17.000000,21.000000,43.000000,21.000000,4.400000,38.000000,7.300000,7.800000,0.000000,0.000000,0.000000,0.000000,0.000000
3.400000,32.000000,19.000000,5.600000,30.000000,12.000000,34.000000,3.200000,6.800000,89.000000,56.000000,0.000000,0.000000,0.000000,0.000000
5.500000,11.000000,32.000000,4.200000,20.000000,8.300000,5.800000,42.000000,10.000000,52.000000,18.000000,39.000000,28.000000,17.000000,0.000000
7.900000,95.000000,8.500000,108.000000,34.000000,3.300000,57.000000,8.800000,18.000000,133.000000,0.000000,0.000000,0.000000,0.000000,0.000000
10.000000,3.600000,3.500000,25.000000,4.000000,9.400000,7.300000,0.000000,0.000000,0.000000,0.000000,0.000000,0.000000,0.000000,0.000000
52.000000,4.000000,9.900000,2.700000,85.000000,6.500000,233.000000,11.000000,44.000000,29.000000,0.000000,0.000000,0.000000,0.000000,0.000000
5.900000,11.000000,16.000000,52.000000,5.900000,22.000000,8.900000,2.100000,16.000000,0.000000,0.000000,0.000000,0.000000,0.000000,0.000000
3.300000,37.000000,4.800000,11.000000,108.000000,3.400000,88.000000,14.000000,105.000000,241.000000,54.000000,8.500000,180.000000,66.000000,0.000000
7.500000,19.000000,6.800000,11.000000,31.000000,3.300000,4.200000,4.900000,0.000000,0.000000,0.000000,0.000000,0.000000,0.000000,0.000000
14.000000,100.000000,22.000000,6.100000,12.000000,30.000000,26.000000,16.000000,67.000000,178.000000,21.000000,10.000000,0.000000,0.000000,0.000000
13.000000,2.400000,16.000000,11.000000,65.000000,10.000000,3.500000,13.000000,0.000000,0.000000,0.000000,0.000000,0.000000,0.000000,0.000000
7.900000,47.000000,16.000000,8.700000,19.000000,5.600000,19.000000,39.000000,71.000000,4.200000,0.000000,0.000000,0.000000,0.000000,0.000000
35.000000,48.000000,3.900000,12.000000,6.400000,3.900000,8.500000,21.000000,8.700000,96.000000,0.000000,0.000000,0.000000,0.000000,0.000000
17.000000,9.800000,4.800000,42.000000,5.100000,8.100000,5.500000,0.000000,0.000000,0.000000,0.000000,0.000000,0.000000,0.000000,0.000000
4.000000,3.800000,10.000000,7.500000,27.000000,5.900000,14.000000,27.000000,14.000000,14.000000,0.000000,0.000000,0.000000,0.000000,0.000000
110.000000,26.000000,10.000000,25.000000,46.000000,64.000000,2.900000,11.000000,9.300000,46.000000,5.200000,18.000000,6.100000,0.000000,0.000000
21.000000,44.000000,4.300000,19.000000,2.200000,15.000000,10.000000,0.000000,0.000000,0.000000,0.000000,0.000000,0.000000,0.000000,0.000000
13.000000,8.700000,7.800000,27.000000,2.600000,21.000000,3.500000,8.400000,0.000000,0.000000,0.000000,0.000000,0.000000,0.000000,0.000000
26.000000,6.700000,148.000000,32.000000,3.500000,117.000000,49.000000,4.200000,112.000000,16.000000,50.000000,12.000000,0.000000,0.000000,0.000000
19.000000,74.000000,104.000000,17.000000,21.000000,154.000000,17.000000,151.000000,19.000000,3.600000,0.000000,0.000000,0.000000,0.000000,0.000000
98.000000,11.000000,10.000000,2.800000,52.000000,0.000000,0.000000,0.000000,0.000000,0.000000,0.000000,0.000000,0.000000,0.000000,0.000000
2.200000,6.300000,6.100000,15.000000,23.000000,5.300000,63.000000,11.000000,0.000000,0.000000,0.000000,0.000000,0.000000,0.000000,0.000000
9.800000,4.200000,7.100000,16.000000,3.100000,40.000000,28.000000,12.000000,16.000000,9.200000,51.000000,0.000000,0.000000,0.000000,0.000000
6.200000,4.700000,27.000000,16.000000,4.300000,3.200000,5.800000,0.000000,0.000000,0.000000,0.000000,0.000000,0.000000,0.000000,0.000000
8.100000,5.000000,22.000000,9.700000,2.600000,4.200000,10.000000,0.000000,0.000000,0.000000,0.000000,0.000000,0.000000,0.000000,0.000000
168.000000,59.000000,7.800000,120.000000,12.000000,24.000000,84.000000,9.200000,20.000000,10.000000,17.000000,44.000000,9.200000,0.000000,0.000000
4.400000,19.000000,20.000000,3.800000,5.300000,20.000000,3.500000,42.000000,48.000000,25.000000,0.000000,0.000000,0.000000,0.000000,0.000000
7.300000,5.700000,31.000000,4.600000,13.000000,13.000000,38.000000,37.000000,3.300000,79.000000,16.000000,69.000000,90.000000,50.000000,0.000000
36.000000,8.600000,9.500000,16.000000,4.000000,25.000000,3.800000,3.500000,22.000000,0.000000,0.000000,0.000000,0.000000,0.000000,0.000000
28.000000,259.000000,11.000000,4.000000,23.000000,28.000000,5.500000,0.000000,0.000000,0.000000,0.000000,0.000000,0.000000,0.000000,0.000000
135.000000,50.000000,58.000000,40.000000,12.000000,4.800000,17.000000,18.000000,6.200000,29.000000,0.000000,0.000000,0.000000,0.000000,0.000000
16.000000,76.000000,30.000000,19.000000,5.300000,86.000000,1.800000,13.000000,88.000000,45.000000,8.900000,19.000000,107.000000,0.000000,0.000000
26.000000,34.000000,18.000000,28.000000,57.000000,18.000000,7.000000,12.000000,12.000000,14.000000,0.000000,0.000000,0.000000,0.000000,0.000000
7.500000,4.700000,11.000000,6.600000,11.000000,24.000000,10.000000,6.000000,28.000000,11.000000,27.000000,25.000000,0.000000,0.000000,0.000000
10.000000,32.000000,3.400000,37.000000,15.000000,13.000000,13.000000,11.000000,9.700000,25.000000,13.000000,17.000000,10.000000,0.000000,0.000000
58.000000,36.000000,11.000000,6.700000,31.000000,3.100000,7.300000,72.000000,6.100000,14.000000,0.000000,0.000000,0.000000,0.000000,0.000000
3.700000,29.000000,13.000000,29.000000,38.000000,18.000000,11.000000,2.500000,51.000000,6.400000,84.000000,0.000000,0.000000,0.000000,0.000000
30.000000,28.000000,39.000000,12.000000,20.000000,70.000000,5.100000,172.000000,0.000000,0.000000,0.000000,0.000000,0.000000,0.000000,0.000000
22.000000,5.300000,16.000000,13.000000,13.000000,16.000000,24.000000,28.000000,22.000000,16.000000,99.000000,6.200000,18.000000,99.000000,0.000000
9.300000,6.400000,7.500000,22.000000,15.000000,0.000000,0.000000,0.000000,0.000000,0.000000,0.000000,0.000000,0.000000,0.000000,0.000000
3.700000,3.400000,25.000000,7.700000,11.000000,0.000000,0.000000,0.000000,0.000000,0.000000,0.000000,0.000000,0.000000,0.000000,0.000000
2.900000,23.000000,39.000000,32.000000,47.000000,9.900000,5.300000,0.000000,0.000000,0.000000,0.000000,0.000000,0.000000,0.000000,0.000000
10.000000,6.900000,136.000000,57.000000,60.000000,16.000000,114.000000,1.700000,107.000000,46.000000,22.000000,0.000000,0.000000,0.000000,0.000000
4.100000,30.000000,4.600000,14.000000,22.000000,1.700000,0.000000,0.000000,0.000000,0.000000,0.000000,0.000000,0.000000,0.000000,0.000000
2.500000,10.000000,3.400000,13.000000,5.200000,13.000000,18.000000,0.000000,0.000000,0.000000,0.000000,0.000000,0.000000,0.000000,0.000000
4.500000,14.000000,2.700000,17.000000,4.800000,3.700000,0.000000,0.000000,0.000000,0.000000,0.000000,0.000000,0.000000,0.000000,0.000000
3.900000,25.000000,6.500000,4.500000,6.600000,10.000000,13.000000,31.000000,21.000000,21.000000,0.000000,0.000000,0.000000,0.000000,0.000000
4.400000,3.400000,9.400000,5.000000,30.000000,17.000000,31.000000,11.000000,6.300000,0.000000,0.000000,0.000000,0.000000,0.000000,0.000000
9.600000,6.100000,1.900000,22.000000,28.000000,122.000000,112.000000,112.000000,62.000000,37.000000,17.000000,186.000000,0.000000,0.000000,0.000000
15.000000,12.000000,8.500000,60.000000,1.600000,36.000000,28.000000,0.000000,0.000000,0.000000,0.000000,0.000000,0.000000,0.000000,0.000000
12.000000,24.000000,26.000000,4.100000,39.000000,34.000000,1.400000,0.000000,0.000000,0.000000,0.000000,0.000000,0.000000,0.000000,0.000000
33.000000,87.000000,99.000000,108.000000,20.000000,26.000000,5.800000,7.600000,0.000000,0.000000,0.000000,0.000000,0.000000,0.000000,0.000000
4.000000,11.000000,19.000000,7.800000,15.000000,4.700000,10.000000,75.000000,5.200000,24.000000,60.000000,36.000000,85.000000,0.000000,0.000000
3.900000,8.100000,5.300000,15.000000,8.000000,8.400000,5.200000,25.000000,15.000000,57.000000,0.000000,0.000000,0.000000,0.000000,0.000000
2.000000,5.600000,3.400000,13.000000,0.000000,0.000000,0.000000,0.000000,0.000000,0.000000,0.000000,0.000000,0.000000,0.000000,0.000000
16.000000,4.900000,17.000000,2.400000,10.000000,19.000000,74.000000,8.600000,15.000000,83.000000,182.000000,116.000000,23.000000,0.000000,0.000000
5.700000,23.000000,5.900000,5.500000,10.000000,12.000000,26.000000,8.700000,0.000000,0.000000,0.000000,0.000000,0.000000,0.000000,0.000000
32.000000,56.000000,5.300000,1.400000,58.000000,12.000000,34.000000,24.000000,12.000000,0.000000,0.000000,0.000000,0.000000,0.000000,0.000000
6.800000,63.000000,17.000000,20.000000,146.000000,40.000000,5.300000,1.800000,58.000000,0.000000,0.000000,0.000000,0.000000,0.000000,0.000000
42.000000,3.800000,34.000000,5.900000,5.100000,10.000000,6.100000,112.000000,103.000000,138.000000,16.000000,70.000000,0.000000,0.000000,0.000000
8.000000,31.000000,9.500000,10.000000,10.000000,53.000000,12.000000,50.000000,2.800000,14.000000,22.000000,14.000000,13.000000,0.000000,0.000000
51.000000,2.900000,13.000000,127.000000,3.400000,10.000000,42.000000,38.000000,0.000000,0.000000,0.000000,0.000000,0.000000,0.000000,0.000000
32.000000,97.000000,14.000000,38.000000,40.000000,11.000000,77.000000,6.700000,1.500000,21.000000,32.000000,0.000000,0.000000,0.000000,0.000000
9.700000,15.000000,7.900000,5.500000,11.000000,20.000000,6.500000,17.000000,7.800000,22.000000,0.000000,0.000000,0.000000,0.000000,0.000000
130.000000,26.000000,117.000000,97.000000,2.700000,5.300000,3.200000,0.000000,0.000000,0.000000,0.000000,0.000000,0.000000,0.000000,0.000000
2.800000,4.700000,5.700000,3.900000,12.000000,21.000000,16.000000,0.000000,0.000000,0.000000,0.000000,0.000000,0.000000,0.000000,0.000000
6.900000,8.800000,3.800000,30.000000,6.600000,22.000000,36.000000,2.400000,0.000000,0.000000,0.000000,0.000000,0.000000,0.000000,0.000000
5.500000,12.000000,4.300000,2.000000,0.000000,0.000000,0.000000,0.000000,0.000000,0.000000,0.000000,0.000000,0.000000,0.000000,0.000000
12.000000,33.000000,5.100000,15.000000,25.000000,14.000000,5.300000,6.550000,19.000000,13.000000,24.000000,4.450000,0.000000,0.000000,0.000000
6.300000,53.000000,14.000000,7.100000,2.200000,12.000000,99.000000,39.000000,27.000000,9.900000,11.000000,0.000000,0.000000,0.000000,0.000000
39.000000,164.000000,93.000000,202.000000,6.800000,12.000000,2.400000,5.800000,5.600000,14.000000,87.000000,45.000000,0.000000,0.000000,0.000000
31.000000,8.200000,52.000000,1.800000,25.000000,7.200000,24.000000,18.000000,5.500000,0.000000,0.000000,0.000000,0.000000,0.000000,0.000000
6.300000,4.700000,10.000000,31.000000,2.600000,0.000000,0.000000,0.000000,0.000000,0.000000,0.000000,0.000000,0.000000,0.000000,0.000000
1.900000,4.600000,7.600000,12.000000,8.600000,8.600000,0.000000,0.000000,0.000000,0.000000,0.000000,0.000000,0.000000,0.000000,0.000000
23.000000,2.300000,4.700000,8.700000,6.700000,40.000000,39.000000,0.000000,0.000000,0.000000,0.000000,0.000000,0.000000,0.000000,0.000000
17.000000,12.000000,11.000000,178.000000,2.100000,8.900000,10.000000,0.000000,0.000000,0.000000,0.000000,0.000000,0.000000,0.000000,0.000000
8.600000,7.800000,6.000000,37.000000,38.000000,10.000000,13.000000,3.600000,15.000000,4.700000,0.000000,0.000000,0.000000,0.000000,0.000000
103.000000,18.000000,19.000000,33.000000,66.000000,5.100000,33.000000,4.400000,4.700000,0.000000,0.000000,0.000000,0.000000,0.000000,0.000000
3.000000,4.600000,17.000000,5.900000,40.000000,5.800000,20.000000,5.900000,0.000000,0.000000,0.000000,0.000000,0.000000,0.000000,0.000000
5.800000,22.000000,6.000000,10.000000,4.000000,38.000000,11.000000,56.000000,24.000000,17.000000,5.600000,20.000000,0.000000,0.000000,0.000000
33.000000,8.400000,24.000000,19.000000,3.800000,11.000000,5.100000,15.000000,6.600000,73.000000,6.000000,0.000000,0.000000,0.000000,0.000000
151.000000,5.900000,56.000000,29.000000,24.000000,21.000000,2.300000,94.000000,3.900000,118.000000,138.000000,26.000000,152.000000,161.000000,0.000000
29.000000,3.800000,3.700000,13.000000,2.800000,5.500000,91.000000,0.000000,0.000000,0.000000,0.000000,0.000000,0.000000,0.000000,0.000000
20.000000,24.000000,15.000000,19.000000,15.000000,6.400000,17.000000,55.000000,9.600000,57.000000,2.600000,0.000000,0.000000,0.000000,0.000000
30.000000,12.000000,1.800000,6.900000,7.500000,0.000000,0.000000,0.000000,0.000000,0.000000,0.000000,0.000000,0.000000,0.000000,0.000000
7.700000,3.900000,3.100000,19.000000,2.600000,26.000000,0.000000,0.000000,0.000000,0.000000,0.000000,0.000000,0.000000,0.000000,0.000000
3.900000,1.800000,33.000000,27.000000,8.300000,12.000000,0.000000,0.000000,0.000000,0.000000,0.000000,0.000000,0.000000,0.000000,0.000000
28.000000,5.300000,2.500000,24.000000,33.000000,48.000000,7.000000,27.000000,5.000000,11.000000,0.000000,0.000000,0.000000,0.000000,0.000000
124.000000,24.000000,212.000000,101.000000,123.000000,194.000000,4.900000,10.000000,2.300000,136.000000,22.000000,34.000000,7.800000,0.000000,0.000000
7.500000,8.400000,15.000000,28.000000,35.000000,10.000000,4.300000,5.800000,8.200000,6.500000,37.000000,0.000000,0.000000,0.000000,0.000000
72.000000,7.000000,87.000000,13.000000,44.000000,40.000000,5.700000,44.000000,1.800000,6.000000,0.000000,0.000000,0.000000,0.000000,0.000000
3.500000,14.000000,109.000000,28.000000,17.000000,34.000000,10.000000,0.000000,0.000000,0.000000,0.000000,0.000000,0.000000,0.000000,0.000000
25.000000,2.000000,8.900000,6.800000,30.000000,80.000000,12.000000,4.900000,0.000000,0.000000,0.000000,0.000000,0.000000,0.000000,0.000000
26.000000,24.000000,7.300000,6.800000,6.800000,6.400000,0.000000,0.000000,0.000000,0.000000,0.000000,0.000000,0.000000,0.000000,0.000000
18.000000,46.000000,14.000000,12.000000,14.000000,4.600000,0.000000,0.000000,0.000000,0.000000,0.000000,0.000000,0.000000,0.000000,0.000000
85.000000,21.000000,122.000000,3.200000,21.000000,31.000000,11.000000,8.500000,9.800000,19.000000,5.900000,12.000000,8.000000,0.000000,0.000000
7.400000,11.000000,40.000000,23.000000,45.000000,70.000000,16.000000,55.000000,15.000000,6.500000,5.400000,11.000000,0.000000,0.000000,0.000000
27.000000,72.000000,13.000000,2.000000,74.000000,3.700000,43.000000,4.800000,30.000000,0.000000,0.000000,0.000000,0.000000,0.000000,0.000000
55.000000,48.000000,47.000000,29.000000,10.000000,2.200000,11.000000,3.000000,8.300000,0.000000,0.000000,0.000000,0.000000,0.000000,0.000000
51.000000,14.000000,46.000000,28.000000,6.100000,45.000000,33.000000,16.000000,8.100000,16.000000,0.000000,0.000000,0.000000,0.000000,0.000000
6.600000,3.900000,12.000000,27.000000,6.100000,3.800000,6.400000,18.000000,68.000000,0.000000,0.000000,0.000000,0.000000,0.000000,0.000000
3.600000,7.200000,5.600000,5.700000,39.000000,17.000000,11.000000,32.000000,22.000000,6.100000,0.000000,0.000000,0.000000,0.000000,0.000000
21.000000,28.000000,29.000000,10.000000,9.400000,3.100000,8.300000,23.000000,16.000000,11.000000,7.700000,33.000000,0.000000,0.000000,0.000000
17.000000,34.000000,3.500000,4.700000,13.000000,6.800000,36.000000,7.800000,27.000000,16.000000,14.000000,92.000000,36.000000,37.000000,0.000000
20.000000,51.000000,93.000000,33.000000,42.000000,33.000000,4.900000,33.000000,2.700000,8.900000,0.000000,0.000000,0.000000,0.000000,0.000000
7.500000,11.000000,32.000000,11.000000,14.000000,3.900000,8.700000,20.000000,3.100000,44.000000,0.000000,0.000000,0.000000,0.000000,0.000000
47.000000,11.000000,8.800000,31.000000,57.000000,11.000000,3.800000,6.300000,0.000000,0.000000,0.000000,0.000000,0.000000,0.000000,0.000000
7.700000,5.600000,51.000000,12.000000,10.000000,97.000000,14.000000,0.000000,0.000000,0.000000,0.000000,0.000000,0.000000,0.000000,0.000000
4.100000,4.400000,9.800000,28.000000,1.700000,0.000000,0.000000,0.000000,0.000000,0.000000,0.000000,0.000000,0.000000,0.000000,0.000000
6.600000,4.400000,19.000000,10.000000,4.900000,6.300000,8.500000,19.000000,23.000000,27.000000,46.000000,51.000000,0.000000,0.000000,0.000000
6.700000,24.000000,5.800000,26.000000,10.000000,11.000000,19.000000,0.000000,0.000000,0.000000,0.000000,0.000000,0.000000,0.000000,0.000000
36.000000,5.000000,23.000000,29.000000,13.000000,8.200000,0.000000,0.000000,0.000000,0.000000,0.000000,0.000000,0.000000,0.000000,0.000000
3.900000,8.600000,122.000000,10.000000,66.000000,110.000000,44.000000,5.000000,8.000000,100.000000,28.000000,0.000000,0.000000,0.000000,0.000000
56.000000,7.300000,22.000000,11.000000,87.000000,170.000000,200.000000,2.800000,18.000000,41.000000,28.000000,0.000000,0.000000,0.000000,0.000000
95.000000,40.000000,30.000000,17.000000,54.000000,57.000000,6.300000,12.000000,63.000000,57.000000,45.000000,571.000000,4.800000,0.000000,0.000000
2.500000,13.000000,19.000000,4.500000,11.000000,39.000000,10.000000,5.300000,123.000000,111.000000,0.000000,0.000000,0.000000,0.000000,0.000000
16.000000,1.700000,119.000000,4.200000,5.100000,126.000000,165.000000,150.000000,0.000000,0.000000,0.000000,0.000000,0.000000,0.000000,0.000000
11.000000,6.700000,1.800000,10.000000,51.000000,66.000000,17.000000,9.100000,104.000000,39.000000,54.000000,137.000000,40.000000,76.000000,0.000000
39.000000,91.000000,2.800000,4.400000,23.000000,26.000000,49.000000,35.000000,9.500000,28.000000,21.000000,4.300000,0.000000,0.000000,0.000000
17.000000,12.000000,16.000000,18.000000,31.000000,12.000000,36.000000,24.000000,14.000000,35.000000,2.500000,30.000000,6.300000,0.000000,0.000000
13.000000,42.000000,11.000000,56.000000,7.500000,30.000000,56.000000,10.000000,37.000000,12.000000,0.000000,0.000000,0.000000,0.000000,0.000000
1.700000,91.000000,58.000000,5.300000,29.000000,19.000000,15.000000,36.000000,6.300000,112.000000,26.000000,0.000000,0.000000,0.000000,0.000000
11.000000,13.000000,11.000000,4.400000,25.000000,19.000000,4.200000,6.900000,112.000000,99.000000,66.000000,17.000000,0.000000,0.000000,0.000000
9.000000,84.000000,110.000000,14.000000,14.000000,66.000000,10.000000,15.000000,21.000000,44.000000,2.200000,140.000000,10.000000,0.000000,0.000000
4.900000,3.800000,20.000000,8.800000,20.000000,20.000000,6.000000,0.000000,0.000000,0.000000,0.000000,0.000000,0.000000,0.000000,0.000000
31.000000,43.000000,21.000000,62.000000,108.000000,27.000000,8.800000,8.800000,4.900000,8.000000,0.000000,0.000000,0.000000,0.000000,0.000000
22.000000,17.000000,96.000000,16.000000,4.900000,2.700000,36.000000,4.600000,14.000000,37.000000,0.000000,0.000000,0.000000,0.000000,0.000000
67.000000,12.000000,48.000000,4.900000,45.000000,47.000000,1.800000,16.000000,13.000000,26.000000,33.000000,54.000000,27.000000,0.000000,0.000000
13.000000,8.400000,33.000000,4.300000,5.900000,13.000000,14.000000,33.000000,118.000000,26.000000,0.000000,0.000000,0.000000,0.000000,0.000000
30.000000,2.400000,8.200000,7.900000,30.000000,93.000000,11.000000,13.000000,10.000000,8.800000,28.000000,20.000000,0.000000,0.000000,0.000000
8.700000,4.000000,8.900000,4.300000,10.000000,12.000000,15.000000,6.200000,15.000000,0.000000,0.000000,0.000000,0.000000,0.000000,0.000000
28.000000,24.000000,8.200000,5.800000,32.000000,23.000000,10.000000,7.800000,14.000000,6.200000,13.000000,15.000000,59.000000,8.600000,0.000000
2.600000,3.600000,2.800000,8.100000,16.000000,0.000000,0.000000,0.000000,0.000000,0.000000,0.000000,0.000000,0.000000,0.000000,0.000000
2.600000,41.000000,4.900000,27.000000,60.000000,0.000000,0.000000,0.000000,0.000000,0.000000,0.000000,0.000000,0.000000,0.000000,0.000000
4.500000,54.000000,55.000000,55.000000,5.100000,9.900000,70.000000,5.500000,223.000000,0.000000,0.000000,0.000000,0.000000,0.000000,0.000000
2.500000,7.000000,18.000000,21.000000,31.000000,28.000000,10.000000,4.600000,6.100000,0.000000,0.000000,0.000000,0.000000,0.000000,0.000000
56.000000,41.000000,11.000000,10.000000,17.000000,4.600000,0.000000,0.000000,0.000000,0.000000,0.000000,0.000000,0.000000,0.000000,0.000000
44.000000,3.200000,34.000000,118.000000,50.000000,3.600000,106.000000,4.800000,5.600000,66.000000,15.000000,70.000000,57.000000,71.000000,0.000000
17.000000,3.900000,9.800000,80.000000,86.000000,17.000000,7.900000,5.500000,176.000000,0.000000,0.000000,0.000000,0.000000,0.000000,0.000000
3.900000,162.000000,8.200000,94.000000,4.100000,17.000000,47.000000,197.000000,0.000000,0.000000,0.000000,0.000000,0.000000,0.000000,0.000000
11.000000,33.000000,61.000000,19.000000,4.000000,13.000000,5.200000,9.400000,4.700000,97.000000,0.000000,0.000000,0.000000,0.000000,0.000000
14.000000,5.500000,2.800000,3.900000,4.400000,15.000000,54.000000,0.000000,0.000000,0.000000,0.000000,0.000000,0.000000,0.000000,0.000000
7.000000,12.000000,10.000000,5.900000,6.700000,18.000000,34.000000,2.100000,0.000000,0.000000,0.000000,0.000000,0.000000,0.000000,0.000000
27.000000,6.700000,19.000000,13.000000,42.000000,26.000000,43.000000,3.100000,24.000000,10.000000,0.000000,0.000000,0.000000,0.000000,0.000000
9.300000,3.300000,5.500000,3.500000,61.000000,67.000000,9.500000,10.000000,58.000000,14.000000,0.000000,0.000000,0.000000,0.000000,0.000000
54.000000,5.300000,8.200000,77.000000,3.600000,4.100000,91.000000,66.000000,0.000000,0.000000,0.000000,0.000000,0.000000,0.000000,0.000000
7.200000,6.000000,5.100000,1.900000,30.000000,24.000000,10.000000,0.000000,0.000000,0.000000,0.000000,0.000000,0.000000,0.000000,0.000000
9.800000,4.400000,49.000000,5.200000,14.000000,4.800000,38.000000,70.000000,21.000000,70.000000,63.000000,13.000000,21.000000,7.500000,0.000000
9.300000,2.400000,5.900000,5.900000,9.700000,19.000000,17.000000,0.000000,0.000000,0.000000,0.000000,0.000000,0.000000,0.000000,0.000000
6.600000,46.000000,73.000000,6.100000,16.000000,35.000000,4.600000,82.000000,16.000000,11.000000,2.700000,0.000000,0.000000,0.000000,0.000000
52.000000,3.900000,2.500000,8.100000,12.000000,3.000000,0.000000,0.000000,0.000000,0.000000,0.000000,0.000000,0.000000,0.000000,0.000000
5.100000,4.800000,62.000000,17.000000,8.300000,25.000000,6.300000,37.000000,11.000000,39.000000,4.400000,46.000000,0.000000,0.000000,0.000000
80.000000,3.400000,56.000000,12.000000,2.000000,0.000000,0.000000,0.000000,0.000000,0.000000,0.000000,0.000000,0.000000,0.000000,0.000000
45.000000,3.100000,4.300000,9.100000,12.000000,2.300000,0.000000,0.000000,0.000000,0.000000,0.000000,0.000000,0.000000,0.000000,0.000000
58.000000,17.000000,22.000000,9.600000,2.700000,3.000000,0.000000,0.000000,0.000000,0.000000,0.000000,0.000000,0.000000,0.000000,0.000000
135.000000,113.000000,91.000000,105.000000,44.000000,2.500000,105.000000,7.400000,29.000000,17.000000,6.400000,9.100000,0.000000,0.000000,0.000000
8.600000,15.000000,17.000000,7.300000,83.000000,7.300000,13.000000,3.000000,0.000000,0.000000,0.000000,0.000000,0.000000,0.000000,0.000000
2.900000,7.100000,9.800000,9.200000,38.000000,3.600000,5.100000,0.000000,0.000000,0.000000,0.000000,0.000000,0.000000,0.000000,0.000000
9.800000,33.000000,18.000000,3.400000,7.900000,7.100000,5.700000,60.000000,6.500000,15.000000,30.000000,0.000000,0.000000,0.000000,0.000000
41.000000,113.000000,10.000000,21.000000,117.000000,8.500000,23.000000,193.000000,5.700000,141.000000,12.000000,4.300000,5.100000,0.000000,0.000000
8.000000,6.200000,14.000000,9.400000,6.600000,23.000000,7.000000,2.500000,0.000000,0.000000,0.000000,0.000000,0.000000,0.000000,0.000000
79.000000,53.000000,22.000000,3.800000,20.000000,6.200000,1.700000,0.000000,0.000000,0.000000,0.000000,0.000000,0.000000,0.000000,0.000000
2.900000,5.700000,12.000000,16.000000,46.000000,42.000000,0.000000,0.000000,0.000000,0.000000,0.000000,0.000000,0.000000,0.000000,0.000000
1.800000,6.700000,6.600000,17.000000,17.000000,0.000000,0.000000,0.000000,0.000000,0.000000,0.000000,0.000000,0.000000,0.000000,0.000000
2.100000,13.000000,14.000000,51.000000,11.000000,4.400000,5.500000,48.000000,21.000000,0.000000,0.000000,0.000000,0.000000,0.000000,0.000000
107.000000,201.000000,2.700000,41.000000,160.000000,34.000000,235.000000,4.500000,8.200000,9.100000,0.000000,0.000000,0.000000,0.000000,0.000000
84.000000,63.000000,5.800000,4.000000,6.700000,4.700000,12.000000,6.900000,34.000000,19.000000,13.000000,0.000000,0.000000,0.000000,0.000000
98.000000,4.800000,33.000000,24.000000,7.000000,54.000000,12.000000,2.900000,38.000000,35.000000,0.000000,0.000000,0.000000,0.000000,0.000000
7.800000,20.000000,8.400000,3.100000,7.400000,5.700000,31.000000,13.000000,7.400000,41.000000,0.000000,0.000000,0.000000,0.000000,0.000000
4.300000,47.000000,3.000000,41.000000,13.000000,7.300000,11.000000,5.100000,82.000000,44.000000,20.000000,0.000000,0.000000,0.000000,0.000000
51.000000,175.000000,11.000000,9.400000,8.700000,18.000000,102.000000,6.000000,6.400000,7.700000,90.000000,3.200000,134.000000,144.000000,0.000000
12.000000,15.000000,3.600000,8.800000,10.000000,17.000000,25.000000,5.100000,12.000000,11.000000,16.000000,39.000000,0.000000,0.000000,0.000000
5.000000,14.000000,14.000000,21.000000,11.000000,17.000000,13.000000,27.000000,7.300000,16.000000,6.700000,43.000000,19.000000,9.400000,0.000000
3.500000,8.700000,44.000000,6.500000,23.000000,52.000000,1.800000,0.000000,0.000000,0.000000,0.000000,0.000000,0.000000,0.000000,0.000000
7.000000,32.000000,5.800000,23.000000,19.000000,6.900000,4.300000,11.000000,6.300000,22.000000,17.000000,62.000000,0.000000,0.000000,0.000000
4.800000,5.100000,4.100000,13.000000,17.000000,22.000000,8.800000,6.600000,10.000000,0.000000,0.000000,0.000000,0.000000,0.000000,0.000000
5.300000,15.000000,7.000000,1.600000,7.700000,15.000000,0.000000,0.000000,0.000000,0.000000,0.000000,0.000000,0.000000,0.000000,0.000000
12.000000,69.000000,15.000000,5.000000,71.000000,9.500000,27.000000,11.000000,5.000000,6.300000,0.000000,0.000000,0.000000,0.000000,0.000000
3.700000,4.200000,20.000000,9.900000,6.900000,5.400000,10.000000,0.000000,0.000000,0.000000,0.000000,0.000000,0.000000,0.000000,0.000000
4.500000,14.000000,27.000000,58.000000,19.000000,41.000000,27.000000,2.200000,0.000000,0.000000,0.000000,0.000000,0.000000,0.000000,0.000000
3.600000,12.000000,33.000000,13.000000,4.500000,19.000000,8.700000,9.800000,7.100000,19.000000,75.000000,68.000000,108.000000,0.000000,0.000000
13.000000,3.800000,5.500000,17.000000,7.300000,7.700000,9.500000,0.000000,0.000000,0.000000,0.000000,0.000000,0.000000,0.000000,0.000000
128.000000,128.000000,13.000000,3.400000,64.000000,85.000000,6.100000,5.000000,7.500000,10.000000,7.600000,0.000000,0.000000,0.000000,0.000000
3.400000,28.000000,4.200000,3.100000,40.000000,35.000000,70.000000,10.000000,25.000000,0.000000,0.000000,0.000000,0.000000,0.000000,0.000000
2.400000,3.600000,47.000000,16.000000,11.000000,60.000000,10.000000,32.000000,5.900000,0.000000,0.000000,0.000000,0.000000,0.000000,0.000000
23.000000,48.000000,104.000000,63.000000,123.000000,5.700000,17.000000,9.800000,4.200000,85.000000,3.500000,0.000000,0.000000,0.000000,0.000000
14.000000,7.300000,6.600000,13.000000,8.800000,5.400000,5.500000,3.900000,48.000000,0.000000,0.000000,0.000000,0.000000,0.000000,0.000000
3.800000,11.000000,6.300000,144.000000,18.000000,6.600000,19.000000,73.000000,14.000000,0.000000,0.000000,0.000000,0.000000,0.000000,0.000000
13.000000,33.000000,9.700000,3.300000,10.000000,11.000000,6.300000,42.000000,9.100000,34.000000,129.000000,7.600000,56.000000,0.000000,0.000000
57.000000,18.000000,8.200000,5.200000,11.000000,2.100000,0.000000,0.000000,0.000000,0.000000,0.000000,0.000000,0.000000,0.000000,0.000000
6.600000,11.000000,7.900000,3.100000,12.000000,4.100000,5.500000,0.000000,0.000000,0.000000,0.000000,0.000000,0.000000,0.000000,0.000000
51.000000,5.500000,2.700000,15.000000,10.000000,11.000000,3.700000,8.900000,0.000000,0.000000,0.000000,0.000000,0.000000,0.000000,0.000000
36.000000,36.000000,10.000000,74.000000,7.100000,5.900000,8.600000,3.300000,123.000000,19.000000,46.000000,134.000000,13.000000,7.400000,0.000000
33.000000,8.800000,16.000000,57.000000,83.000000,7.800000,85.000000,16.000000,46.000000,7.100000,0.000000,0.000000,0.000000,0.000000,0.000000
5.500000,6.300000,5.900000,47.000000,3.600000,46.000000,34.000000,40.000000,13.000000,10.000000,21.000000,79.000000,21.000000,57.000000,0.000000
49.000000,51.000000,12.000000,2.800000,8.400000,9.300000,24.000000,6.300000,69.000000,37.000000,49.000000,4.400000,0.000000,0.000000,0.000000
5.000000,2.800000,54.000000,75.000000,4.100000,12.000000,43.000000,0.000000,0.000000,0.000000,0.000000,0.000000,0.000000,0.000000,0.000000
2.900000,5.800000,11.000000,15.000000,19.000000,13.000000,3.800000,7.500000,0.000000,0.000000,0.000000,0.000000,0.000000,0.000000,0.000000
2.400000,103.000000,144.000000,22.000000,7.800000,5.100000,34.000000,43.000000,14.000000,6.400000,0.000000,0.000000,0.000000,0.000000,0.000000
4.300000,5.700000,18.000000,32.000000,16.000000,2.000000,87.000000,68.000000,10.000000,0.000000,0.000000,0.000000,0.000000,0.000000,0.000000
12.000000,4.800000,29.000000,28.000000,28.000000,2.800000,6.800000,20.000000,0.000000,0.000000,0.000000,0.000000,0.000000,0.000000,0.000000
117.000000,37.000000,6.000000,88.000000,47.000000,6.400000,176.000000,0.000000,0.000000,0.000000,0.000000,0.000000,0.000000,0.000000,0.000000
3.900000,2.300000,7.200000,14.000000,15.000000,59.000000,10.000000,23.000000,15.000000,0.000000,0.000000,0.000000,0.000000,0.000000,0.000000
3.400000,9.400000,2.500000,10.000000,5.100000,9.800000,0.000000,0.000000,0.000000,0.000000,0.000000,0.000000,0.000000,0.000000,0.000000
4.500000,10.000000,111.000000,37.000000,13.000000,27.000000,5.100000,7.200000,3.900000,0.000000,0.000000,0.000000,0.000000,0.000000,0.000000
106.000000,9.600000,1.600000,31.000000,70.000000,29.000000,117.000000,109.000000,13.000000,6.400000,0.000000,0.000000,0.000000,0.000000,0.000000
70.000000,37.000000,32.000000,9.700000,46.000000,147.000000,3.200000,17.000000,15.000000,17.000000,64.000000,0.000000,0.000000,0.000000,0.000000
29.000000,39.000000,14.000000,36.000000,16.000000,63.000000,5.100000,20.000000,59.000000,2.000000,50.000000,0.000000,0.000000,0.000000,0.000000
5.500000,8.000000,3.900000,7.100000,14.000000,25.000000,13.000000,8.500000,14.000000,24.000000,13.000000,0.000000,0.000000,0.000000,0.000000
3.500000,11.000000,7.900000,5.100000,22.000000,4.400000,15.000000,22.000000,0.000000,0.000000,0.000000,0.000000,0.000000,0.000000,0.000000
36.000000,7.700000,23.000000,12.000000,1.700000,25.000000,7.500000,0.000000,0.000000,0.000000,0.000000,0.000000,0.000000,0.000000,0.000000
15.000000,8.700000,3.700000,13.000000,27.000000,10.000000,5.800000,51.000000,3.800000,12.000000,0.000000,0.000000,0.000000,0.000000,0.000000
2.100000,7.500000,34.000000,8.700000,6.400000,6.900000,6.800000,0.000000,0.000000,0.000000,0.000000,0.000000,0.000000,0.000000,0.000000
6.800000,24.000000,117.000000,19.000000,8.200000,4.600000,5.300000,18.000000,78.000000,7.400000,9.800000,33.000000,0.000000,0.000000,0.000000
10.000000,15.000000,6.700000,4.300000,108.000000,2.000000,18.000000,73.000000,191.000000,219.000000,47.000000,25.000000,0.000000,0.000000,0.000000
23.000000,9.900000,12.000000,8.400000,19.000000,6.300000,2.300000,4.900000,0.000000,0.000000,0.000000,0.000000,0.000000,0.000000,0.000000
4.400000,5.000000,3.900000,3.200000,44.000000,8.200000,19.000000,0.000000,0.000000,0.000000,0.000000,0.000000,0.000000,0.000000,0.000000
22.000000,2.900000,25.000000,22.000000,4.500000,4.000000,8.800000,9.900000,38.000000,0.000000,0.000000,0.000000,0.000000,0.000000,0.000000
2.500000,23.000000,5.300000,33.000000,17.000000,15.000000,6.400000,33.000000,17.000000,24.000000,99.000000,0.000000,0.000000,0.000000,0.000000
48.000000,7.500000,20.000000,27.000000,80.000000,127.000000,11.000000,141.000000,8.400000,1.600000,0.000000,0.000000,0.000000,0.000000,0.000000
22.000000,155.000000,77.000000,18.000000,74.000000,4.700000,77.000000,25.000000,6.300000,4.700000,2.800000,0.000000,0.000000,0.000000,0.000000
10.000000,14.000000,19.000000,64.000000,10.000000,43.000000,19.000000,16.000000,9.900000,37.000000,33.000000,0.000000,0.000000,0.000000,0.000000
24.000000,28.000000,16.000000,43.000000,6.900000,28.000000,22.000000,25.000000,6.600000,6.300000,47.000000,5.300000,5.200000,17.000000,0.000000
2.700000,13.000000,2.400000,5.900000,18.000000,9.900000,0.000000,0.000000,0.000000,0.000000,0.000000,0.000000,0.000000,0.000000,0.000000
17.000000,3.500000,72.000000,37.000000,4.900000,3.200000,14.000000,43.000000,59.000000,5.600000,0.000000,0.000000,0.000000,0.000000,0.000000
26.000000,80.000000,49.000000,18.000000,7.200000,3.100000,1.600000,0.000000,0.000000,0.000000,0.000000,0.000000,0.000000,0.000000,0.000000
24.000000,7.900000,6.800000,39.000000,4.200000,7.900000,22.000000,49.000000,7.400000,0.000000,0.000000,0.000000,0.000000,0.000000,0.000000
68.000000,61.000000,23.000000,7.200000,6.600000,31.000000,24.000000,21.000000,5.500000,14.000000,8.100000,0.000000,0.000000,0.000000,0.000000
16.000000,29.000000,8.800000,2.000000,31.000000,45.000000,18.000000,5.100000,6.400000,0.000000,0.000000,0.000000,0.000000,0.000000,0.000000
27.000000,9.000000,14.000000,23.000000,7.800000,8.700000,36.000000,48.000000,32.000000,2.300000,0.000000,0.000000,0.000000,0.000000,0.000000
3.700000,14.000000,2.800000,7.800000,10.000000,10.000000,10.000000,16.000000,43.000000,0.000000,0.000000,0.000000,0.000000,0.000000,0.000000
77.000000,3.900000,39.000000,11.000000,31.000000,61.000000,16.000000,6.000000,23.000000,35.000000,24.000000,30.000000,8.700000,0.000000,0.000000
116.000000,68.000000,10.000000,44.000000,1.700000,38.000000,17.000000,12.000000,58.000000,72.000000,4.400000,0.000000,0.000000,0.000000,0.000000
13.000000,15.000000,14.000000,22.000000,2.500000,79.000000,14.000000,0.000000,0.000000,0.000000,0.000000,0.000000,0.000000,0.000000,0.000000
14.000000,5.200000,7.900000,5.400000,19.000000,9.300000,5.700000,11.000000,14.000000,28.000000,37.000000,0.000000,0.000000,0.000000,0.000000
5.800000,7.100000,4.000000,31.000000,60.000000,7.900000,4.900000,11.000000,7.500000,74.000000,0.000000,0.000000,0.000000,0.000000,0.000000
34.000000,28.000000,9.100000,12.000000,14.000000,57.000000,22.000000,52.000000,35.000000,7.200000,3.700000,0.000000,0.000000,0.000000,0.000000
8.800000,4.700000,3.900000,7.000000,48.000000,14.000000,5.600000,9.400000,133.000000,91.000000,0.000000,0.000000,0.000000,0.000000,0.000000
21.000000,31.000000,15.000000,3.600000,9.100000,11.000000,25.000000,4.200000,41.000000,93.000000,141.000000,14.000000,54.000000,18.000000,0.000000
6.500000,24.000000,40.000000,96.000000,18.000000,19.000000,2.000000,0.000000,0.000000,0.000000,0.000000,0.000000,0.000000,0.000000,0.000000
21.000000,21.000000,7.300000,9.500000,6.300000,5.000000,9.500000,0.000000,0.000000,0.000000,0.000000,0.000000,0.000000,0.000000,0.000000
61.000000,42.000000,3.100000,107.000000,107.000000,10.000000,12.000000,3.300000,0.000000,0.000000,0.000000,0.000000,0.000000,0.000000,0.000000
2.900000,65.000000,24.000000,19.000000,54.000000,6.200000,6.200000,2.500000,0.000000,0.000000,0.000000,0.000000,0.000000,0.000000,0.000000
4.600000,5.100000,3.900000,3.400000,12.000000,41.000000,37.000000,0.000000,0.000000,0.000000,0.000000,0.000000,0.000000,0.000000,0.000000
5.100000,6.800000,11.000000,56.000000,19.000000,78.000000,20.000000,1.600000,0.000000,0.000000,0.000000,0.000000,0.000000,0.000000,0.000000
82.000000,65.000000,27.000000,5.000000,6.300000,10.000000,31.000000,0.000000,0.000000,0.000000,0.000000,0.000000,0.000000,0.000000,0.000000
5.800000,8.800000,124.000000,2.800000,24.000000,24.000000,28.000000,0.000000,0.000000,0.000000,0.000000,0.000000,0.000000,0.000000,0.000000
16.000000,13.000000,19.000000,5.500000,3.400000,4.100000,34.000000,41.000000,14.000000,80.000000,0.000000,0.000000,0.000000,0.000000,0.000000
6.700000,11.000000,13.000000,36.000000,2.200000,45.000000,56.000000,9.300000,16.000000,14.000000,8.600000,0.000000,0.000000,0.000000,0.000000
29.000000,11.000000,3.000000,2.900000,17.000000,7.200000,131.000000,85.000000,0.000000,0.000000,0.000000,0.000000,0.000000,0.000000,0.000000
45.000000,107.000000,3.900000,24.000000,9.600000,16.000000,80.000000,11.000000,90.000000,0.000000,0.000000,0.000000,0.000000,0.000000,0.000000
24.000000,103.000000,4.200000,6.700000,39.000000,17.000000,96.000000,6.500000,4.300000,5.000000,104.000000,16.000000,0.000000,0.000000,0.000000
19.000000,17.000000,45.000000,16.000000,7.400000,11.000000,11.000000,1.600000,12.000000,0.000000,0.000000,0.000000,0.000000,0.000000,0.000000
31.000000,3.400000,32.000000,25.000000,5.700000,12.000000,3.100000,4.800000,0.000000,0.000000,0.000000,0.000000,0.000000,0.000000,0.000000
7.800000,2.200000,3.100000,12.000000,8.100000,20.000000,25.000000,0.000000,0.000000,0.000000,0.000000,0.000000,0.000000,0.000000,0.000000
62.000000,43.000000,25.000000,14.000000,1.800000,16.000000,27.000000,0.000000,0.000000,0.000000,0.000000,0.000000,0.000000,0.000000,0.000000
5.900000,7.800000,71.000000,19.000000,61.000000,4.800000,113.000000,1.900000,113.000000,0.000000,0.000000,0.000000,0.000000,0.000000,0.000000
6.600000,5.300000,16.000000,2.900000,7.500000,0.000000,0.000000,0.000000,0.000000,0.000000,0.000000,0.000000,0.000000,0.000000,0.000000
17.000000,22.000000,19.000000,15.000000,2.800000,3.800000,0.000000,0.000000,0.000000,0.000000,0.000000,0.000000,0.000000,0.000000,0.000000
8.700000,5.300000,5.400000,2.200000,11.000000,6.300000,0.000000,0.000000,0.000000,0.000000,0.000000,0.000000,0.000000,0.000000,0.000000
2.500000,20.000000,13.000000,14.000000,8.800000,2.400000,0.000000,0.000000,0.000000,0.000000,0.000000,0.000000,0.000000,0.000000,0.000000
3.900000,6.400000,40.000000,1.700000,14.000000,37.000000,11.000000,0.000000,0.000000,0.000000,0.000000,0.000000,0.000000,0.000000,0.000000
4.600000,10.000000,5.000000,5.600000,7.200000,14.000000,12.000000,5.700000,34.000000,0.000000,0.000000,0.000000,0.000000,0.000000,0.000000
157.000000,82.000000,28.000000,8.800000,72.000000,13.000000,2.500000,0.000000,0.000000,0.000000,0.000000,0.000000,0.000000,0.000000,0.000000
18.000000,2.900000,5.100000,2.000000,10.000000,0.000000,0.000000,0.000000,0.000000,0.000000,0.000000,0.000000,0.000000,0.000000,0.000000
73.000000,4.500000,1.700000,74.000000,14.000000,28.000000,42.000000,25.000000,88.000000,11.000000,0.000000,0.000000,0.000000,0.000000,0.000000
60.000000,8.600000,20.000000,14.000000,11.000000,1.800000,5.300000,0.000000,0.000000,0.000000,0.000000,0.000000,0.000000,0.000000,0.000000
23.000000,2.500000,29.000000,70.000000,145.000000,255.000000,43.000000,13.000000,42.000000,3.200000,7.200000,0.000000,0.000000,0.000000,0.000000
10.000000,23.000000,2.500000,3.900000,27.000000,27.000000,100.000000,14.000000,8.400000,64.000000,0.000000,0.000000,0.000000,0.000000,0.000000
14.000000,10.000000,6.900000,36.000000,14.000000,30.000000,6.600000,5.100000,10.000000,4.800000,10.000000,0.000000,0.000000,0.000000,0.000000
9.000000,15.000000,7.600000,11.000000,6.600000,110.000000,28.000000,3.000000,19.000000,32.000000,59.000000,0.000000,0.000000,0.000000,0.000000
64.000000,5.600000,35.000000,3.800000,12.000000,194.000000,16.000000,5.700000,0.000000,0.000000,0.000000,0.000000,0.000000,0.000000,0.000000
18.000000,6.800000,30.000000,46.000000,133.000000,3.600000,13.000000,58.000000,47.000000,10.000000,146.000000,152.000000,2.700000,0.000000,0.000000
11.000000,21.000000,10.000000,28.000000,4.900000,4.100000,17.000000,40.000000,102.000000,41.000000,143.000000,0.000000,0.000000,0.000000,0.000000
120.000000,15.000000,53.000000,50.000000,10.000000,24.000000,13.000000,6.600000,57.000000,0.000000,0.000000,0.000000,0.000000,0.000000,0.000000
3.900000,2.800000,3.200000,21.000000,7.100000,15.000000,0.000000,0.000000,0.000000,0.000000,0.000000,0.000000,0.000000,0.000000,0.000000
14.000000,23.000000,45.000000,10.000000,10.000000,75.000000,4.700000,20.000000,4.500000,0.000000,0.000000,0.000000,0.000000,0.000000,0.000000
15.000000,13.000000,13.000000,38.000000,57.000000,71.000000,2.500000,143.000000,5.000000,31.000000,0.000000,0.000000,0.000000,0.000000,0.000000
1.600000,19.000000,65.000000,9.400000,7.200000,8.900000,111.000000,37.000000,38.000000,12.000000,77.000000,0.000000,0.000000,0.000000,0.000000
19.000000,12.000000,10.000000,61.000000,4.600000,8.000000,70.000000,4.200000,9.400000,9.400000,29.000000,13.000000,37.000000,0.000000,0.000000
185.000000,187.000000,54.000000,28.000000,2.000000,59.000000,13.000000,17.000000,111.000000,17.000000,75.000000,2.800000,0.000000,0.000000,0.000000
2.900000,7.500000,3.400000,80.000000,13.000000,31.000000,41.000000,113.000000,42.000000,19.000000,116.000000,18.000000,38.000000,0.000000,0.000000
1.900000,8.200000,21.000000,39.000000,5.700000,21.000000,80.000000,53.000000,81.000000,90.000000,64.000000,0.000000,0.000000,0.000000,0.000000
6.800000,6.200000,2.300000,16.000000,5.200000,12.000000,22.000000,13.000000,0.000000,0.000000,0.000000,0.000000,0.000000,0.000000,0.000000
58.000000,32.000000,8.100000,6.900000,22.000000,32.000000,7.300000,4.200000,60.000000,2.400000,0.000000,0.000000,0.000000,0.000000,0.000000
38.000000,31.000000,7.600000,34.000000,2.200000,37.000000,3.700000,14.000000,6.900000,0.000000,0.000000,0.000000,0.000000,0.000000,0.000000
4.100000,6.800000,2.200000,18.000000,4.000000,0.000000,0.000000,0.000000,0.000000,0.000000,0.000000,0.000000,0.000000,0.000000,0.000000
3.700000,8.800000,10.000000,11.000000,8.900000,33.000000,16.000000,43.000000,41.000000,11.000000,23.000000,0.000000,0.000000,0.000000,0.000000
11.000000,18.000000,13.000000,2.500000,32.000000,188.000000,79.000000,13.000000,13.000000,39.000000,16.000000,30.000000,22.000000,4.200000,0.000000
10.000000,2.500000,4.300000,2.800000,14.000000,30.000000,0.000000,0.000000,0.000000,0.000000,0.000000,0.000000,0.000000,0.000000,0.000000
44.000000,79.000000,19.000000,104.000000,15.000000,8.500000,1.300000,0.000000,0.000000,0.000000,0.000000,0.000000,0.000000,0.000000,0.000000
8.200000,38.000000,4.300000,11.000000,7.300000,29.000000,16.000000,60.000000,76.000000,11.000000,0.000000,0.000000,0.000000,0.000000,0.000000
106.000000,11.000000,59.000000,35.000000,16.000000,21.000000,9.100000,98.000000,28.000000,3.400000,21.000000,91.000000,2.800000,106.000000,0.000000
17.000000,92.000000,17.000000,33.000000,17.000000,89.000000,8.700000,20.000000,2.600000,69.000000,0.000000,0.000000,0.000000,0.000000,0.000000
4.400000,40.000000,12.000000,19.000000,14.000000,11.000000,47.000000,15.000000,26.000000,16.000000,0.000000,0.000000,0.000000,0.000000,0.000000
3.200000,5.300000,16.000000,27.000000,23.000000,13.000000,8.300000,12.000000,4.200000,0.000000,0.000000,0.000000,0.000000,0.000000,0.000000
100.000000,66.000000,53.000000,47.000000,24.000000,4.900000,66.000000,11.000000,40.000000,24.000000,2.800000,33.000000,6.300000,9.300000,0.000000
26.000000,2.400000,7.700000,26.000000,23.000000,70.000000,12.000000,99.000000,9.500000,3.100000,0.000000,0.000000,0.000000,0.000000,0.000000
15.000000,28.000000,13.000000,8.900000,100.000000,29.000000,1.600000,69.000000,5.800000,35.000000,0.000000,0.000000,0.000000,0.000000,0.000000
141.000000,39.000000,110.000000,58.000000,4.800000,8.100000,14.000000,6.100000,33.000000,6.100000,4.500000,33.000000,40.000000,29.000000,0.000000
34.000000,8.700000,4.200000,5.300000,12.000000,4.500000,5.000000,24.000000,12.000000,0.000000,0.000000,0.000000,0.000000,0.000000,0.000000
108.000000,38.000000,153.000000,71.000000,55.000000,1.500000,12.000000,9.400000,4.900000,0.000000,0.000000,0.000000,0.000000,0.000000,0.000000
11.000000,2.300000,8.300000,2.700000,5.600000,0.000000,0.000000,0.000000,0.000000,0.000000,0.000000,0.000000,0.000000,0.000000,0.000000
44.000000,93.000000,21.000000,5.700000,9.300000,38.000000,10.000000,61.000000,108.000000,123.000000,0.000000,0.000000,0.000000,0.000000,0.000000
41.000000,61.000000,8.300000,20.000000,9.800000,1.400000,16.000000,86.000000,93.000000,0.000000,0.000000,0.000000,0.000000,0.000000,0.000000
4.300000,11.000000,80.000000,20.000000,11.000000,123.000000,27.000000,44.000000,9.000000,7.900000,101.000000,0.000000,0.000000,0.000000,0.000000
25.000000,9.800000,4.700000,30.000000,10.000000,7.700000,3.600000,13.000000,4.400000,0.000000,0.000000,0.000000,0.000000,0.000000,0.000000
27.000000,11.000000,15.000000,20.000000,25.000000,17.000000,4.800000,3.900000,10.000000,15.000000,42.000000,16.000000,7.300000,0.000000,0.000000
2.400000,68.000000,17.000000,8.400000,19.000000,18.000000,17.000000,13.000000,133.000000,131.000000,0.000000,0.000000,0.000000,0.000000,0.000000
8.200000,14.000000,3.700000,48.000000,56.000000,6.200000,11.000000,115.000000,10.000000,14.000000,124.000000,13.000000,34.000000,13.000000,0.000000
10.000000,33.000000,4.900000,2.000000,11.000000,16.000000,13.000000,34.000000,57.000000,21.000000,84.000000,30.000000,0.000000,0.000000,0.000000
5.500000,4.800000,5.100000,7.300000,4.800000,4.400000,30.000000,0.000000,0.000000,0.000000,0.000000,0.000000,0.000000,0.000000,0.000000
10.000000,7.500000,5.100000,12.000000,55.000000,24.000000,5.100000,20.000000,7.500000,17.000000,5.400000,0.000000,0.000000,0.000000,0.000000
57.000000,24.000000,109.000000,1.400000,39.000000,13.000000,9.000000,164.000000,9.500000,0.000000,0.000000,0.000000,0.000000,0.000000,0.000000
19.000000,1.800000,9.400000,6.400000,5.200000,23.000000,31.000000,51.000000,33.000000,0.000000,0.000000,0.000000,0.000000,0.000000,0.000000
15.000000,53.000000,82.000000,12.000000,37.000000,12.000000,54.000000,5.500000,6.900000,2.800000,0.000000,0.000000,0.000000,0.000000,0.000000
4.000000,49.000000,20.000000,29.000000,7.000000,12.000000,7.900000,8.000000,12.000000,13.000000,0.000000,0.000000,0.000000,0.000000,0.000000
11.000000,19.000000,95.000000,104.000000,20.000000,1.600000,52.000000,0.000000,0.000000,0.000000,0.000000,0.000000,0.000000,0.000000,0.000000
100.000000,49.000000,60.000000,66.000000,18.000000,19.000000,9.700000,25.000000,4.800000,72.000000,1.900000,0.000000,0.000000,0.000000,0.000000
66.000000,3.700000,4.000000,8.500000,35.000000,126.000000,30.000000,33.000000,7.000000,0.000000,0.000000,0.000000,0.000000,0.000000,0.000000
17.000000,28.000000,13.000000,4.700000,4.100000,0.000000,0.000000,0.000000,0.000000,0.000000,0.000000,0.000000,0.000000,0.000000,0.000000
17.000000,3.300000,6.200000,12.000000,7.000000,26.000000,10.000000,71.000000,11.000000,0.000000,0.000000,0.000000,0.000000,0.000000,0.000000
4.700000,7.100000,5.700000,37.000000,47.000000,6.000000,21.000000,23.000000,15.000000,86.000000,0.000000,0.000000,0.000000,0.000000,0.000000
12.000000,13.000000,26.000000,3.800000,5.400000,4.100000,61.000000,5.700000,8.900000,0.000000,0.000000,0.000000,0.000000,0.000000,0.000000
13.000000,24.000000,41.000000,29.000000,48.000000,4.700000,17.000000,19.000000,4.000000,48.000000,6.200000,0.000000,0.000000,0.000000,0.000000
190.000000,82.000000,2.200000,61.000000,10.000000,4.900000,18.000000,83.000000,7.400000,17.000000,35.000000,0.000000,0.000000,0.000000,0.000000
17.000000,11.000000,9.800000,250.000000,38.000000,12.000000,3.700000,41.000000,5.500000,4.500000,0.000000,0.000000,0.000000,0.000000,0.000000
5.100000,9.100000,4.900000,3.200000,5.800000,13.000000,9.600000,0.000000,0.000000,0.000000,0.000000,0.000000,0.000000,0.000000,0.000000
10.000000,50.000000,7.200000,43.000000,1.600000,35.000000,38.000000,10.000000,0.000000,0.000000,0.000000,0.000000,0.000000,0.000000,0.000000
14.000000,4.100000,23.000000,14.000000,23.000000,7.400000,60.000000,66.000000,0.000000,0.000000,0.000000,0.000000,0.000000,0.000000,0.000000
3.700000,24.000000,13.000000,39.000000,72.000000,6.800000,5.500000,21.000000,8.200000,3.700000,0.000000,0.000000,0.000000,0.000000,0.000000
7.000000,66.000000,21.000000,4.600000,11.000000,3.200000,8.600000,6.000000,24.000000,29.000000,0.000000,0.000000,0.000000,0.000000,0.000000
66.000000,78.000000,13.000000,235.000000,3.000000,4.000000,5.200000,93.000000,23.000000,234.000000,0.000000,0.000000,0.000000,0.000000,0.000000
3.900000,23.000000,10.000000,3.200000,4.400000,17.000000,8.400000,24.000000,26.000000,0.000000,0.000000,0.000000,0.000000,0.000000,0.000000
30.000000,10.000000,2.200000,9.500000,19.000000,3.600000,7.800000,21.000000,0.000000,0.000000,0.000000,0.000000,0.000000,0.000000,0.000000
6.500000,26.000000,52.000000,30.000000,5.500000,15.000000,14.000000,0.000000,0.000000,0.000000,0.000000,0.000000,0.000000,0.000000,0.000000
164.000000,204.000000,250.000000,6.200000,147.000000,11.000000,7.200000,90.000000,33.000000,41.000000,0.000000,0.000000,0.000000,0.000000,0.000000
2.500000,15.000000,4.300000,7.000000,9.600000,7.600000,11.000000,28.000000,0.000000,0.000000,0.000000,0.000000,0.000000,0.000000,0.000000
46.000000,10.000000,86.000000,40.000000,26.000000,13.000000,25.000000,7.000000,0.000000,0.000000,0.000000,0.000000,0.000000,0.000000,0.000000
115.000000,52.000000,7.600000,21.000000,18.000000,5.100000,17.000000,20.000000,10.000000,0.000000,0.000000,0.000000,0.000000,0.000000,0.000000
39.000000,36.000000,60.000000,12.000000,99.000000,3.300000,7.400000,5.000000,0.000000,0.000000,0.000000,0.000000,0.000000,0.000000,0.000000
58.000000,33.000000,8.400000,36.000000,17.000000,20.000000,158.000000,27.000000,27.000000,68.000000,9.900000,7.600000,2.500000,0.000000,0.000000
13.000000,18.000000,4.600000,4.700000,4.700000,27.000000,26.000000,5.600000,9.300000,20.000000,0.000000,0.000000,0.000000,0.000000,0.000000
15.000000,4.400000,63.000000,5.700000,66.000000,6.600000,2.700000,9.200000,93.000000,0.000000,0.000000,0.000000,0.000000,0.000000,0.000000
3.600000,21.000000,3.200000,36.000000,4.300000,10.000000,5.800000,40.000000,0.000000,0.000000,0.000000,0.000000,0.000000,0.000000,0.000000
89.000000,18.000000,38.000000,19.000000,5.000000,2.800000,41.000000,65.000000,17.000000,11.000000,50.000000,0.000000,0.000000,0.000000,0.000000
11.000000,17.000000,51.000000,23.000000,4.300000,7.800000,5.300000,5.300000,0.000000,0.000000,0.000000,0.000000,0.000000,0.000000,0.000000
5.200000,69.000000,172.000000,115.000000,17.000000,172.000000,13.000000,23.000000,32.000000,32.000000,3.700000,4.500000,0.000000,0.000000,0.000000
17.000000,15.000000,46.000000,7.400000,19.000000,6.300000,0.000000,0.000000,0.000000,0.000000,0.000000,0.000000,0.000000,0.000000,0.000000
8.000000,9.300000,12.000000,44.000000,4.600000,29.000000,10.000000,8.700000,4.700000,24.000000,18.000000,33.000000,63.000000,45.000000,0.000000
4.500000,16.000000,3.900000,18.000000,6.400000,16.000000,35.000000,5.300000,27.000000,77.000000,0.000000,0.000000,0.000000,0.000000,0.000000
15.000000,3.200000,5.400000,14.000000,6.800000,18.000000,60.000000,8.900000,32.000000,13.000000,0.000000,0.000000,0.000000,0.000000,0.000000
10.000000,18.000000,6.300000,13.000000,8.100000,8.100000,23.000000,9.800000,6.500000,13.000000,5.400000,0.000000,0.000000,0.000000,0.000000
4.500000,52.000000,25.000000,4.300000,18.000000,40.000000,40.000000,5.000000,23.000000,7.800000,0.000000,0.000000,0.000000,0.000000,0.000000
36.000000,9.300000,15.000000,31.000000,2.900000,135.000000,20.000000,2.900000,0.000000,0.000000,0.000000,0.000000,0.000000,0.000000,0.000000
7.500000,4.000000,8.700000,38.000000,8.900000,19.000000,4.800000,11.000000,32.000000,13.000000,27.000000,24.000000,0.000000,0.000000,0.000000
15.000000,17.000000,7.800000,19.000000,12.000000,4.700000,36.000000,78.000000,55.000000,2.300000,39.000000,14.000000,0.000000,0.000000,0.000000
54.000000,53.000000,22.000000,17.000000,135.000000,31.000000,6.300000,5.000000,5.400000,0.000000,0.000000,0.000000,0.000000,0.000000,0.000000
2.500000,12.000000,40.000000,3.700000,40.000000,52.000000,33.000000,15.000000,0.000000,0.000000,0.000000,0.000000,0.000000,0.000000,0.000000
1.600000,5.400000,86.000000,7.500000,34.000000,0.000000,0.000000,0.000000,0.000000,0.000000,0.000000,0.000000,0.000000,0.000000,0.000000
61.000000,6.700000,26.000000,3.500000,56.000000,11.000000,15.000000,5.200000,6.400000,53.000000,0.000000,0.000000,0.000000,0.000000,0.000000
8.000000,27.000000,47.000000,13.000000,3.800000,13.000000,12.000000,37.000000,0.000000,0.000000,0.000000,0.000000,0.000000,0.000000,0.000000
6.300000,1.600000,68.000000,15.000000,18.000000,45.000000,89.000000,41.000000,11.000000,20.000000,0.000000,0.000000,0.000000,0.000000,0.000000
7.100000,102.000000,62.000000,40.000000,48.000000,42.000000,23.000000,17.000000,3.900000,3.900000,86.000000,5.400000,9.900000,24.000000,0.000000
6.300000,23.000000,28.000000,15.000000,4.600000,3.800000,6.500000,5.200000,18.000000,0.000000,0.000000,0.000000,0.000000,0.000000,0.000000
22.000000,22.000000,35.000000,31.000000,4.000000,21.000000,29.000000,59.000000,7.900000,98.000000,0.000000,0.000000,0.000000,0.000000,0.000000
17.000000,7.200000,2.400000,5.300000,6.100000,4.300000,0.000000,0.000000,0.000000,0.000000,0.000000,0.000000,0.000000,0.000000,0.000000
12.000000,8.900000,27.000000,9.200000,3.200000,8.100000,60.000000,15.000000,64.000000,40.000000,0.000000,0.000000,0.000000,0.000000,0.000000
174.000000,12.000000,36.000000,9.300000,5.400000,16.000000,16.000000,47.000000,14.000000,31.000000,7.000000,3.500000,10.000000,0.000000,0.000000
3.600000,44.000000,3.400000,10.000000,10.000000,12.000000,9.900000,40.000000,9.100000,47.000000,0.000000,0.000000,0.000000,0.000000,0.000000
59.000000,12.000000,6.100000,61.000000,8.100000,30.000000,34.000000,13.000000,6.200000,9.300000,3.700000,74.000000,17.000000,33.000000,0.000000
7.800000,17.000000,20.000000,3.300000,31.000000,3.700000,3.100000,26.000000,0.000000,0.000000,0.000000,0.000000,0.000000,0.000000,0.000000
12.000000,8.500000,7.800000,1.200000,17.000000,0.000000,0.000000,0.000000,0.000000,0.000000,0.000000,0.000000,0.000000,0.000000,0.000000
6.200000,9.900000,2.800000,12.000000,5.500000,17.000000,21.000000,6.800000,49.000000,37.000000,0.000000,0.000000,0.000000,0.000000,0.000000
42.000000,23.000000,6.100000,75.000000,68.000000,118.000000,10.000000,8.800000,6.600000,10.000000,0.000000,0.000000,0.000000,0.000000,0.000000
8.400000,6.200000,94.000000,58.000000,15.000000,40.000000,15.000000,9.000000,17.000000,4.400000,32.000000,4.600000,39.000000,18.000000,0.000000
59.000000,20.000000,113.000000,102.000000,60.000000,151.000000,122.000000,93.000000,82.000000,214.000000,8.200000,19.000000,12.000000,10.000000,0.000000
29.000000,24.000000,6.400000,32.000000,6.300000,0.000000,0.000000,0.000000,0.000000,0.000000,0.000000,0.000000,0.000000,0.000000,0.000000
74.000000,20.000000,20.000000,8.500000,17.000000,2.900000,4.200000,0.000000,0.000000,0.000000,0.000000,0.000000,0.000000,0.000000,0.000000
5.800000,11.000000,5.200000,8.400000,21.000000,4.200000,19.000000,18.000000,16.000000,10.000000,0.000000,0.000000,0.000000,0.000000,0.000000
32.000000,26.000000,6.500000,3.400000,11.000000,0.000000,0.000000,0.000000,0.000000,0.000000,0.000000,0.000000,0.000000,0.000000,0.000000
114.000000,108.000000,7.600000,3.300000,3.100000,12.000000,13.000000,47.000000,165.000000,117.000000,170.000000,11.000000,11.000000,0.000000,0.000000
150.000000,12.000000,88.000000,29.000000,10.000000,14.000000,78.000000,3.400000,4.100000,26.000000,3.800000,39.000000,0.000000,0.000000,0.000000
36.000000,2.300000,18.000000,14.000000,2.700000,0.000000,0.000000,0.000000,0.000000,0.000000,0.000000,0.000000,0.000000,0.000000,0.000000
1.700000,22.000000,4.500000,13.000000,22.000000,12.000000,7.000000,0.000000,0.000000,0.000000,0.000000,0.000000,0.000000,0.000000,0.000000
7.000000,15.000000,2.900000,56.000000,11.000000,15.000000,33.000000,4.800000,17.000000,76.000000,159.000000,6.700000,0.000000,0.000000,0.000000
137.000000,68.000000,8.800000,137.000000,15.000000,18.000000,30.000000,26.000000,11.000000,45.000000,2.400000,4.800000,34.000000,39.000000,0.000000
6.300000,1.900000,18.000000,5.800000,16.000000,4.400000,0.000000,0.000000,0.000000,0.000000,0.000000,0.000000,0.000000,0.000000,0.000000
13.000000,33.000000,65.000000,7.500000,11.000000,4.600000,71.000000,13.000000,0.000000,0.000000,0.000000,0.000000,0.000000,0.000000,0.000000
10.000000,4.300000,9.500000,33.000000,3.300000,2.400000,0.000000,0.000000,0.000000,0.000000,0.000000,0.000000,0.000000,0.000000,0.000000
34.000000,1.900000,38.000000,60.000000,25.000000,9.400000,8.200000,18.000000,66.000000,32.000000,112.000000,30.000000,0.000000,0.000000,0.000000
2.800000,3.600000,11.000000,24.000000,15.000000,18.000000,4.800000,9.900000,0.000000,0.000000,0.000000,0.000000,0.000000,0.000000,0.000000
56.000000,58.000000,94.000000,134.000000,13.000000,111.000000,14.000000,4.900000,8.300000,69.000000,3.000000,28.000000,0.000000,0.000000,0.000000
3.400000,6.600000,11.000000,2.000000,12.000000,20.000000,41.000000,0.000000,0.000000,0.000000,0.000000,0.000000,0.000000,0.000000,0.000000
12.000000,6.800000,5.700000,14.000000,5.500000,5.200000,18.000000,24.000000,27.000000,0.000000,0.000000,0.000000,0.000000,0.000000,0.000000
15.000000,10.000000,34.000000,4.900000,6.400000,38.000000,2.900000,0.000000,0.000000,0.000000,0.000000,0.000000,0.000000,0.000000,0.000000
7.200000,37.000000,6.400000,73.000000,48.000000,76.000000,50.000000,2.800000,12.000000,95.000000,5.900000,0.000000,0.000000,0.000000,0.000000
17.000000,32.000000,4.400000,9.700000,21.000000,3.000000,0.000000,0.000000,0.000000,0.000000,0.000000,0.000000,0.000000,0.000000,0.000000
54.000000,6.900000,14.000000,15.000000,6.800000,15.000000,6.500000,19.000000,0.000000,0.000000,0.000000,0.000000,0.000000,0.000000,0.000000
6.500000,15.000000,76.000000,130.000000,3.400000,42.000000,155.000000,3.700000,6.900000,21.000000,0.000000,0.000000,0.000000,0.000000,0.000000
92.000000,92.000000,13.000000,20.000000,4.400000,23.000000,6.100000,9.200000,18.000000,0.000000,0.000000,0.000000,0.000000,0.000000,0.000000
24.000000,16.000000,121.000000,10.000000,93.000000,108.000000,11.000000,2.800000,0.000000,0.000000,0.000000,0.000000,0.000000,0.000000,0.000000
69.000000,100.000000,4.600000,67.000000,3.000000,58.000000,6.400000,21.000000,121.000000,81.000000,11.000000,167.000000,0.000000,0.000000,0.000000
8.600000,4.600000,53.000000,34.000000,31.000000,41.000000,8.000000,9.700000,13.000000,13.000000,13.000000,5.400000,13.000000,25.000000,0.000000
11.000000,21.000000,3.400000,8.400000,8.200000,5.400000,7.000000,23.000000,12.000000,30.000000,30.000000,0.000000,0.000000,0.000000,0.000000
28.000000,12.000000,16.000000,44.000000,8.600000,32.000000,34.000000,8.500000,0.000000,0.000000,0.000000,0.000000,0.000000,0.000000,0.000000
8.700000,16.000000,8.300000,15.000000,16.000000,16.000000,29.000000,4.400000,7.400000,23.000000,8.400000,11.000000,20.000000,0.000000,0.000000
10.000000,5.700000,4.300000,2.700000,11.000000,9.000000,20.000000,34.000000,34.000000,0.000000,0.000000,0.000000,0.000000,0.000000,0.000000
5.800000,6.100000,24.000000,4.100000,3.100000,12.000000,9.800000,46.000000,0.000000,0.000000,0.000000,0.000000,0.000000,0.000000,0.000000
67.000000,27.000000,7.000000,23.000000,51.000000,1.800000,9.400000,15.000000,127.000000,9.900000,0.000000,0.000000,0.000000,0.000000,0.000000
47.000000,13.000000,3.900000,37.000000,71.000000,165.000000,3.400000,4.900000,0.000000,0.000000,0.000000,0.000000,0.000000,0.000000,0.000000
4.700000,6.500000,6.700000,1.600000,16.000000,0.000000,0.000000,0.000000,0.000000,0.000000,0.000000,0.000000,0.000000,0.000000,0.000000
120.000000,125.000000,23.000000,14.000000,41.000000,58.000000,80.000000,58.000000,4.300000,5.700000,4.800000,7.900000,10.000000,0.000000,0.000000
42.000000,4.000000,3.200000,6.900000,9.000000,81.000000,8.700000,29.000000,127.000000,0.000000,0.000000,0.000000,0.000000,0.000000,0.000000
2.600000,54.000000,3.900000,4.300000,13.000000,25.000000,0.000000,0.000000,0.000000,0.000000,0.000000,0.000000,0.000000,0.000000,0.000000
4.000000,52.000000,8.300000,33.000000,21.000000,7.000000,145.000000,94.000000,34.000000,18.000000,0.000000,0.000000,0.000000,0.000000,0.000000
4.300000,14.000000,8.800000,85.000000,43.000000,1.800000,28.000000,15.000000,0.000000,0.000000,0.000000,0.000000,0.000000,0.000000,0.000000
7.900000,3.400000,7.100000,8.700000,11.000000,5.700000,48.000000,58.000000,8.200000,19.000000,27.000000,0.000000,0.000000,0.000000,0.000000
50.000000,26.000000,15.000000,5.900000,50.000000,17.000000,5.700000,0.000000,0.000000,0.000000,0.000000,0.000000,0.000000,0.000000,0.000000
146.000000,10.000000,46.000000,75.000000,1.400000,6.600000,27.000000,22.000000,9.500000,0.000000,0.000000,0.000000,0.000000,0.000000,0.000000
12.000000,2.900000,6.700000,7.600000,13.000000,5.000000,24.000000,77.000000,21.000000,11.000000,55.000000,0.000000,0.000000,0.000000,0.000000
7.800000,9.700000,94.000000,6.100000,6.200000,18.000000,25.000000,0.000000,0.000000,0.000000,0.000000,0.000000,0.000000,0.000000,0.000000
31.000000,4.550000,85.000000,8.600000,14.000000,11.000000,11.000000,12.000000,24.000000,3.400000,8.400000,21.000000,0.000000,0.000000,0.000000
98.000000,13.000000,121.000000,46.000000,5.200000,2.600000,25.000000,20.000000,49.000000,137.000000,9.400000,37.000000,90.000000,12.000000,0.000000
2.500000,12.000000,19.000000,7.300000,7.500000,8.300000,46.000000,28.000000,10.000000,36.000000,30.000000,121.000000,30.000000,0.000000,0.000000
92.000000,100.000000,6.200000,49.000000,4.500000,10.000000,18.000000,9.900000,0.000000,0.000000,0.000000,0.000000,0.000000,0.000000,0.000000
19.000000,27.000000,1.900000,2.900000,11.000000,38.000000,9.000000,98.000000,0.000000,0.000000,0.000000,0.000000,0.000000,0.000000,0.000000
10.000000,8.800000,154.000000,1.800000,13.000000,15.000000,146.000000,30.000000,5.700000,164.000000,58.000000,0.000000,0.000000,0.000000,0.000000
9.700000,56.000000,70.000000,2.500000,24.000000,26.000000,2.900000,70.000000,141.000000,28.000000,13.000000,21.000000,0.000000,0.000000,0.000000
2.900000,16.000000,2.900000,29.000000,0.000000,0.000000,0.000000,0.000000,0.000000,0.000000,0.000000,0.000000,0.000000,0.000000,0.000000
2.700000,6.900000,10.000000,5.800000,8.700000,9.700000,10.000000,11.000000,0.000000,0.000000,0.000000,0.000000,0.000000,0.000000,0.000000
13.000000,5.100000,21.000000,6.600000,13.000000,33.000000,6.800000,35.000000,9.400000,0.000000,0.000000,0.000000,0.000000,0.000000,0.000000
5.600000,57.000000,7.300000,78.000000,44.000000,10.000000,19.000000,7.800000,19.000000,3.200000,10.000000,61.000000,30.000000,33.000000,0.000000
71.000000,55.000000,8.600000,15.000000,38.000000,8.900000,7.800000,8.800000,5.200000,4.100000,103.000000,0.000000,0.000000,0.000000,0.000000
107.000000,3.500000,5.600000,3.300000,4.700000,30.000000,25.000000,0.000000,0.000000,0.000000,0.000000,0.000000,0.000000,0.000000,0.000000
4.400000,27.000000,29.000000,14.000000,11.000000,12.000000,39.000000,9.500000,4.300000,141.000000,12.000000,17.000000,25.000000,0.000000,0.000000
116.000000,32.000000,21.000000,42.000000,4.100000,11.000000,2.000000,16.000000,5.900000,31.000000,0.000000,0.000000,0.000000,0.000000,0.000000
14.000000,3.600000,5.200000,181.000000,12.000000,130.000000,31.000000,100.000000,77.000000,182.000000,176.000000,0.000000,0.000000,0.000000,0.000000
3.300000,6.300000,3.800000,2.400000,0.000000,0.000000,0.000000,0.000000,0.000000,0.000000,0.000000,0.000000,0.000000,0.000000,0.000000
7.000000,5.400000,15.000000,2.900000,47.000000,31.000000,5.500000,16.000000,65.000000,15.000000,28.000000,173.000000,38.000000,0.000000,0.000000
4.700000,24.000000,91.000000,19.000000,178.000000,71.000000,5.300000,10.000000,4.500000,17.000000,22.000000,10.000000,8.200000,91.000000,0.000000
20.000000,80.000000,4.100000,24.000000,5.300000,61.000000,11.000000,28.000000,58.000000,2.300000,104.000000,30.000000,65.000000,0.000000,0.000000
28.000000,4.600000,69.000000,8.900000,86.000000,10.000000,28.000000,0.000000,0.000000,0.000000,0.000000,0.000000,0.000000,0.000000,0.000000
21.000000,4.700000,4.600000,3.900000,14.000000,9.400000,8.500000,11.000000,12.000000,0.000000,0.000000,0.000000,0.000000,0.000000,0.000000
5.600000,10.000000,14.000000,3.500000,3.500000,4.500000,25.000000,61.000000,0.000000,0.000000,0.000000,0.000000,0.000000,0.000000,0.000000
39.000000,17.000000,37.000000,27.000000,6.900000,41.000000,0.000000,0.000000,0.000000,0.000000,0.000000,0.000000,0.000000,0.000000,0.000000
20.000000,51.000000,77.000000,69.000000,11.000000,7.000000,5.800000,31.000000,1.900000,9.500000,0.000000,0.000000,0.000000,0.000000,0.000000
4.000000,8.800000,50.000000,7.300000,5.600000,33.000000,5.600000,0.000000,0.000000,0.000000,0.000000,0.000000,0.000000,0.000000,0.000000
8.300000,35.000000,31.000000,2.800000,81.000000,68.000000,18.000000,3.700000,82.000000,10.000000,14.000000,123.000000,39.000000,0.000000,0.000000
4.700000,36.000000,42.000000,8.800000,6.900000,13.000000,8.300000,56.000000,87.000000,10.000000,14.000000,33.000000,5.200000,0.000000,0.000000
10.000000,12.000000,3.300000,5.800000,18.000000,13.000000,5.200000,5.700000,25.000000,0.000000,0.000000,0.000000,0.000000,0.000000,0.000000
2.800000,6.200000,39.000000,35.000000,22.000000,107.000000,11.000000,107.000000,11.000000,42.000000,5.800000,7.000000,0.000000,0.000000,0.000000
4.500000,5.400000,33.000000,14.000000,10.000000,5.000000,66.000000,12.000000,73.000000,12.000000,83.000000,106.000000,0.000000,0.000000,0.000000
29.000000,7.200000,11.000000,13.000000,29.000000,6.600000,5.600000,8.200000,10.000000,23.000000,35.000000,14.000000,9.400000,46.000000,0.000000
6.000000,12.000000,1.800000,12.000000,8.100000,5.500000,0.000000,0.000000,0.000000,0.000000,0.000000,0.000000,0.000000,0.000000,0.000000
5.800000,14.000000,57.000000,16.000000,1.800000,10.000000,5.300000,0.000000,0.000000,0.000000,0.000000,0.000000,0.000000,0.000000,0.000000
29.000000,11.000000,12.000000,3.500000,2.200000,10.000000,7.700000,0.000000,0.000000,0.000000,0.000000,0.000000,0.000000,0.000000,0.000000
3.300000,117.000000,61.000000,19.000000,73.000000,17.000000,2.600000,39.000000,3.400000,76.000000,27.000000,0.000000,0.000000,0.000000,0.000000
130.000000,175.000000,79.000000,64.000000,12.000000,29.000000,16.000000,68.000000,71.000000,14.000000,6.400000,1.400000,0.000000,0.000000,0.000000
6.000000,2.600000,4.500000,4.200000,9.700000,0.000000,0.000000,0.000000,0.000000,0.000000,0.000000,0.000000,0.000000,0.000000,0.000000
82.000000,7.300000,2.600000,22.000000,7.100000,3.900000,13.000000,48.000000,0.000000,0.000000,0.000000,0.000000,0.000000,0.000000,0.000000
6.000000,48.000000,26.000000,69.000000,6.400000,23.000000,4.200000,0.000000,0.000000,0.000000,0.000000,0.000000,0.000000,0.000000,0.000000
48.000000,25.000000,10.000000,136.000000,43.000000,3.500000,6.100000,3.100000,0.000000,0.000000,0.000000,0.000000,0.000000,0.000000,0.000000
57.000000,7.900000,58.000000,22.000000,118.000000,10.000000,96.000000,11.000000,67.000000,2.500000,22.000000,3.400000,109.000000,39.000000,0.000000
6.900000,74.000000,29.000000,16.000000,9.400000,10.000000,52.000000,0.000000,0.000000,0.000000,0.000000,0.000000,0.000000,0.000000,0.000000
40.000000,28.000000,30.000000,1.800000,0.000000,0.000000,0.000000,0.000000,0.000000,0.000000,0.000000,0.000000,0.000000,0.000000,0.000000
26.000000,14.000000,2.500000,96.000000,3.900000,41.000000,3.600000,43.000000,14.000000,0.000000,0.000000,0.000000,0.000000,0.000000,0.000000
12.000000,29.000000,13.000000,24.000000,207.000000,15.000000,3.100000,103.000000,10.000000,0.000000,0.000000,0.000000,0.000000,0.000000,0.000000
3.700000,1.600000,50.000000,5.700000,12.000000,29.000000,0.000000,0.000000,0.000000,0.000000,0.000000,0.000000,0.000000,0.000000,0.000000
15.000000,83.000000,2.300000,5.800000,56.000000,19.000000,10.000000,6.900000,157.000000,0.000000,0.000000,0.000000,0.000000,0.000000,0.000000
9.000000,33.000000,9.500000,6.900000,21.000000,3.600000,6.500000,67.000000,30.000000,0.000000,0.000000,0.000000,0.000000,0.000000,0.000000
5.000000,11.000000,3.300000,10.000000,11.000000,7.800000,13.000000,12.000000,22.000000,16.000000,47.000000,0.000000,0.000000,0.000000,0.000000
117.000000,3.400000,70.000000,71.000000,61.000000,7.300000,35.000000,65.000000,183.000000,9.300000,53.000000,0.000000,0.000000,0.000000,0.000000
8.600000,3.900000,4.300000,29.000000,55.000000,10.000000,3.700000,6.100000,0.000000,0.000000,0.000000,0.000000,0.000000,0.000000,0.000000
17.000000,49.000000,6.000000,14.000000,65.000000,8.700000,28.000000,6.100000,0.000000,0.000000,0.000000,0.000000,0.000000,0.000000,0.000000
8.600000,7.000000,22.000000,28.000000,3.000000,3.900000,5.000000,37.000000,0.000000,0.000000,0.000000,0.000000,0.000000,0.000000,0.000000
10.000000,14.000000,12.000000,15.000000,9.100000,10.000000,14.000000,9.100000,16.000000,0.000000,0.000000,0.000000,0.000000,0.000000,0.000000
5.200000,11.000000,2.800000,7.700000,8.000000,4.000000,19.000000,0.000000,0.000000,0.000000,0.000000,0.000000,0.000000,0.000000,0.000000
2.900000,6.000000,12.000000,2.900000,32.000000,10.000000,8.700000,0.000000,0.000000,0.000000,0.000000,0.000000,0.000000,0.000000,0.000000
3.400000,29.000000,9.900000,6.800000,8.400000,17.000000,19.000000,4.500000,6.700000,0.000000,0.000000,0.000000,0.000000,0.000000,0.000000
4.800000,14.000000,35.000000,202.000000,2.800000,40.000000,9.400000,80.000000,89.000000,32.000000,7.200000,7.300000,0.000000,0.000000,0.000000
4.900000,2.900000,8.200000,21.000000,2.100000,0.000000,0.000000,0.000000,0.000000,0.000000,0.000000,0.000000,0.000000,0.000000,0.000000
9.500000,73.000000,40.000000,76.000000,18.000000,4.600000,31.000000,2.900000,2.700000,148.000000,0.000000,0.000000,0.000000,0.000000,0.000000
13.000000,2.100000,9.500000,34.000000,31.000000,146.000000,148.000000,7.400000,31.000000,7.700000,0.000000,0.000000,0.000000,0.000000,0.000000
9.500000,10.000000,11.000000,5.500000,3.200000,10.000000,36.000000,37.000000,19.000000,30.000000,6.200000,0.000000,0.000000,0.000000,0.000000
19.000000,6.800000,3.700000,25.000000,3.800000,13.000000,108.000000,29.000000,8.700000,6.200000,32.000000,0.000000,0.000000,0.000000,0.000000
6.000000,11.000000,4.100000,3.200000,28.000000,13.000000,9.800000,9.100000,29.000000,59.000000,0.000000,0.000000,0.000000,0.000000,0.000000
6.500000,35.000000,8.500000,69.000000,16.000000,14.000000,2.800000,36.000000,92.000000,6.400000,22.000000,6.600000,0.000000,0.000000,0.000000
40.000000,2.000000,8.000000,37.000000,11.000000,21.000000,19.000000,76.000000,63.000000,77.000000,34.000000,11.000000,0.000000,0.000000,0.000000
55.000000,161.000000,153.000000,5.800000,38.000000,5.300000,32.000000,3.500000,71.000000,10.000000,12.000000,9.100000,28.000000,0.000000,0.000000
10.000000,6.800000,61.000000,5.600000,2.500000,17.000000,29.000000,68.000000,4.000000,0.000000,0.000000,0.000000,0.000000,0.000000,0.000000
5.800000,17.000000,3.300000,8.500000,1.800000,0.000000,0.000000,0.000000,0.000000,0.000000,0.000000,0.000000,0.000000,0.000000,0.000000
24.000000,30.000000,18.000000,2.500000,2.000000,157.000000,23.000000,25.000000,105.000000,0.000000,0.000000,0.000000,0.000000,0.000000,0.000000
3.800000,160.000000,8.500000,14.000000,120.000000,23.000000,28.000000,16.000000,38.000000,54.000000,11.000000,76.000000,20.000000,0.000000,0.000000
6.900000,15.000000,12.000000,11.000000,56.000000,25.000000,4.600000,10.000000,5.700000,9.900000,0.000000,0.000000,0.000000,0.000000,0.000000
80.000000,16.000000,7.700000,83.000000,25.000000,46.000000,4.800000,4.800000,46.000000,3.700000,32.000000,0.000000,0.000000,0.000000,0.000000
10.000000,6.600000,39.000000,31.000000,10.000000,11.000000,3.900000,7.300000,3.800000,23.000000,0.000000,0.000000,0.000000,0.000000,0.000000
113.000000,97.000000,21.000000,4.600000,48.000000,31.000000,10.000000,14.000000,2.500000,9.500000,6.700000,0.000000,0.000000,0.000000,0.000000
5.600000,15.000000,8.500000,4.900000,2.600000,25.000000,4.900000,0.000000,0.000000,0.000000,0.000000,0.000000,0.000000,0.000000,0.000000
2.200000,5.900000,14.000000,4.800000,61.000000,15.000000,0.000000,0.000000,0.000000,0.000000,0.000000,0.000000,0.000000,0.000000,0.000000
7.200000,22.000000,2.300000,3.800000,10.000000,7.100000,54.000000,34.000000,50.000000,0.000000,0.000000,0.000000,0.000000,0.000000,0.000000
38.000000,13.000000,13.000000,3.700000,18.000000,2.900000,172.000000,0.000000,0.000000,0.000000,0.000000,0.000000,0.000000,0.000000,0.000000
7.800000,106.000000,7.700000,13.000000,5.900000,13.000000,44.000000,27.000000,42.000000,0.000000,0.000000,0.000000,0.000000,0.000000,0.000000
23.000000,7.800000,2.600000,4.700000,7.400000,3.400000,0.000000,0.000000,0.000000,0.000000,0.000000,0.000000,0.000000,0.000000,0.000000
9.600000,68.000000,2.900000,74.000000,8.300000,4.300000,4.300000,42.000000,8.900000,0.000000,0.000000,0.000000,0.000000,0.000000,0.000000
13.000000,10.000000,2.800000,10.000000,3.400000,5.900000,71.000000,12.000000,0.000000,0.000000,0.000000,0.000000,0.000000,0.000000,0.000000
62.000000,16.000000,5.400000,7.600000,16.000000,119.000000,65.000000,73.000000,18.000000,5.900000,7.400000,16.000000,0.000000,0.000000,0.000000
14.000000,86.000000,20.000000,107.000000,11.000000,1.900000,5.200000,28.000000,0.000000,0.000000,0.000000,0.000000,0.000000,0.000000,0.000000
30.000000,8.100000,6.600000,21.000000,6.900000,4.000000,2.600000,18.000000,0.000000,0.000000,0.000000,0.000000,0.000000,0.000000,0.000000
11.000000,9.700000,3.400000,15.000000,95.000000,29.000000,128.000000,5.700000,43.000000,6.200000,130.000000,0.000000,0.000000,0.000000,0.000000
53.000000,11.000000,100.000000,15.000000,10.000000,6.800000,21.000000,11.000000,5.600000,7.800000,98.000000,85.000000,0.000000,0.000000,0.000000
19.000000,34.000000,14.000000,11.000000,34.000000,4.200000,6.000000,11.000000,59.000000,3.700000,238.000000,22.000000,0.000000,0.000000,0.000000
4.000000,9.700000,9.300000,5.200000,3.600000,8.400000,10.000000,25.000000,0.000000,0.000000,0.000000,0.000000,0.000000,0.000000,0.000000
8.400000,2.800000,15.000000,11.000000,14.000000,5.200000,6.500000,108.000000,44.000000,112.000000,45.000000,22.000000,0.000000,0.000000,0.000000
10.000000,76.000000,6.500000,49.000000,7.500000,30.000000,0.000000,0.000000,0.000000,0.000000,0.000000,0.000000,0.000000,0.000000,0.000000
53.000000,11.000000,11.000000,4.300000,61.000000,1.500000,19.000000,33.000000,0.000000,0.000000,0.000000,0.000000,0.000000,0.000000,0.000000
59.000000,5.100000,121.000000,7.900000,15.000000,3.200000,0.000000,0.000000,0.000000,0.000000,0.000000,0.000000,0.000000,0.000000,0.000000
14.000000,108.000000,54.000000,27.000000,41.000000,12.000000,1.700000,6.700000,9.700000,0.000000,0.000000,0.000000,0.000000,0.000000,0.000000
2.500000,4.900000,35.000000,12.000000,22.000000,11.000000,7.000000,9.700000,0.000000,0.000000,0.000000,0.000000,0.000000,0.000000,0.000000
1.850000,5.450000,43.000000,13.000000,27.000000,14.000000,25.000000,63.000000,68.000000,19.000000,13.000000,38.000000,113.000000,16.000000,0.000000
15.000000,14.000000,35.000000,46.000000,2.000000,8.400000,27.000000,69.000000,18.000000,0.000000,0.000000,0.000000,0.000000,0.000000,0.000000
95.000000,32.000000,6.400000,28.000000,16.000000,13.000000,29.000000,8.400000,0.000000,0.000000,0.000000,0.000000,0.000000,0.000000,0.000000
19.000000,15.000000,8.000000,1.900000,4.600000,10.000000,16.000000,0.000000,0.000000,0.000000,0.000000,0.000000,0.000000,0.000000,0.000000
5.500000,8.100000,9.500000,3.000000,9.800000,6.200000,0.000000,0.000000,0.000000,0.000000,0.000000,0.000000,0.000000,0.000000,0.000000
29.000000,3.800000,14.000000,14.000000,1.600000,8.900000,24.000000,0.000000,0.000000,0.000000,0.000000,0.000000,0.000000,0.000000,0.000000
8.800000,38.000000,13.000000,3.300000,22.000000,9.200000,24.000000,7.900000,126.000000,0.000000,0.000000,0.000000,0.000000,0.000000,0.000000
17.000000,19.000000,1.700000,46.000000,110.000000,98.000000,59.000000,6.100000,26.000000,0.000000,0.000000,0.000000,0.000000,0.000000,0.000000
3.700000,111.000000,88.000000,21.000000,6.900000,22.000000,64.000000,19.000000,224.000000,108.000000,3.000000,7.900000,0.000000,0.000000,0.000000
91.000000,10.000000,2.500000,12.000000,9.900000,59.000000,0.000000,0.000000,0.000000,0.000000,0.000000,0.000000,0.000000,0.000000,0.000000
6.800000,16.000000,41.000000,3.700000,4.500000,99.000000,28.000000,157.000000,11.000000,10.000000,9.800000,0.000000,0.000000,0.000000,0.000000
1.700000,3.500000,5.500000,8.700000,23.000000,0.000000,0.000000,0.000000,0.000000,0.000000,0.000000,0.000000,0.000000,0.000000,0.000000
22.000000,3.300000,24.000000,12.000000,28.000000,4.500000,39.000000,14.000000,30.000000,47.000000,39.000000,6.600000,8.700000,36.000000,0.000000
23.000000,35.000000,27.000000,2.700000,12.000000,33.000000,21.000000,52.000000,80.000000,112.000000,0.000000,0.000000,0.000000,0.000000,0.000000
4.800000,54.000000,5.200000,27.000000,38.000000,3.800000,94.000000,2.700000,36.000000,80.000000,0.000000,0.000000,0.000000,0.000000,0.000000
9.900000,8.100000,7.500000,4.400000,6.200000,10.000000,67.000000,13.000000,27.000000,19.000000,14.000000,10.000000,0.000000,0.000000,0.000000
10.000000,2.400000,22.000000,51.000000,2.000000,130.000000,14.000000,24.000000,0.000000,0.000000,0.000000,0.000000,0.000000,0.000000,0.000000
3.900000,14.000000,19.000000,41.000000,33.000000,12.000000,1.400000,0.000000,0.000000,0.000000,0.000000,0.000000,0.000000,0.000000,0.000000
22.000000,19.000000,54.000000,10.000000,88.000000,16.000000,58.000000,8.400000,20.000000,141.000000,6.100000,44.000000,0.000000,0.000000,0.000000
61.000000,39.000000,5.200000,3.500000,14.000000,18.000000,0.000000,0.000000,0.000000,0.000000,0.000000,0.000000,0.000000,0.000000,0.000000
3.700000,14.000000,8.300000,11.000000,29.000000,23.000000,5.800000,21.000000,7.400000,20.000000,6.700000,0.000000,0.000000,0.000000,0.000000
16.000000,5.300000,7.100000,5.900000,18.000000,31.000000,80.000000,26.000000,65.000000,18.000000,64.000000,0.000000,0.000000,0.000000,0.000000
15.000000,5.600000,59.000000,12.000000,17.000000,22.000000,60.000000,12.000000,2.500000,8.600000,21.000000,87.000000,25.000000,35.000000,0.000000
9.700000,3.100000,12.000000,3.300000,9.000000,15.000000,11.000000,9.600000,0.000000,0.000000,0.000000,0.000000,0.000000,0.000000,0.000000
1.800000,4.900000,8.000000,17.000000,4.500000,27.000000,0.000000,0.000000,0.000000,0.000000,0.000000,0.000000,0.000000,0.000000,0.000000
6.600000,115.000000,9.900000,69.000000,7.600000,64.000000,72.000000,0.000000,0.000000,0.000000,0.000000,0.000000,0.000000,0.000000,0.000000
9.800000,9.700000,4.300000,5.100000,10.000000,25.000000,3.200000,26.000000,0.000000,0.000000,0.000000,0.000000,0.000000,0.000000,0.000000
20.000000,16.000000,11.000000,63.000000,2.300000,68.000000,20.000000,6.000000,109.000000,0.000000,0.000000,0.000000,0.000000,0.000000,0.000000
3.400000,7.700000,24.000000,10.000000,3.200000,23.000000,13.000000,34.000000,73.000000,32.000000,11.000000,27.000000,0.000000,0.000000,0.000000
113.000000,64.000000,7.100000,126.000000,1.600000,49.000000,52.000000,8.100000,151.000000,52.000000,115.000000,43.000000,28.000000,0.000000,0.000000
3.200000,28.000000,17.000000,4.000000,10.000000,9.400000,33.000000,18.000000,9.200000,66.000000,83.000000,15.000000,34.000000,0.000000,0.000000
167.000000,9.300000,26.000000,32.000000,122.000000,3.800000,22.000000,8.000000,23.000000,15.000000,128.000000,10.000000,6.800000,0.000000,0.000000
6.600000,9.300000,13.000000,9.900000,47.000000,64.000000,4.400000,4.800000,6.200000,70.000000,15.000000,24.000000,0.000000,0.000000,0.000000
10.000000,22.000000,6.300000,12.000000,4.200000,2.800000,0.000000,0.000000,0.000000,0.000000,0.000000,0.000000,0.000000,0.000000,0.000000
48.000000,28.000000,174.000000,6.800000,66.000000,31.000000,17.000000,150.000000,5.400000,43.000000,22.000000,6.900000,2.500000,0.000000,0.000000
65.000000,27.000000,13.000000,38.000000,8.200000,22.000000,21.000000,5.100000,18.000000,5.000000,0.000000,0.000000,0.000000,0.000000,0.000000
4.500000,54.000000,19.000000,58.000000,25.000000,22.000000,2.900000,69.000000,18.000000,6.500000,9.000000,14.000000,59.000000,25.000000,0.000000
31.000000,8.600000,2.600000,10.000000,5.100000,41.000000,16.000000,8.600000,160.000000,25.000000,57.000000,12.000000,140.000000,110.000000,0.000000
96.000000,106.000000,130.000000,4.700000,21.000000,3.300000,47.000000,6.900000,51.000000,185.000000,3.100000,20.000000,0.000000,0.000000,0.000000
46.000000,14.000000,124.000000,43.000000,22.000000,27.000000,23.000000,1.700000,3.200000,0.000000,0.000000,0.000000,0.000000,0.000000,0.000000
3.800000,5.900000,9.000000,4.800000,9.200000,5.300000,6.900000,0.000000,0.000000,0.000000,0.000000,0.000000,0.000000,0.000000,0.000000
183.000000,23.000000,183.000000,34.000000,6.800000,4.600000,91.000000,12.000000,4.700000,8.400000,12.000000,4.800000,30.000000,0.000000,0.000000
49.000000,6.100000,17.000000,5.700000,27.000000,10.000000,29.000000,3.200000,11.000000,24.000000,0.000000,0.000000,0.000000,0.000000,0.000000
41.000000,7.100000,14.000000,58.000000,30.000000,41.000000,12.000000,10.000000,6.500000,2.400000,0.000000,0.000000,0.000000,0.000000,0.000000
8.600000,20.000000,3.600000,64.000000,13.000000,9.200000,11.000000,40.000000,9.900000,41.000000,51.000000,3.900000,51.000000,0.000000,0.000000
6.800000,8.700000,3.800000,3.000000,22.000000,26.000000,21.000000,50.000000,0.000000,0.000000,0.000000,0.000000,0.000000,0.000000,0.000000
12.000000,19.000000,2.400000,43.000000,23.000000,4.800000,26.000000,4.400000,11.000000,79.000000,0.000000,0.000000,0.000000,0.000000,0.000000
17.000000,5.500000,22.000000,7.700000,43.000000,10.000000,173.000000,9.900000,156.000000,52.000000,3.600000,12.000000,0.000000,0.000000,0.000000
86.000000,3.800000,57.000000,13.000000,12.000000,17.000000,12.000000,10.000000,7.500000,7.800000,0.000000,0.000000,0.000000,0.000000,0.000000
1.800000,5.100000,7.100000,4.400000,13.000000,0.000000,0.000000,0.000000,0.000000,0.000000,0.000000,0.000000,0.000000,0.000000,0.000000
75.000000,5.400000,4.600000,9.000000,23.000000,14.000000,5.000000,18.000000,0.000000,0.000000,0.000000,0.000000,0.000000,0.000000,0.000000
22.000000,7.600000,3.800000,5.400000,32.000000,11.000000,25.000000,12.000000,3.100000,0.000000,0.000000,0.000000,0.000000,0.000000,0.000000
21.000000,17.000000,15.000000,4.600000,67.000000,25.000000,25.000000,1.900000,49.000000,95.000000,14.000000,20.000000,39.000000,0.000000,0.000000
5.500000,33.000000,4.500000,2.500000,57.000000,25.000000,17.000000,29.000000,40.000000,8.700000,24.000000,82.000000,0.000000,0.000000,0.000000
127.000000,37.000000,138.000000,7.700000,41.000000,24.000000,106.000000,19.000000,39.000000,2.900000,52.000000,5.000000,5.900000,0.000000,0.000000
1.500000,6.300000,10.000000,5.100000,39.000000,0.000000,0.000000,0.000000,0.000000,0.000000,0.000000,0.000000,0.000000,0.000000,0.000000
3.700000,8.900000,13.000000,18.000000,7.100000,19.000000,20.000000,7.200000,9.600000,9.800000,10.000000,0.000000,0.000000,0.000000,0.000000
2.200000,7.500000,41.000000,6.400000,18.000000,27.000000,10.000000,0.000000,0.000000,0.000000,0.000000,0.000000,0.000000,0.000000,0.000000
1.700000,4.500000,16.000000,4.900000,8.200000,0.000000,0.000000,0.000000,0.000000,0.000000,0.000000,0.000000,0.000000,0.000000,0.000000
6.600000,6.600000,13.000000,35.000000,8.400000,2.100000,47.000000,41.000000,13.000000,12.000000,0.000000,0.000000,0.000000,0.000000,0.000000
55.000000,18.000000,67.000000,48.000000,6.900000,2.600000,0.000000,0.000000,0.000000,0.000000,0.000000,0.000000,0.000000,0.000000,0.000000
1.600000,12.000000,14.000000,62.000000,112.000000,61.000000,106.000000,4.700000,7.500000,0.000000,0.000000,0.000000,0.000000,0.000000,0.000000
2.000000,79.000000,11.000000,6.300000,3.200000,25.000000,11.000000,0.000000,0.000000,0.000000,0.000000,0.000000,0.000000,0.000000,0.000000
73.000000,42.000000,14.000000,26.000000,1.700000,0.000000,0.000000,0.000000,0.000000,0.000000,0.000000,0.000000,0.000000,0.000000,0.000000
204.000000,203.000000,44.000000,226.000000,74.000000,87.000000,64.000000,24.000000,38.000000,65.000000,7.100000,24.000000,0.000000,0.000000,0.000000
137.000000,78.000000,23.000000,5.700000,5.700000,42.000000,16.000000,86.000000,16.000000,43.000000,22.000000,3.200000,29.000000,5.400000,0.000000
23.000000,110.000000,100.000000,33.000000,9.900000,36.000000,9.200000,10.000000,4.400000,7.000000,28.000000,0.000000,0.000000,0.000000,0.000000
95.000000,2.600000,4.600000,67.000000,7.200000,15.000000,16.000000,20.000000,6.400000,145.000000,16.000000,0.000000,0.000000,0.000000,0.000000
18.000000,23.000000,12.000000,62.000000,12.000000,23.000000,3.900000,6.200000,61.000000,15.000000,3.700000,0.000000,0.000000,0.000000,0.000000
2.800000,4.200000,29.000000,7.100000,8.700000,22.000000,17.000000,9.100000,12.000000,100.000000,0.000000,0.000000,0.000000,0.000000,0.000000
60.000000,50.000000,48.000000,112.000000,4.400000,15.000000,50.000000,12.000000,13.000000,12.000000,22.000000,3.000000,0.000000,0.000000,0.000000
17.000000,23.000000,29.000000,28.000000,38.000000,13.000000,19.000000,55.000000,17.000000,21.000000,1.400000,0.000000,0.000000,0.000000,0.000000
111.000000,8.000000,12.000000,41.000000,10.000000,2.100000,6.000000,155.000000,0.000000,0.000000,0.000000,0.000000,0.000000,0.000000,0.000000
3.000000,4.800000,24.000000,8.300000,30.000000,23.000000,4.900000,80.000000,31.000000,6.400000,83.000000,0.000000,0.000000,0.000000,0.000000
2.600000,101.000000,87.000000,24.000000,11.000000,5.600000,5.400000,82.000000,7.400000,57.000000,64.000000,38.000000,12.000000,0.000000,0.000000
9.700000,9.200000,11.000000,5.200000,22.000000,4.700000,7.600000,27.000000,68.000000,7.300000,15.000000,118.000000,31.000000,69.000000,0.000000
19.000000,9.600000,27.000000,106.000000,5.700000,17.000000,17.000000,22.000000,70.000000,6.800000,0.000000,0.000000,0.000000,0.000000,0.000000
1.900000,15.000000,9.900000,4.200000,8.600000,51.000000,7.500000,0.000000,0.000000,0.000000,0.000000,0.000000,0.000000,0.000000,0.000000
21.000000,37.000000,5.600000,18.000000,7.900000,26.000000,94.000000,80.000000,4.700000,0.000000,0.000000,0.000000,0.000000,0.000000,0.000000
2.400000,11.000000,7.800000,25.000000,12.000000,34.000000,38.000000,13.000000,44.000000,9.700000,40.000000,27.000000,10.000000,42.000000,0.000000
3.800000,2.300000,46.000000,10.000000,18.000000,55.000000,7.500000,0.000000,0.000000,0.000000,0.000000,0.000000,0.000000,0.000000,0.000000
4.700000,15.000000,4.500000,27.000000,8.800000,16.000000,4.700000,8.200000,8.800000,62.000000,90.000000,0.000000,0.000000,0.000000,0.000000
49.000000,33.000000,9.900000,24.000000,47.000000,134.000000,8.900000,111.000000,9.600000,2.900000,49.000000,4.700000,26.000000,0.000000,0.000000
15.000000,3.700000,12.000000,16.000000,72.000000,8.100000,106.000000,15.000000,33.000000,15.000000,0.000000,0.000000,0.000000,0.000000,0.000000
8.100000,12.000000,2.800000,14.000000,14.000000,29.000000,5.100000,22.000000,0.000000,0.000000,0.000000,0.000000,0.000000,0.000000,0.000000
7.600000,9.000000,81.000000,85.000000,15.000000,22.000000,44.000000,38.000000,84.000000,186.000000,0.000000,0.000000,0.000000,0.000000,0.000000
72.000000,29.000000,79.000000,4.800000,102.000000,25.000000,78.000000,8.700000,186.000000,73.000000,68.000000,127.000000,0.000000,0.000000,0.000000
12.000000,9.200000,46.000000,3.100000,7.800000,3.200000,30.000000,5.600000,0.000000,0.000000,0.000000,0.000000,0.000000,0.000000,0.000000
9.100000,76.000000,10.000000,5.400000,38.000000,8.700000,20.000000,3.800000,12.000000,22.000000,0.000000,0.000000,0.000000,0.000000,0.000000
4.200000,6.400000,6.400000,7.000000,4.200000,12.000000,8.500000,15.000000,0.000000,0.000000,0.000000,0.000000,0.000000,0.000000,0.000000
9.700000,6.200000,15.000000,8.300000,4.900000,23.000000,26.000000,98.000000,7.600000,0.000000,0.000000,0.000000,0.000000,0.000000,0.000000
63.000000,18.000000,74.000000,1.700000,52.000000,4.100000,64.000000,54.000000,12.000000,103.000000,24.000000,11.000000,0.000000,0.000000,0.000000
82.000000,82.000000,41.000000,39.000000,20.000000,45.000000,452.000000,9.200000,4.700000,64.000000,18.000000,0.000000,0.000000,0.000000,0.000000
182.000000,3.500000,145.000000,182.000000,4.400000,16.000000,0.000000,0.000000,0.000000,0.000000,0.000000,0.000000,0.000000,0.000000,0.000000
8.700000,44.000000,8.300000,7.200000,14.000000,19.000000,26.000000,11.000000,2.900000,28.000000,68.000000,8.800000,29.000000,0.000000,0.000000
8.300000,2.300000,3.800000,3.600000,20.000000,18.000000,0.000000,0.000000,0.000000,0.000000,0.000000,0.000000,0.000000,0.000000,0.000000
4.400000,5.700000,10.000000,7.000000,4.700000,3.900000,12.000000,0.000000,0.000000,0.000000,0.000000,0.000000,0.000000,0.000000,0.000000
9.300000,5.500000,40.000000,2.300000,15.000000,153.000000,18.000000,171.000000,22.000000,0.000000,0.000000,0.000000,0.000000,0.000000,0.000000
68.000000,11.000000,3.000000,5.000000,26.000000,99.000000,14.000000,10.000000,0.000000,0.000000,0.000000,0.000000,0.000000,0.000000,0.000000
102.000000,124.000000,28.000000,10.000000,9.600000,6.100000,5.300000,27.000000,3.200000,86.000000,44.000000,8.000000,46.000000,0.000000,0.000000
177.000000,37.000000,160.000000,59.000000,183.000000,20.000000,2.300000,13.000000,22.000000,83.000000,68.000000,9.100000,0.000000,0.000000,0.000000
6.600000,3.300000,16.000000,50.000000,11.000000,2.600000,0.000000,0.000000,0.000000,0.000000,0.000000,0.000000,0.000000,0.000000,0.000000
10.000000,21.000000,43.000000,9.800000,16.000000,5.900000,20.000000,37.000000,19.000000,9.000000,7.300000,4.100000,16.000000,0.000000,0.000000
14.000000,7.000000,5.800000,10.000000,21.000000,43.000000,4.700000,5.600000,0.000000,0.000000,0.000000,0.000000,0.000000,0.000000,0.000000
36.000000,43.000000,217.000000,28.000000,12.000000,217.000000,10.000000,108.000000,0.000000,0.000000,0.000000,0.000000,0.000000,0.000000,0.000000
5.400000,4.600000,13.000000,2.000000,5.200000,0.000000,0.000000,0.000000,0.000000,0.000000,0.000000,0.000000,0.000000,0.000000,0.000000
17.000000,17.000000,8.700000,8.100000,5.500000,10.000000,6.200000,7.300000,0.000000,0.000000,0.000000,0.000000,0.000000,0.000000,0.000000
67.000000,16.000000,15.000000,6.500000,34.000000,27.000000,21.000000,10.000000,10.000000,2.200000,7.400000,0.000000,0.000000,0.000000,0.000000
121.000000,60.000000,9.600000,4.900000,8.000000,60.000000,18.000000,2.400000,60.000000,5.600000,0.000000,0.000000,0.000000,0.000000,0.000000
109.000000,10.000000,70.000000,76.000000,2.600000,33.000000,10.000000,7.900000,9.300000,0.000000,0.000000,0.000000,0.000000,0.000000,0.000000
153.000000,8.600000,16.000000,51.000000,48.000000,6.700000,118.000000,8.200000,21.000000,12.000000,2.000000,0.000000,0.000000,0.000000,0.000000
123.000000,3.300000,25.000000,133.000000,7.200000,40.000000,7.100000,4.200000,42.000000,7.800000,22.000000,0.000000,0.000000,0.000000,0.000000
26.000000,38.000000,9.900000,22.000000,8.900000,5.800000,21.000000,2.000000,52.000000,0.000000,0.000000,0.000000,0.000000,0.000000,0.000000
7.800000,10.000000,27.000000,26.000000,8.100000,14.000000,6.300000,21.000000,2.900000,43.000000,29.000000,65.000000,0.000000,0.000000,0.000000
26.000000,13.000000,17.000000,35.000000,38.000000,49.000000,10.000000,29.000000,1.200000,0.000000,0.000000,0.000000,0.000000,0.000000,0.000000
2.900000,24.000000,5.800000,4.800000,8.400000,7.300000,8.600000,19.000000,0.000000,0.000000,0.000000,0.000000,0.000000,0.000000,0.000000
11.000000,20.000000,24.000000,8.700000,6.900000,6.800000,5.100000,55.000000,40.000000,11.000000,16.000000,5.000000,0.000000,0.000000,0.000000
5.600000,1.700000,112.000000,30.000000,9.700000,43.000000,22.000000,106.000000,106.000000,128.000000,118.000000,25.000000,9.400000,0.000000,0.000000
3.700000,32.000000,62.000000,46.000000,10.000000,69.000000,5.100000,10.000000,2.300000,0.000000,0.000000,0.000000,0.000000,0.000000,0.000000
6.100000,2.000000,18.000000,41.000000,15.000000,9.500000,8.500000,21.000000,10.000000,0.000000,0.000000,0.000000,0.000000,0.000000,0.000000
207.000000,59.000000,23.000000,4.600000,7.400000,103.000000,207.000000,37.000000,0.000000,0.000000,0.000000,0.000000,0.000000,0.000000,0.000000
2.900000,14.000000,4.800000,13.000000,2.900000,7.700000,0.000000,0.000000,0.000000,0.000000,0.000000,0.000000,0.000000,0.000000,0.000000
60.000000,46.000000,5.100000,60.000000,2.300000,34.000000,4.700000,13.000000,7.800000,0.000000,0.000000,0.000000,0.000000,0.000000,0.000000
60.000000,21.000000,10.000000,50.000000,17.000000,9.200000,13.000000,30.000000,5.800000,50.000000,0.000000,0.000000,0.000000,0.000000,0.000000
4.900000,6.300000,7.100000,20.000000,13.000000,9.000000,24.000000,6.600000,4.100000,0.000000,0.000000,0.000000,0.000000,0.000000,0.000000
5.200000,4.800000,14.000000,6.800000,7.600000,9.800000,3.900000,12.000000,0.000000,0.000000,0.000000,0.000000,0.000000,0.000000,0.000000
6.100000,3.100000,3.900000,5.700000,17.000000,6.100000,18.000000,0.000000,0.000000,0.000000,0.000000,0.000000,0.000000,0.000000,0.000000
3.300000,4.900000,11.000000,7.900000,11.000000,10.000000,17.000000,11.000000,7.800000,0.000000,0.000000,0.000000,0.000000,0.000000,0.000000
1.600000,10.000000,19.000000,14.000000,19.000000,10.000000,18.000000,122.000000,14.000000,74.000000,0.000000,0.000000,0.000000,0.000000,0.000000
45.000000,45.000000,4.600000,90.000000,7.800000,3.300000,3.900000,4.500000,0.000000,0.000000,0.000000,0.000000,0.000000,0.000000,0.000000
138.000000,52.000000,71.000000,14.000000,76.000000,7.000000,3.200000,78.000000,22.000000,0.000000,0.000000,0.000000,0.000000,0.000000,0.000000
4.600000,4.800000,7.200000,3.500000,9.600000,34.000000,0.000000,0.000000,0.000000,0.000000,0.000000,0.000000,0.000000,0.000000,0.000000
38.000000,13.000000,8.800000,10.000000,18.000000,20.000000,3.900000,5.600000,10.000000,24.000000,25.000000,0.000000,0.000000,0.000000,0.000000
80.000000,13.000000,14.000000,20.000000,83.000000,1.600000,22.000000,3.300000,0.000000,0.000000,0.000000,0.000000,0.000000,0.000000,0.000000
3.700000,10.000000,5.800000,3.100000,15.000000,12.000000,28.000000,20.000000,9.300000,0.000000,0.000000,0.000000,0.000000,0.000000,0.000000
6.200000,14.000000,8.800000,21.000000,7.400000,3.700000,8.800000,14.000000,0.000000,0.000000,0.000000,0.000000,0.000000,0.000000,0.000000
55.000000,1.400000,40.000000,5.600000,9.800000,34.000000,30.000000,12.000000,50.000000,0.000000,0.000000,0.000000,0.000000,0.000000,0.000000
20.000000,16.000000,50.000000,11.000000,6.700000,50.000000,5.400000,5.800000,202.000000,7.600000,0.000000,0.000000,0.000000,0.000000,0.000000
3.900000,11.000000,1.700000,36.000000,36.000000,4.800000,0.000000,0.000000,0.000000,0.000000,0.000000,0.000000,0.000000,0.000000,0.000000
7.400000,19.000000,24.000000,6.000000,14.000000,8.200000,5.300000,50.000000,3.000000,16.000000,0.000000,0.000000,0.000000,0.000000,0.000000
6.900000,15.000000,10.000000,73.000000,33.000000,191.000000,153.000000,36.000000,0.000000,0.000000,0.000000,0.000000,0.000000,0.000000,0.000000
5.600000,5.900000,12.000000,8.100000,7.900000,4.100000,12.000000,6.300000,37.000000,0.000000,0.000000,0.000000,0.000000,0.000000,0.000000
84.000000,7.500000,4.200000,36.000000,6.000000,38.000000,7.500000,18.000000,8.800000,0.000000,0.000000,0.000000,0.000000,0.000000,0.000000
10.000000,7.800000,6.300000,3.600000,40.000000,18.000000,45.000000,15.000000,48.000000,7.000000,5.300000,0.000000,0.000000,0.000000,0.000000
65.000000,5.400000,69.000000,7.800000,8.300000,25.000000,39.000000,8.200000,26.000000,5.800000,24.000000,0.000000,0.000000,0.000000,0.000000
7.100000,52.000000,27.000000,88.000000,88.000000,5.300000,15.000000,9.900000,10.000000,0.000000,0.000000,0.000000,0.000000,0.000000,0.000000
6.600000,3.900000,14.000000,4.700000,21.000000,32.000000,3.900000,93.000000,28.000000,10.000000,57.000000,0.000000,0.000000,0.000000,0.000000
11.000000,4.600000,6.000000,3.500000,5.400000,4.000000,0.000000,0.000000,0.000000,0.000000,0.000000,0.000000,0.000000,0.000000,0.000000
82.000000,14.000000,87.000000,13.000000,10.000000,11.000000,10.000000,4.500000,5.200000,23.000000,0.000000,0.000000,0.000000,0.000000,0.000000
6.700000,4.700000,6.100000,22.000000,25.000000,12.000000,10.000000,7.900000,5.300000,11.000000,0.000000,0.000000,0.000000,0.000000,0.000000
3.200000,6.600000,6.900000,11.000000,2.400000,11.000000,0.000000,0.000000,0.000000,0.000000,0.000000,0.000000,0.000000,0.000000,0.000000
3.800000,8.800000,1.300000,26.000000,27.000000,0.000000,0.000000,0.000000,0.000000,0.000000,0.000000,0.000000,0.000000,0.000000,0.000000
20.000000,12.000000,7.500000,1.900000,26.000000,6.600000,76.000000,0.000000,0.000000,0.000000,0.000000,0.000000,0.000000,0.000000,0.000000
15.000000,16.000000,5.300000,7.300000,64.000000,41.000000,62.000000,0.000000,0.000000,0.000000,0.000000,0.000000,0.000000,0.000000,0.000000
1.700000,10.000000,11.000000,2.500000,0.000000,0.000000,0.000000,0.000000,0.000000,0.000000,0.000000,0.000000,0.000000,0.000000,0.000000
67.000000,102.000000,16.000000,8.400000,10.000000,4.300000,24.000000,76.000000,29.000000,2.900000,53.000000,9.800000,0.000000,0.000000,0.000000
3.100000,17.000000,23.000000,7.200000,46.000000,7.000000,33.000000,0.000000,0.000000,0.000000,0.000000,0.000000,0.000000,0.000000,0.000000
13.000000,7.400000,2.300000,11.000000,6.000000,43.000000,9.800000,9.300000,28.000000,81.000000,0.000000,0.000000,0.000000,0.000000,0.000000
174.000000,133.000000,43.000000,53.000000,14.000000,8.300000,14.000000,8.500000,0.000000,0.000000,0.000000,0.000000,0.000000,0.000000,0.000000
26.000000,6.500000,11.000000,28.000000,5.800000,4.000000,8.300000,50.000000,13.000000,18.000000,46.000000,50.000000,15.000000,13.000000,0.000000
69.000000,54.000000,49.000000,64.000000,39.000000,15.000000,4.300000,8.200000,27.000000,3.100000,9.600000,5.700000,77.000000,60.000000,0.000000
88.000000,24.000000,6.100000,3.400000,3.900000,36.000000,101.000000,5.900000,52.000000,51.000000,9.000000,17.000000,0.000000,0.000000,0.000000
8.600000,7.300000,7.300000,15.000000,3.900000,8.200000,6.500000,5.000000,0.000000,0.000000,0.000000,0.000000,0.000000,0.000000,0.000000
25.000000,13.000000,2.600000,1.700000,0.000000,0.000000,0.000000,0.000000,0.000000,0.000000,0.000000,0.000000,0.000000,0.000000,0.000000
7.200000,5.400000,4.200000,11.000000,0.000000,0.000000,0.000000,0.000000,0.000000,0.000000,0.000000,0.000000,0.000000,0.000000,0.000000
57.000000,23.000000,10.000000,38.000000,8.200000,11.000000,3.700000,1.900000,0.000000,0.000000,0.000000,0.000000,0.000000,0.000000,0.000000
64.000000,63.000000,6.200000,3.300000,18.000000,11.000000,3.400000,13.000000,10.000000,11.000000,0.000000,0.000000,0.000000,0.000000,0.000000
29.000000,22.000000,46.000000,23.000000,5.100000,52.000000,11.000000,13.000000,2.900000,4.400000,0.000000,0.000000,0.000000,0.000000,0.000000
24.000000,72.000000,3.100000,44.000000,58.000000,32.000000,5.900000,3.500000,3.600000,66.000000,0.000000,0.000000,0.000000,0.000000,0.000000
4.300000,6.700000,6.900000,12.000000,17.000000,15.000000,8.800000,15.000000,3.800000,48.000000,0.000000,0.000000,0.000000,0.000000,0.000000
4.100000,17.000000,8.000000,10.000000,2.300000,8.100000,8.500000,0.000000,0.000000,0.000000,0.000000,0.000000,0.000000,0.000000,0.000000
2.500000,4.300000,8.600000,19.000000,5.000000,13.000000,9.700000,0.000000,0.000000,0.000000,0.000000,0.000000,0.000000,0.000000,0.000000
16.000000,6.000000,11.000000,5.800000,10.000000,39.000000,22.000000,44.000000,12.000000,4.100000,0.000000,0.000000,0.000000,0.000000,0.000000
156.000000,28.000000,10.000000,16.000000,14.000000,185.000000,34.000000,8.700000,49.000000,16.000000,39.000000,20.000000,135.000000,0.000000,0.000000
98.000000,6.700000,10.000000,10.000000,12.000000,8.200000,98.000000,98.000000,0.000000,0.000000,0.000000,0.000000,0.000000,0.000000,0.000000
58.000000,49.000000,36.000000,35.000000,6.500000,14.000000,2.900000,0.000000,0.000000,0.000000,0.000000,0.000000,0.000000,0.000000,0.000000
5.000000,10.000000,11.000000,2.400000,66.000000,25.000000,67.000000,4.700000,9.200000,0.000000,0.000000,0.000000,0.000000,0.000000,0.000000
4.000000,12.000000,44.000000,3.000000,2.300000,21.000000,0.000000,0.000000,0.000000,0.000000,0.000000,0.000000,0.000000,0.000000,0.000000
3.600000,6.700000,56.000000,35.000000,7.000000,6.400000,13.000000,11.000000,0.000000,0.000000,0.000000,0.000000,0.000000,0.000000,0.000000
26.000000,8.600000,2.500000,5.700000,52.000000,34.000000,9.100000,19.000000,5.500000,26.000000,91.000000,58.000000,0.000000,0.000000,0.000000
3.300000,9.900000,6.600000,28.000000,5.400000,4.400000,133.000000,12.000000,123.000000,17.000000,36.000000,0.000000,0.000000,0.000000,0.000000
112.000000,17.000000,6.000000,16.000000,3.600000,23.000000,0.000000,0.000000,0.000000,0.000000,0.000000,0.000000,0.000000,0.000000,0.000000
4.600000,8.300000,44.000000,42.000000,4.600000,7.900000,31.000000,8.200000,3.400000,0.000000,0.000000,0.000000,0.000000,0.000000,0.000000
18.000000,9.800000,5.400000,14.000000,7.600000,22.000000,94.000000,60.000000,83.000000,26.000000,0.000000,0.000000,0.000000,0.000000,0.000000
66.000000,90.000000,8.200000,72.000000,7.600000,6.200000,1.600000,0.000000,0.000000,0.000000,0.000000,0.000000,0.000000,0.000000,0.000000
36.000000,4.700000,14.000000,33.000000,69.000000,6.400000,3.600000,11.000000,88.000000,22.000000,20.000000,10.000000,106.000000,9.400000,0.000000
69.000000,5.500000,8.200000,44.000000,29.000000,10.000000,23.000000,1.600000,0.000000,0.000000,0.000000,0.000000,0.000000,0.000000,0.000000
13.000000,6.400000,4.800000,9.200000,35.000000,54.000000,21.000000,17.000000,13.000000,20.000000,0.000000,0.000000,0.000000,0.000000,0.000000
18.000000,8.600000,15.000000,3.600000,84.000000,70.000000,25.000000,90.000000,54.000000,0.000000,0.000000,0.000000,0.000000,0.000000,0.000000
5.300000,38.000000,54.000000,19.000000,1.800000,13.000000,6.600000,20.000000,38.000000,29.000000,0.000000,0.000000,0.000000,0.000000,0.000000
11.000000,4.800000,43.000000,12.000000,26.000000,7.400000,0.000000,0.000000,0.000000,0.000000,0.000000,0.000000,0.000000,0.000000,0.000000
19.000000,14.000000,11.000000,15.000000,7.300000,22.000000,3.500000,5.300000,13.000000,30.000000,15.000000,68.000000,15.000000,0.000000,0.000000
17.000000,3.800000,3.600000,30.000000,2.400000,20.000000,14.000000,26.000000,0.000000,0.000000,0.000000,0.000000,0.000000,0.000000,0.000000
14.000000,80.000000,7.200000,65.000000,15.000000,66.000000,3.500000,8.000000,22.000000,5.800000,0.000000,0.000000,0.000000,0.000000,0.000000
3.000000,93.000000,2.100000,8.700000,15.000000,15.000000,16.000000,73.000000,0.000000,0.000000,0.000000,0.000000,0.000000,0.000000,0.000000
57.000000,128.000000,21.000000,110.000000,21.000000,12.000000,30.000000,18.000000,8.000000,24.000000,11.000000,0.000000,0.000000,0.000000,0.000000
11.000000,3.800000,41.000000,2.500000,118.000000,9.300000,20.000000,102.000000,87.000000,12.000000,63.000000,0.000000,0.000000,0.000000,0.000000
3.600000,6.900000,12.000000,8.600000,6.900000,5.100000,11.000000,0.000000,0.000000,0.000000,0.000000,0.000000,0.000000,0.000000,0.000000
2.800000,42.000000,4.700000,11.000000,51.000000,62.000000,13.000000,0.000000,0.000000,0.000000,0.000000,0.000000,0.000000,0.000000,0.000000
184.000000,197.000000,15.000000,151.000000,40.000000,17.000000,20.000000,2.300000,8.900000,16.000000,30.000000,6.600000,5.200000,0.000000,0.000000
50.000000,5.400000,11.000000,3.800000,4.600000,15.000000,7.400000,100.000000,14.000000,16.000000,0.000000,0.000000,0.000000,0.000000,0.000000
11.000000,144.000000,46.000000,4.450000,2.650000,134.000000,21.000000,13.000000,63.000000,110.000000,5.300000,229.000000,24.000000,9.450000,0.000000
8.300000,20.000000,41.000000,23.000000,45.000000,2.600000,32.000000,3.900000,40.000000,32.000000,36.000000,39.000000,12.000000,0.000000,0.000000
2.100000,4.400000,12.000000,18.000000,18.000000,15.000000,39.000000,5.800000,42.000000,0.000000,0.000000,0.000000,0.000000,0.000000,0.000000
44.000000,17.000000,17.000000,17.000000,19.000000,44.000000,3.300000,6.800000,22.000000,13.000000,4.300000,0.000000,0.000000,0.000000,0.000000
5.600000,45.000000,18.000000,24.000000,4.500000,19.000000,27.000000,35.000000,22.000000,20.000000,14.000000,3.600000,12.000000,53.000000,0.000000
15.000000,9.200000,35.000000,4.500000,10.000000,92.000000,1.800000,13.000000,87.000000,90.000000,0.000000,0.000000,0.000000,0.000000,0.000000
9.400000,8.100000,26.000000,5.000000,26.000000,2.500000,26.000000,73.000000,44.000000,4.600000,0.000000,0.000000,0.000000,0.000000,0.000000
13.000000,3.600000,2.100000,50.000000,18.000000,23.000000,13.000000,5.900000,0.000000,0.000000,0.000000,0.000000,0.000000,0.000000,0.000000
11.000000,12.000000,23.000000,19.000000,172.000000,108.000000,6.400000,14.000000,20.000000,12.000000,18.000000,3.500000,5.300000,0.000000,0.000000
46.000000,5.500000,40.000000,5.900000,9.600000,15.000000,34.000000,33.000000,4.100000,9.600000,8.200000,27.000000,21.000000,0.000000,0.000000
26.000000,17.000000,4.300000,13.000000,16.000000,3.900000,25.000000,13.000000,9.000000,33.000000,5.400000,80.000000,0.000000,0.000000,0.000000
12.000000,27.000000,7.300000,28.000000,31.000000,17.000000,2.800000,0.000000,0.000000,0.000000,0.000000,0.000000,0.000000,0.000000,0.000000
6.700000,7.800000,17.000000,5.600000,23.000000,9.900000,16.000000,25.000000,7.000000,24.000000,0.000000,0.000000,0.000000,0.000000,0.000000
9.700000,11.000000,22.000000,17.000000,20.000000,85.000000,14.000000,7.800000,46.000000,147.000000,5.600000,43.000000,38.000000,4.400000,0.000000
38.000000,58.000000,3.800000,86.000000,48.000000,22.000000,85.000000,26.000000,2.600000,8.500000,0.000000,0.000000,0.000000,0.000000,0.000000
176.000000,29.000000,176.000000,14.000000,23.000000,23.000000,4.700000,19.000000,2.100000,0.000000,0.000000,0.000000,0.000000,0.000000,0.000000
7.700000,3.600000,4.200000,18.000000,49.000000,8.800000,21.000000,15.000000,18.000000,5.200000,0.000000,0.000000,0.000000,0.000000,0.000000
14.000000,39.000000,82.000000,94.000000,2.700000,15.000000,7.000000,26.000000,3.000000,106.000000,9.100000,0.000000,0.000000,0.000000,0.000000
2.900000,4.000000,10.000000,36.000000,10.000000,2.600000,0.000000,0.000000,0.000000,0.000000,0.000000,0.000000,0.000000,0.000000,0.000000
13.000000,54.000000,37.000000,23.000000,7.900000,2.900000,66.000000,4.700000,33.000000,23.000000,0.000000,0.000000,0.000000,0.000000,0.000000
103.000000,19.000000,3.500000,12.000000,64.000000,98.000000,6.400000,0.000000,0.000000,0.000000,0.000000,0.000000,0.000000,0.000000,0.000000
22.000000,17.000000,13.000000,20.000000,9.400000,6.100000,9.300000,5.600000,14.000000,5.900000,0.000000,0.000000,0.000000,0.000000,0.000000
5.600000,8.600000,42.000000,17.000000,10.000000,10.000000,14.000000,3.500000,11.000000,23.000000,0.000000,0.000000,0.000000,0.000000,0.000000
66.000000,24.000000,40.000000,23.000000,15.000000,6.700000,8.900000,4.500000,8.100000,8.400000,21.000000,31.000000,13.000000,8.000000,0.000000
11.000000,2.900000,10.000000,30.000000,21.000000,0.000000,0.000000,0.000000,0.000000,0.000000,0.000000,0.000000,0.000000,0.000000,0.000000
39.000000,78.000000,16.000000,8.600000,21.000000,15.000000,23.000000,8.600000,24.000000,11.000000,5.300000,14.000000,0.000000,0.000000,0.000000
4.400000,5.500000,10.000000,17.000000,21.000000,7.200000,11.000000,10.000000,45.000000,7.600000,57.000000,35.000000,19.000000,0.000000,0.000000
12.000000,44.000000,25.000000,28.000000,63.000000,25.000000,4.500000,6.700000,0.000000,0.000000,0.000000,0.000000,0.000000,0.000000,0.000000
5.600000,4.300000,8.100000,15.000000,11.000000,4.500000,33.000000,0.000000,0.000000,0.000000,0.000000,0.000000,0.000000,0.000000,0.000000
11.000000,7.300000,8.600000,4.000000,4.500000,10.000000,8.600000,30.000000,78.000000,23.000000,17.000000,0.000000,0.000000,0.000000,0.000000
22.000000,83.000000,32.000000,47.000000,1.400000,6.200000,13.000000,8.700000,0.000000,0.000000,0.000000,0.000000,0.000000,0.000000,0.000000
5.200000,100.000000,6.700000,6.400000,12.000000,10.000000,4.000000,105.000000,8.600000,48.000000,37.000000,0.000000,0.000000,0.000000,0.000000
192.000000,44.000000,97.000000,42.000000,12.000000,7.400000,17.000000,12.000000,23.000000,6.600000,2.700000,49.000000,0.000000,0.000000,0.000000
3.100000,4.600000,38.000000,16.000000,9.000000,26.000000,19.000000,9.300000,27.000000,0.000000,0.000000,0.000000,0.000000,0.000000,0.000000
38.000000,52.000000,4.500000,3.100000,8.400000,13.000000,19.000000,0.000000,0.000000,0.000000,0.000000,0.000000,0.000000,0.000000,0.000000
2.200000,22.000000,7.200000,15.000000,11.000000,9.000000,46.000000,43.000000,5.300000,25.000000,0.000000,0.000000,0.000000,0.000000,0.000000
5.400000,51.000000,44.000000,13.000000,2.000000,3.500000,54.000000,71.000000,14.000000,0.000000,0.000000,0.000000,0.000000,0.000000,0.000000
10.000000,10.000000,8.000000,6.900000,11.000000,5.000000,4.900000,15.000000,23.000000,16.000000,15.000000,0.000000,0.000000,0.000000,0.000000
2.400000,6.400000,3.500000,3.000000,0.000000,0.000000,0.000000,0.000000,0.000000,0.000000,0.000000,0.000000,0.000000,0.000000,0.000000
2.100000,40.000000,4.100000,39.000000,4.200000,6.600000,0.000000,0.000000,0.000000,0.000000,0.000000,0.000000,0.000000,0.000000,0.000000
149.000000,49.000000,18.000000,15.000000,12.000000,2.300000,38.000000,12.000000,5.100000,0.000000,0.000000,0.000000,0.000000,0.000000,0.000000
10.000000,21.000000,32.000000,21.000000,25.000000,3.200000,7.100000,0.000000,0.000000,0.000000,0.000000,0.000000,0.000000,0.000000,0.000000
11.000000,3.900000,26.000000,13.000000,6.000000,95.000000,70.000000,28.000000,2.000000,0.000000,0.000000,0.000000,0.000000,0.000000,0.000000
49.000000,4.000000,41.000000,78.000000,20.000000,6.200000,23.000000,3.400000,13.000000,17.000000,19.000000,143.000000,90.000000,12.000000,0.000000
38.000000,1.800000,13.000000,16.000000,3.900000,56.000000,36.000000,0.000000,0.000000,0.000000,0.000000,0.000000,0.000000,0.000000,0.000000
16.000000,37.000000,1.300000,103.000000,42.000000,48.000000,56.000000,83.000000,21.000000,13.000000,7.800000,0.000000,0.000000,0.000000,0.000000
35.000000,3.000000,6.000000,11.000000,6.700000,19.000000,40.000000,6.300000,12.000000,53.000000,18.000000,48.000000,68.000000,0.000000,0.000000
40.000000,68.000000,23.000000,5.100000,33.000000,1.500000,0.000000,0.000000,0.000000,0.000000,0.000000,0.000000,0.000000,0.000000,0.000000
92.000000,2.500000,21.000000,58.000000,15.000000,51.000000,6.700000,68.000000,0.000000,0.000000,0.000000,0.000000,0.000000,0.000000,0.000000
32.000000,15.000000,19.000000,10.000000,58.000000,10.000000,7.900000,12.000000,58.000000,2.300000,0.000000,0.000000,0.000000,0.000000,0.000000
6.100000,27.000000,9.600000,21.000000,10.000000,10.000000,4.800000,97.000000,4.400000,18.000000,10.000000,24.000000,0.000000,0.000000,0.000000
17.000000,54.000000,1.400000,6.900000,9.400000,15.000000,0.000000,0.000000,0.000000,0.000000,0.000000,0.000000,0.000000,0.000000,0.000000
4.000000,6.300000,3.400000,24.000000,55.000000,14.000000,8.300000,21.000000,5.200000,0.000000,0.000000,0.000000,0.000000,0.000000,0.000000
30.000000,7.400000,42.000000,10.000000,6.900000,4.900000,87.000000,68.000000,7.100000,9.200000,6.100000,36.000000,14.000000,0.000000,0.000000
29.000000,14.000000,3.600000,13.000000,15.000000,7.800000,28.000000,3.700000,56.000000,31.000000,22.000000,29.000000,14.000000,0.000000,0.000000
12.000000,20.000000,25.000000,11.000000,31.000000,52.000000,24.000000,1.900000,12.000000,7.600000,44.000000,30.000000,21.000000,0.000000,0.000000
19.000000,15.000000,5.400000,3.100000,28.000000,7.100000,19.000000,3.000000,0.000000,0.000000,0.000000,0.000000,0.000000,0.000000,0.000000
6.100000,69.000000,18.000000,9.100000,10.000000,17.000000,37.000000,33.000000,4.800000,14.000000,0.000000,0.000000,0.000000,0.000000,0.000000
3.600000,12.000000,29.000000,37.000000,2.100000,15.000000,9.900000,19.000000,53.000000,15.000000,0.000000,0.000000,0.000000,0.000000,0.000000
5.100000,4.600000,7.600000,11.000000,7.900000,71.000000,4.600000,32.000000,64.000000,23.000000,72.000000,55.000000,22.000000,0.000000,0.000000
44.000000,79.000000,37.000000,25.000000,6.000000,0.000000,0.000000,0.000000,0.000000,0.000000,0.000000,0.000000,0.000000,0.000000,0.000000
85.000000,30.000000,58.000000,10.000000,25.000000,13.000000,21.000000,13.000000,3.200000,3.800000,0.000000,0.000000,0.000000,0.000000,0.000000
14.000000,27.000000,28.000000,3.100000,8.800000,0.000000,0.000000,0.000000,0.000000,0.000000,0.000000,0.000000,0.000000,0.000000,0.000000
2.500000,6.300000,71.000000,22.000000,4.100000,6.300000,56.000000,41.000000,8.900000,44.000000,0.000000,0.000000,0.000000,0.000000,0.000000
9.000000,7.700000,14.000000,13.000000,40.000000,10.000000,18.000000,19.000000,72.000000,91.000000,205.000000,0.000000,0.000000,0.000000,0.000000
13.000000,4.000000,4.000000,7.500000,3.000000,91.000000,20.000000,18.000000,30.000000,0.000000,0.000000,0.000000,0.000000,0.000000,0.000000
32.000000,4.900000,2.500000,14.000000,37.000000,78.000000,4.000000,86.000000,108.000000,14.000000,86.000000,20.000000,17.000000,0.000000,0.000000
52.000000,57.000000,56.000000,12.000000,3.000000,0.000000,0.000000,0.000000,0.000000,0.000000,0.000000,0.000000,0.000000,0.000000,0.000000
67.000000,19.000000,10.000000,9.200000,3.100000,5.400000,3.400000,42.000000,22.000000,94.000000,114.000000,29.000000,0.000000,0.000000,0.000000
15.000000,29.000000,25.000000,7.200000,22.000000,3.900000,5.400000,30.000000,82.000000,41.000000,0.000000,0.000000,0.000000,0.000000,0.000000
80.000000,6.900000,35.000000,4.700000,14.000000,11.000000,15.000000,22.000000,4.500000,53.000000,9.400000,26.000000,13.000000,0.000000,0.000000
3.400000,5.400000,6.100000,4.100000,17.000000,5.000000,29.000000,0.000000,0.000000,0.000000,0.000000,0.000000,0.000000,0.000000,0.000000
10.000000,42.000000,1.900000,8.000000,3.900000,38.000000,29.000000,10.000000,0.000000,0.000000,0.000000,0.000000,0.000000,0.000000,0.000000
3.200000,57.000000,59.000000,7.800000,4.100000,17.000000,2.900000,25.000000,32.000000,0.000000,0.000000,0.000000,0.000000,0.000000,0.000000
17.000000,41.000000,62.000000,41.000000,31.000000,7.600000,5.000000,5.900000,62.000000,3.300000,0.000000,0.000000,0.000000,0.000000,0.000000
4.700000,22.000000,8.300000,26.000000,26.000000,53.000000,17.000000,42.000000,8.900000,0.000000,0.000000,0.000000,0.000000,0.000000,0.000000
5.100000,8.700000,26.000000,6.700000,43.000000,11.000000,6.700000,7.000000,26.000000,52.000000,83.000000,5.000000,47.000000,0.000000,0.000000
22.000000,4.200000,60.000000,5.800000,47.000000,6.400000,26.000000,17.000000,9.300000,0.000000,0.000000,0.000000,0.000000,0.000000,0.000000
4.900000,69.000000,9.900000,17.000000,33.000000,18.000000,5.100000,37.000000,7.500000,8.500000,10.000000,17.000000,11.000000,84.000000,0.000000
5.300000,5.200000,30.000000,4.600000,2.300000,15.000000,13.000000,0.000000,0.000000,0.000000,0.000000,0.000000,0.000000,0.000000,0.000000
84.000000,14.000000,11.000000,28.000000,1.800000,7.400000,14.000000,4.500000,0.000000,0.000000,0.000000,0.000000,0.000000,0.000000,0.000000
4.100000,9.500000,12.000000,13.000000,6.100000,5.400000,7.700000,10.000000,47.000000,18.000000,75.000000,0.000000,0.000000,0.000000,0.000000
3.200000,5.600000,8.600000,5.100000,37.000000,10.000000,49.000000,0.000000,0.000000,0.000000,0.000000,0.000000,0.000000,0.000000,0.000000
77.000000,25.000000,3.500000,21.000000,26.000000,118.000000,24.000000,9.400000,2.100000,111.000000,27.000000,0.000000,0.000000,0.000000,0.000000
17.000000,13.000000,18.000000,8.000000,8.700000,55.000000,7.700000,13.000000,4.500000,3.500000,64.000000,112.000000,123.000000,0.000000,0.000000
3.800000,4.800000,7.000000,3.500000,37.000000,9.800000,9.100000,19.000000,0.000000,0.000000,0.000000,0.000000,0.000000,0.000000,0.000000
14.000000,13.000000,85.000000,42.000000,15.000000,7.500000,42.000000,128.000000,4.700000,16.000000,6.400000,0.000000,0.000000,0.000000,0.000000
47.000000,2.200000,99.000000,48.000000,4.600000,4.900000,15.000000,0.000000,0.000000,0.000000,0.000000,0.000000,0.000000,0.000000,0.000000
88.000000,63.000000,8.600000,60.000000,6.500000,3.700000,11.000000,0.000000,0.000000,0.000000,0.000000,0.000000,0.000000,0.000000,0.000000
39.000000,6.200000,10.000000,6.100000,16.000000,33.000000,1.600000,18.000000,0.000000,0.000000,0.000000,0.000000,0.000000,0.000000,0.000000
38.000000,65.000000,51.000000,13.000000,6.900000,21.000000,36.000000,1.500000,63.000000,0.000000,0.000000,0.000000,0.000000,0.000000,0.000000
2.400000,9.100000,12.000000,37.000000,97.000000,7.500000,69.000000,4.100000,21.000000,8.100000,0.000000,0.000000,0.000000,0.000000,0.000000
12.000000,25.000000,4.600000,5.400000,41.000000,9.100000,12.000000,139.000000,47.000000,3.600000,0.000000,0.000000,0.000000,0.000000,0.000000
3.400000,7.000000,5.100000,7.100000,4.600000,63.000000,7.400000,21.000000,0.000000,0.000000,0.000000,0.000000,0.000000,0.000000,0.000000
10.000000,43.000000,32.000000,13.000000,3.300000,2.700000,9.300000,0.000000,0.000000,0.000000,0.000000,0.000000,0.000000,0.000000,0.000000
3.700000,4.800000,17.000000,18.000000,6.300000,15.000000,20.000000,59.000000,43.000000,4.200000,73.000000,108.000000,0.000000,0.000000,0.000000
101.000000,72.000000,80.000000,2.100000,2.800000,40.000000,9.600000,7.000000,15.000000,0.000000,0.000000,0.000000,0.000000,0.000000,0.000000
9.500000,13.000000,6.300000,4.700000,4.500000,3.400000,8.500000,0.000000,0.000000,0.000000,0.000000,0.000000,0.000000,0.000000,0.000000
129.000000,138.000000,90.000000,21.000000,63.000000,16.000000,5.600000,5.500000,14.000000,9.600000,2.000000,0.000000,0.000000,0.000000,0.000000
4.000000,11.000000,5.000000,10.000000,38.000000,24.000000,73.000000,14.000000,8.700000,74.000000,103.000000,12.000000,146.000000,37.000000,0.000000
31.000000,22.000000,62.000000,7.500000,1.200000,6.650000,69.000000,0.000000,0.000000,0.000000,0.000000,0.000000,0.000000,0.000000,0.000000
11.000000,19.000000,7.000000,25.000000,2.800000,14.000000,182.000000,6.300000,120.000000,105.000000,35.000000,0.000000,0.000000,0.000000,0.000000
5.300000,9.400000,15.000000,11.000000,27.000000,65.000000,2.500000,32.000000,4.600000,19.000000,0.000000,0.000000,0.000000,0.000000,0.000000
8.100000,15.000000,5.200000,8.000000,3.500000,6.000000,38.000000,15.000000,53.000000,96.000000,102.000000,0.000000,0.000000,0.000000,0.000000
19.000000,8.300000,17.000000,7.500000,4.500000,13.000000,11.000000,18.000000,18.000000,27.000000,17.000000,12.000000,0.000000,0.000000,0.000000
9.600000,8.800000,8.200000,17.000000,5.400000,70.000000,2.500000,67.000000,15.000000,82.000000,0.000000,0.000000,0.000000,0.000000,0.000000
7.600000,59.000000,2.900000,39.000000,53.000000,11.000000,11.000000,12.000000,43.000000,0.000000,0.000000,0.000000,0.000000,0.000000,0.000000
3.600000,73.000000,20.000000,30.000000,4.700000,8.000000,56.000000,16.000000,17.000000,20.000000,0.000000,0.000000,0.000000,0.000000,0.000000
38.000000,7.000000,5.500000,6.700000,17.000000,5.900000,2.200000,0.000000,0.000000,0.000000,0.000000,0.000000,0.000000,0.000000,0.000000
10.000000,6.400000,31.000000,16.000000,41.000000,3.000000,10.000000,33.000000,21.000000,5.100000,15.000000,40.000000,48.000000,0.000000,0.000000
12.000000,10.000000,24.000000,7.500000,7.200000,2.700000,24.000000,13.000000,30.000000,15.000000,10.000000,140.000000,110.000000,0.000000,0.000000
10.000000,96.000000,5.800000,17.000000,4.800000,4.400000,2.500000,0.000000,0.000000,0.000000,0.000000,0.000000,0.000000,0.000000,0.000000
20.000000,49.000000,6.500000,4.200000,23.000000,0.000000,0.000000,0.000000,0.000000,0.000000,0.000000,0.000000,0.000000,0.000000,0.000000
5.100000,8.200000,63.000000,10.000000,53.000000,40.000000,1.900000,35.000000,0.000000,0.000000,0.000000,0.000000,0.000000,0.000000,0.000000
20.000000,5.600000,32.000000,53.000000,14.000000,9.000000,7.600000,32.000000,10.000000,11.000000,4.500000,0.000000,0.000000,0.000000,0.000000
7.100000,14.000000,5.700000,38.000000,41.000000,4.900000,13.000000,11.000000,6.500000,19.000000,70.000000,9.300000,0.000000,0.000000,0.000000
1.900000,6.800000,2.900000,14.000000,9.100000,0.000000,0.000000,0.000000,0.000000,0.000000,0.000000,0.000000,0.000000,0.000000,0.000000
6.700000,5.700000,8.100000,17.000000,9.300000,18.000000,12.000000,12.000000,19.000000,73.000000,0.000000,0.000000,0.000000,0.000000,0.000000
10.000000,9.400000,22.000000,17.000000,11.000000,40.000000,16.000000,3.400000,8.000000,22.000000,42.000000,21.000000,0.000000,0.000000,0.000000
6.700000,10.000000,9.700000,7.100000,3.600000,7.900000,5.600000,20.000000,24.000000,37.000000,0.000000,0.000000,0.000000,0.000000,0.000000
112.000000,83.000000,79.000000,21.000000,5.100000,1.700000,14.000000,0.000000,0.000000,0.000000,0.000000,0.000000,0.000000,0.000000,0.000000
10.000000,3.300000,4.300000,13.000000,36.000000,39.000000,3.500000,9.200000,27.000000,0.000000,0.000000,0.000000,0.000000,0.000000,0.000000
24.000000,130.000000,30.000000,31.000000,24.000000,27.000000,73.000000,10.000000,31.000000,34.000000,11.000000,1.400000,0.000000,0.000000,0.000000
23.000000,53.000000,38.000000,74.000000,15.000000,14.000000,178.000000,18.000000,2.200000,0.000000,0.000000,0.000000,0.000000,0.000000,0.000000
12.000000,21.000000,8.500000,79.000000,5.600000,26.000000,139.000000,17.000000,29.000000,43.000000,57.000000,0.000000,0.000000,0.000000,0.000000
140.000000,55.000000,46.000000,126.000000,66.000000,9.900000,9.000000,18.000000,3.800000,87.000000,8.300000,2.700000,12.000000,0.000000,0.000000
44.000000,6.500000,43.000000,18.000000,4.300000,30.000000,9.100000,2.200000,23.000000,0.000000,0.000000,0.000000,0.000000,0.000000,0.000000
4.700000,11.000000,27.000000,14.000000,5.200000,10.000000,17.000000,26.000000,118.000000,22.000000,108.000000,99.000000,0.000000,0.000000,0.000000
71.000000,23.000000,2.800000,77.000000,171.000000,56.000000,21.000000,6.200000,37.000000,201.000000,20.000000,8.700000,104.000000,0.000000,0.000000
3.800000,6.800000,5.200000,7.000000,13.000000,6.400000,8.800000,10.000000,0.000000,0.000000,0.000000,0.000000,0.000000,0.000000,0.000000
7.700000,4.000000,38.000000,7.300000,25.000000,2.800000,18.000000,40.000000,9.100000,18.000000,0.000000,0.000000,0.000000,0.000000,0.000000
12.000000,13.000000,4.300000,20.000000,20.000000,5.300000,0.000000,0.000000,0.000000,0.000000,0.000000,0.000000,0.000000,0.000000,0.000000
97.000000,48.000000,9.900000,10.000000,29.000000,17.000000,3.300000,12.000000,8.100000,4.900000,0.000000,0.000000,0.000000,0.000000,0.000000
2.500000,23.000000,65.000000,5.700000,17.000000,65.000000,43.000000,86.000000,7.600000,6.200000,0.000000,0.000000,0.000000,0.000000,0.000000
7.200000,86.000000,22.000000,105.000000,73.000000,6.800000,2.700000,2.800000,69.000000,0.000000,0.000000,0.000000,0.000000,0.000000,0.000000
14.000000,3.800000,22.000000,4.100000,11.000000,11.000000,5.500000,5.100000,0.000000,0.000000,0.000000,0.000000,0.000000,0.000000,0.000000
28.000000,11.000000,1.900000,12.000000,16.000000,5.450000,5.300000,0.000000,0.000000,0.000000,0.000000,0.000000,0.000000,0.000000,0.000000
5.300000,42.000000,3.600000,16.000000,8.600000,7.100000,5.000000,7.300000,23.000000,0.000000,0.000000,0.000000,0.000000,0.000000,0.000000
50.000000,6.300000,53.000000,3.700000,22.000000,22.000000,8.100000,3.800000,4.000000,0.000000,0.000000,0.000000,0.000000,0.000000,0.000000
113.000000,30.000000,142.000000,11.000000,153.000000,5.600000,136.000000,43.000000,2.100000,8.900000,8.700000,0.000000,0.000000,0.000000,0.000000
8.100000,88.000000,8.500000,26.000000,3.100000,25.000000,12.000000,10.000000,66.000000,8.900000,0.000000,0.000000,0.000000,0.000000,0.000000
157.000000,126.000000,105.000000,16.000000,7.800000,378.000000,1.600000,0.000000,0.000000,0.000000,0.000000,0.000000,0.000000,0.000000,0.000000
40.000000,3.700000,17.000000,5.900000,4.100000,0.000000,0.000000,0.000000,0.000000,0.000000,0.000000,0.000000,0.000000,0.000000,0.000000
4.200000,107.000000,3.400000,25.000000,6.400000,5.700000,19.000000,6.100000,82.000000,0.000000,0.000000,0.000000,0.000000,0.000000,0.000000
23.000000,57.000000,27.000000,9.600000,72.000000,66.000000,1.400000,7.500000,0.000000,0.000000,0.000000,0.000000,0.000000,0.000000,0.000000
8.800000,43.000000,75.000000,12.000000,19.000000,8.500000,2.500000,0.000000,0.000000,0.000000,0.000000,0.000000,0.000000,0.000000,0.000000
5.400000,3.000000,9.800000,7.700000,16.000000,4.900000,26.000000,11.000000,18.000000,0.000000,0.000000,0.000000,0.000000,0.000000,0.000000
5.600000,10.000000,35.000000,20.000000,12.000000,1.300000,0.000000,0.000000,0.000000,0.000000,0.000000,0.000000,0.000000,0.000000,0.000000
87.000000,19.000000,21.000000,13.000000,36.000000,16.000000,1.500000,33.000000,5.700000,0.000000,0.000000,0.000000,0.000000,0.000000,0.000000
128.000000,16.000000,64.000000,11.000000,4.000000,5.600000,11.000000,3.700000,77.000000,17.000000,51.000000,0.000000,0.000000,0.000000,0.000000
4.800000,13.000000,8.500000,20.000000,3.700000,6.400000,10.000000,94.000000,0.000000,0.000000,0.000000,0.000000,0.000000,0.000000,0.000000
15.000000,58.000000,57.000000,4.700000,2.000000,10.000000,0.000000,0.000000,0.000000,0.000000,0.000000,0.000000,0.000000,0.000000,0.000000
38.000000,6.500000,58.000000,38.000000,35.000000,13.000000,8.300000,7.500000,4.500000,57.000000,0.000000,0.000000,0.000000,0.000000,0.000000
2.500000,1.900000,10.000000,6.000000,0.000000,0.000000,0.000000,0.000000,0.000000,0.000000,0.000000,0.000000,0.000000,0.000000,0.000000
12.000000,8.600000,10.000000,4.100000,43.000000,18.000000,3.400000,19.000000,4.900000,115.000000,0.000000,0.000000,0.000000,0.000000,0.000000
11.000000,16.000000,10.000000,10.000000,31.000000,10.000000,66.000000,4.500000,40.000000,4.400000,0.000000,0.000000,0.000000,0.000000,0.000000
6.300000,30.000000,68.000000,18.000000,15.000000,12.000000,7.300000,32.000000,44.000000,6.500000,2.300000,0.000000,0.000000,0.000000,0.000000
8.300000,25.000000,51.000000,9.200000,2.000000,54.000000,13.000000,15.000000,42.000000,11.000000,47.000000,10.000000,0.000000,0.000000,0.000000
31.000000,5.500000,2.600000,4.600000,21.000000,12.000000,4.200000,0.000000,0.000000,0.000000,0.000000,0.000000,0.000000,0.000000,0.000000
32.000000,110.000000,14.000000,5.200000,12.000000,6.600000,2.800000,36.000000,7.500000,0.000000,0.000000,0.000000,0.000000,0.000000,0.000000
18.000000,192.000000,4.800000,20.000000,2.500000,11.000000,57.000000,23.000000,9.700000,17.000000,168.000000,0.000000,0.000000,0.000000,0.000000
127.000000,83.000000,7.000000,52.000000,56.000000,22.000000,11.000000,23.000000,7.200000,14.000000,1.600000,0.000000,0.000000,0.000000,0.000000
143.000000,2.300000,3.600000,62.000000,32.000000,121.000000,60.000000,19.000000,6.500000,10.000000,20.000000,27.000000,120.000000,0.000000,0.000000
15.000000,12.000000,7.900000,76.000000,81.000000,3.200000,7.200000,0.000000,0.000000,0.000000,0.000000,0.000000,0.000000,0.000000,0.000000
120.000000,10.000000,28.000000,22.000000,76.000000,7.300000,13.000000,3.900000,3.400000,0.000000,0.000000,0.000000,0.000000,0.000000,0.000000
109.000000,34.000000,3.000000,98.000000,88.000000,37.000000,3.700000,105.000000,8.500000,63.000000,0.000000,0.000000,0.000000,0.000000,0.000000
9.800000,44.000000,7.100000,5.100000,4.200000,4.700000,17.000000,5.400000,56.000000,49.000000,0.000000,0.000000,0.000000,0.000000,0.000000
13.000000,42.000000,38.000000,6.000000,13.000000,34.000000,11.000000,5.400000,23.000000,49.000000,4.600000,0.000000,0.000000,0.000000,0.000000
8.600000,4.800000,4.900000,44.000000,6.800000,10.000000,26.000000,18.000000,0.000000,0.000000,0.000000,0.000000,0.000000,0.000000,0.000000
3.100000,9.000000,49.000000,11.000000,24.000000,9.500000,26.000000,3.600000,0.000000,0.000000,0.000000,0.000000,0.000000,0.000000,0.000000
61.000000,20.000000,28.000000,85.000000,14.000000,17.000000,63.000000,0.000000,0.000000,0.000000,0.000000,0.000000,0.000000,0.000000,0.000000
33.000000,5.800000,183.000000,28.000000,3.300000,91.000000,2.100000,183.000000,73.000000,45.000000,9.600000,0.000000,0.000000,0.000000,0.000000
8.500000,59.000000,1.700000,72.000000,63.000000,43.000000,20.000000,2.700000,0.000000,0.000000,0.000000,0.000000,0.000000,0.000000,0.000000
102.000000,3.600000,45.000000,17.000000,34.000000,16.000000,0.000000,0.000000,0.000000,0.000000,0.000000,0.000000,0.000000,0.000000,0.000000
6.400000,8.000000,30.000000,31.000000,29.000000,2.200000,118.000000,0.000000,0.000000,0.000000,0.000000,0.000000,0.000000,0.000000,0.000000
56.000000,4.400000,15.000000,124.000000,8.300000,37.000000,96.000000,1.800000,23.000000,51.000000,0.000000,0.000000,0.000000,0.000000,0.000000
44.000000,31.000000,3.300000,26.000000,29.000000,19.000000,4.200000,12.000000,6.400000,11.000000,83.000000,30.000000,12.000000,83.000000,0.000000
2.900000,12.000000,4.500000,23.000000,12.000000,13.000000,16.000000,24.000000,24.000000,53.000000,7.200000,27.000000,0.000000,0.000000,0.000000
51.000000,8.300000,13.000000,7.700000,3.500000,44.000000,25.000000,6.600000,0.000000,0.000000,0.000000,0.000000,0.000000,0.000000,0.000000
14.000000,27.000000,7.900000,27.000000,14.000000,20.000000,13.000000,17.000000,5.000000,11.000000,22.000000,6.700000,7.300000,24.000000,0.000000
47.000000,9.200000,7.400000,10.000000,11.000000,13.000000,70.000000,31.000000,8.300000,8.000000,3.100000,12.000000,0.000000,0.000000,0.000000
5.300000,30.000000,7.300000,3.500000,41.000000,3.600000,15.000000,6.000000,0.000000,0.000000,0.000000,0.000000,0.000000,0.000000,0.000000
14.000000,12.000000,4.700000,30.000000,83.000000,4.300000,21.000000,7.200000,0.000000,0.000000,0.000000,0.000000,0.000000,0.000000,0.000000
8.500000,21.000000,4.100000,16.000000,2.700000,15.000000,142.000000,189.000000,14.000000,87.000000,0.000000,0.000000,0.000000,0.000000,0.000000
2.800000,29.000000,12.000000,1.800000,126.000000,16.000000,145.000000,17.000000,38.000000,0.000000,0.000000,0.000000,0.000000,0.000000,0.000000
7.000000,7.700000,11.000000,9.800000,3.900000,5.500000,29.000000,13.000000,18.000000,29.000000,14.000000,64.000000,0.000000,0.000000,0.000000
200.000000,168.000000,25.000000,7.500000,52.000000,3.000000,16.000000,105.000000,102.000000,4.500000,0.000000,0.000000,0.000000,0.000000,0.000000
32.000000,31.000000,3.300000,33.000000,22.000000,4.000000,16.000000,5.200000,7.200000,0.000000,0.000000,0.000000,0.000000,0.000000,0.000000
30.000000,5.800000,13.000000,5.100000,8.500000,18.000000,17.000000,17.000000,11.000000,3.700000,35.000000,46.000000,0.000000,0.000000,0.000000
22.000000,11.000000,42.000000,55.000000,21.000000,3.600000,6.400000,14.000000,2.100000,0.000000,0.000000,0.000000,0.000000,0.000000,0.000000
7.500000,5.300000,21.000000,2.900000,9.100000,9.200000,3.900000,0.000000,0.000000,0.000000,0.000000,0.000000,0.000000,0.000000,0.000000
22.000000,10.000000,6.700000,10.000000,4.100000,0.000000,0.000000,0.000000,0.000000,0.000000,0.000000,0.000000,0.000000,0.000000,0.000000
15.000000,10.000000,12.000000,42.000000,8.900000,6.900000,35.000000,2.900000,0.000000,0.000000,0.000000,0.000000,0.000000,0.000000,0.000000
14.000000,13.000000,1.900000,5.900000,17.000000,78.000000,0.000000,0.000000,0.000000,0.000000,0.000000,0.000000,0.000000,0.000000,0.000000
3.500000,5.000000,80.000000,49.000000,9.000000,5.100000,39.000000,8.100000,4.600000,0.000000,0.000000,0.000000,0.000000,0.000000,0.000000
3.500000,18.000000,41.000000,9.700000,2.500000,86.000000,47.000000,14.000000,10.000000,8.500000,26.000000,0.000000,0.000000,0.000000,0.000000
6.000000,4.000000,8.000000,13.000000,3.100000,21.000000,10.000000,10.000000,0.000000,0.000000,0.000000,0.000000,0.000000,0.000000,0.000000
33.000000,42.000000,5.700000,22.000000,46.000000,9.100000,18.000000,9.900000,19.000000,4.200000,0.000000,0.000000,0.000000,0.000000,0.000000
12.000000,1.900000,41.000000,17.000000,6.300000,9.900000,12.000000,28.000000,11.000000,18.000000,0.000000,0.000000,0.000000,0.000000,0.000000
16.000000,6.300000,4.100000,8.100000,27.000000,13.000000,8.400000,22.000000,6.800000,15.000000,0.000000,0.000000,0.000000,0.000000,0.000000
2.700000,12.000000,10.000000,3.400000,7.200000,59.000000,18.000000,0.000000,0.000000,0.000000,0.000000,0.000000,0.000000,0.000000,0.000000
31.000000,58.000000,7.900000,7.200000,8.100000,19.000000,1.900000,50.000000,7.300000,64.000000,48.000000,0.000000,0.000000,0.000000,0.000000
52.000000,58.000000,26.000000,1.700000,11.000000,10.000000,35.000000,4.400000,10.000000,0.000000,0.000000,0.000000,0.000000,0.000000,0.000000
27.000000,1.400000,66.000000,6.400000,31.000000,23.000000,57.000000,69.000000,72.000000,0.000000,0.000000,0.000000,0.000000,0.000000,0.000000
20.000000,123.000000,5.700000,61.000000,2.400000,12.000000,8.800000,39.000000,45.000000,11.000000,0.000000,0.000000,0.000000,0.000000,0.000000
22.000000,7.200000,2.700000,7.300000,59.000000,47.000000,18.000000,13.000000,10.000000,6.300000,31.000000,21.000000,0.000000,0.000000,0.000000
32.000000,17.000000,6.500000,9.200000,2.000000,0.000000,0.000000,0.000000,0.000000,0.000000,0.000000,0.000000,0.000000,0.000000,0.000000
9.000000,14.000000,6.400000,14.000000,26.000000,6.200000,11.000000,18.000000,8.200000,10.000000,9.400000,27.000000,12.000000,0.000000,0.000000
44.000000,84.000000,2.200000,18.000000,6.700000,7.900000,13.000000,9.100000,0.000000,0.000000,0.000000,0.000000,0.000000,0.000000,0.000000
4.400000,1.700000,4.100000,7.600000,0.000000,0.000000,0.000000,0.000000,0.000000,0.000000,0.000000,0.000000,0.000000,0.000000,0.000000
3.200000,3.500000,64.000000,25.000000,8.500000,6.800000,50.000000,12.000000,19.000000,22.000000,19.000000,23.000000,0.000000,0.000000,0.000000
27.000000,39.000000,23.000000,3.400000,3.000000,39.000000,2.700000,0.000000,0.000000,0.000000,0.000000,0.000000,0.000000,0.000000,0.000000
4.200000,37.000000,49.000000,12.000000,5.400000,15.000000,0.000000,0.000000,0.000000,0.000000,0.000000,0.000000,0.000000,0.000000,0.000000
4.800000,7.400000,14.000000,3.200000,3.700000,86.000000,10.000000,0.000000,0.000000,0.000000,0.000000,0.000000,0.000000,0.000000,0.000000
28.000000,3.900000,10.000000,5.700000,9.400000,5.500000,35.000000,3.200000,0.000000,0.000000,0.000000,0.000000,0.000000,0.000000,0.000000
177.000000,32.000000,17.000000,71.000000,13.000000,17.000000,20.000000,8.700000,3.600000,177.000000,0.000000,0.000000,0.000000,0.000000,0.000000
8.700000,6.100000,6.700000,29.000000,3.600000,24.000000,17.000000,4.800000,6.900000,0.000000,0.000000,0.000000,0.000000,0.000000,0.000000
44.000000,34.000000,38.000000,6.000000,3.900000,12.000000,1.900000,17.000000,0.000000,0.000000,0.000000,0.000000,0.000000,0.000000,0.000000
16.000000,14.000000,73.000000,19.000000,2.500000,11.000000,73.000000,10.000000,15.000000,0.000000,0.000000,0.000000,0.000000,0.000000,0.000000
11.000000,14.000000,3.700000,72.000000,98.000000,85.000000,107.000000,7.000000,4.000000,0.000000,0.000000,0.000000,0.000000,0.000000,0.000000
3.400000,2.800000,20.000000,17.000000,150.000000,149.000000,50.000000,63.000000,105.000000,177.000000,0.000000,0.000000,0.000000,0.000000,0.000000
12.000000,3.400000,6.500000,5.100000,31.000000,28.000000,15.000000,10.000000,75.000000,8.700000,10.000000,0.000000,0.000000,0.000000,0.000000
9.000000,6.800000,13.000000,53.000000,1.700000,18.000000,123.000000,5.300000,0.000000,0.000000,0.000000,0.000000,0.000000,0.000000,0.000000
75.000000,38.000000,3.400000,124.000000,10.000000,15.000000,25.000000,1.800000,0.000000,0.000000,0.000000,0.000000,0.000000,0.000000,0.000000
2.800000,3.000000,2.700000,16.000000,14.000000,0.000000,0.000000,0.000000,0.000000,0.000000,0.000000,0.000000,0.000000,0.000000,0.000000
7.000000,5.300000,25.000000,7.100000,9.000000,10.000000,16.000000,10.000000,19.000000,4.600000,38.000000,47.000000,0.000000,0.000000,0.000000
8.500000,34.000000,10.000000,8.300000,7.900000,10.000000,19.000000,31.000000,3.600000,12.000000,98.000000,8.700000,0.000000,0.000000,0.000000
111.000000,10.000000,86.000000,10.000000,11.000000,3.500000,81.000000,15.000000,65.000000,2.000000,0.000000,0.000000,0.000000,0.000000,0.000000
4.500000,7.700000,7.400000,12.000000,9.900000,9.800000,65.000000,18.000000,5.000000,21.000000,25.000000,15.000000,0.000000,0.000000,0.000000
9.600000,5.400000,49.000000,46.000000,48.000000,8.200000,20.000000,9.600000,25.000000,18.000000,4.300000,7.600000,84.000000,13.000000,0.000000
10.000000,3.600000,3.500000,5.700000,9.000000,47.000000,10.000000,33.000000,15.000000,63.000000,0.000000,0.000000,0.000000,0.000000,0.000000
1.900000,6.800000,31.000000,12.000000,16.000000,4.700000,7.300000,0.000000,0.000000,0.000000,0.000000,0.000000,0.000000,0.000000,0.000000
13.000000,3.000000,123.000000,63.000000,31.000000,7.900000,80.000000,13.000000,0.000000,0.000000,0.000000,0.000000,0.000000,0.000000,0.000000
10.000000,13.000000,14.000000,6.200000,10.000000,4.700000,30.000000,14.000000,47.000000,20.000000,15.000000,11.000000,8.400000,60.000000,0.000000
33.000000,46.000000,48.000000,12.000000,22.000000,10.000000,0.000000,0.000000,0.000000,0.000000,0.000000,0.000000,0.000000,0.000000,0.000000
9.200000,72.000000,2.300000,7.200000,25.000000,55.000000,24.000000,5.300000,5.100000,0.000000,0.000000,0.000000,0.000000,0.000000,0.000000
2.500000,11.000000,5.100000,7.000000,4.800000,54.000000,19.000000,13.000000,61.000000,0.000000,0.000000,0.000000,0.000000,0.000000,0.000000
12.000000,26.000000,4.500000,7.800000,2.100000,6.800000,0.000000,0.000000,0.000000,0.000000,0.000000,0.000000,0.000000,0.000000,0.000000
2.500000,121.000000,86.000000,7.700000,19.000000,9.400000,23.000000,87.000000,27.000000,132.000000,203.000000,0.000000,0.000000,0.000000,0.000000
11.000000,4.200000,8.100000,8.200000,5.900000,3.800000,101.000000,91.000000,51.000000,8.100000,0.000000,0.000000,0.000000,0.000000,0.000000
10.000000,24.000000,35.000000,5.800000,32.000000,53.000000,25.000000,8.900000,7.300000,9.800000,18.000000,20.000000,10.000000,42.000000,0.000000
33.000000,8.500000,2.600000,11.000000,10.000000,44.000000,6.200000,0.000000,0.000000,0.000000,0.000000,0.000000,0.000000,0.000000,0.000000
6.800000,5.800000,10.000000,6.100000,10.000000,9.500000,3.800000,0.000000,0.000000,0.000000,0.000000,0.000000,0.000000,0.000000,0.000000
8.700000,24.000000,8.300000,3.700000,7.600000,9.200000,10.000000,35.000000,21.000000,5.500000,47.000000,81.000000,0.000000,0.000000,0.000000
8.400000,2.600000,61.000000,20.000000,5.200000,12.000000,11.000000,20.000000,61.000000,0.000000,0.000000,0.000000,0.000000,0.000000,0.000000
6.800000,3.600000,6.900000,30.000000,4.100000,30.000000,9.900000,0.000000,0.000000,0.000000,0.000000,0.000000,0.000000,0.000000,0.000000
62.000000,50.000000,11.000000,4.900000,31.000000,3.000000,10.000000,4.000000,62.000000,0.000000,0.000000,0.000000,0.000000,0.000000,0.000000
12.000000,19.000000,102.000000,11.000000,5.100000,4.100000,2.100000,20.000000,0.000000,0.000000,0.000000,0.000000,0.000000,0.000000,0.000000
11.000000,59.000000,13.000000,7.700000,11.000000,31.000000,25.000000,0.000000,0.000000,0.000000,0.000000,0.000000,0.000000,0.000000,0.000000
38.000000,3.900000,11.000000,10.000000,67.000000,13.000000,3.800000,0.000000,0.000000,0.000000,0.000000,0.000000,0.000000,0.000000,0.000000
31.000000,15.000000,14.000000,2.300000,4.300000,14.000000,19.000000,23.000000,0.000000,0.000000,0.000000,0.000000,0.000000,0.000000,0.000000
14.000000,62.000000,13.000000,13.000000,5.300000,1.700000,57.000000,14.000000,83.000000,0.000000,0.000000,0.000000,0.000000,0.000000,0.000000
33.000000,7.500000,47.000000,2.600000,6.200000,43.000000,21.000000,14.000000,15.000000,44.000000,5.500000,22.000000,0.000000,0.000000,0.000000
6.300000,4.000000,6.100000,35.000000,13.000000,13.000000,3.600000,22.000000,11.000000,64.000000,0.000000,0.000000,0.000000,0.000000,0.000000
11.000000,5.700000,29.000000,2.600000,90.000000,13.000000,13.000000,90.000000,180.000000,178.000000,49.000000,192.000000,200.000000,5.200000,0.000000
5.900000,8.600000,78.000000,23.000000,11.000000,5.400000,43.000000,4.400000,11.000000,10.000000,7.900000,0.000000,0.000000,0.000000,0.000000
4.900000,17.000000,4.900000,14.000000,4.800000,20.000000,21.000000,4.800000,41.000000,151.000000,47.000000,120.000000,98.000000,0.000000,0.000000
74.000000,44.000000,2.100000,29.000000,58.000000,3.400000,10.000000,9.800000,7.200000,0.000000,0.000000,0.000000,0.000000,0.000000,0.000000
4.700000,125.000000,4.500000,39.000000,35.000000,19.000000,12.000000,3.600000,6.100000,22.000000,0.000000,0.000000,0.000000,0.000000,0.000000
111.000000,24.000000,144.000000,64.000000,6.200000,23.000000,46.000000,3.900000,15.000000,126.000000,3.900000,0.000000,0.000000,0.000000,0.000000
10.000000,1.400000,16.000000,35.000000,62.000000,37.000000,7.000000,0.000000,0.000000,0.000000,0.000000,0.000000,0.000000,0.000000,0.000000
4.600000,4.400000,29.000000,11.000000,3.000000,5.600000,9.300000,0.000000,0.000000,0.000000,0.000000,0.000000,0.000000,0.000000,0.000000
6.200000,16.000000,2.500000,8.400000,6.600000,15.000000,23.000000,27.000000,8.300000,48.000000,95.000000,0.000000,0.000000,0.000000,0.000000
122.000000,17.000000,12.000000,10.000000,5.700000,48.000000,137.000000,84.000000,69.000000,4.500000,0.000000,0.000000,0.000000,0.000000,0.000000
8.500000,20.000000,16.000000,9.900000,12.000000,10.000000,18.000000,4.300000,22.000000,0.000000,0.000000,0.000000,0.000000,0.000000,0.000000
2.600000,24.000000,30.000000,20.000000,9.500000,3.800000,12.000000,35.000000,5.000000,83.000000,0.000000,0.000000,0.000000,0.000000,0.000000
3.500000,10.000000,22.000000,9.500000,7.200000,10.000000,35.000000,19.000000,37.000000,42.000000,13.000000,14.000000,13.000000,17.000000,0.000000
115.000000,16.000000,44.000000,12.000000,169.000000,5.300000,10.000000,35.000000,19.000000,0.000000,0.000000,0.000000,0.000000,0.000000,0.000000
74.000000,22.000000,1.700000,30.000000,54.000000,38.000000,19.000000,12.000000,0.000000,0.000000,0.000000,0.000000,0.000000,0.000000,0.000000
3.300000,11.000000,61.000000,2.500000,4.900000,33.000000,10.000000,19.000000,0.000000,0.000000,0.000000,0.000000,0.000000,0.000000,0.000000
1.300000,7.700000,12.000000,18.000000,29.000000,11.000000,49.000000,0.000000,0.000000,0.000000,0.000000,0.000000,0.000000,0.000000,0.000000
13.000000,12.000000,10.000000,14.000000,14.000000,2.800000,3.900000,0.000000,0.000000,0.000000,0.000000,0.000000,0.000000,0.000000,0.000000
102.000000,17.000000,5.800000,61.000000,5.900000,45.000000,7.700000,10.000000,16.000000,5.400000,0.000000,0.000000,0.000000,0.000000,0.000000
43.000000,134.000000,103.000000,9.800000,23.000000,7.800000,8.600000,19.000000,3.900000,0.000000,0.000000,0.000000,0.000000,0.000000,0.000000
48.000000,6.300000,50.000000,11.000000,7.600000,7.600000,17.000000,4.300000,11.000000,40.000000,95.000000,0.000000,0.000000,0.000000,0.000000
4.400000,89.000000,12.000000,3.800000,23.000000,11.000000,10.000000,10.000000,12.000000,10.000000,16.000000,43.000000,41.000000,0.000000,0.000000
17.000000,20.000000,88.000000,13.000000,3.900000,62.000000,93.000000,39.000000,61.000000,6.200000,55.000000,11.000000,0.000000,0.000000,0.000000
59.000000,127.000000,4.600000,3.100000,29.000000,27.000000,3.600000,0.000000,0.000000,0.000000,0.000000,0.000000,0.000000,0.000000,0.000000
6.000000,13.000000,63.000000,24.000000,35.000000,4.100000,12.000000,62.000000,2.100000,0.000000,0.000000,0.000000,0.000000,0.000000,0.000000
4.800000,37.000000,84.000000,7.100000,23.000000,68.000000,21.000000,21.000000,4.100000,7.800000,104.000000,53.000000,5.200000,0.000000,0.000000
44.000000,12.000000,17.000000,9.600000,33.000000,4.300000,27.000000,10.000000,15.000000,3.300000,6.400000,0.000000,0.000000,0.000000,0.000000
1.200000,37.000000,27.000000,60.000000,9.200000,18.000000,58.000000,9.000000,0.000000,0.000000,0.000000,0.000000,0.000000,0.000000,0.000000
132.000000,4.800000,1.900000,12.000000,60.000000,14.000000,15.000000,8.300000,0.000000,0.000000,0.000000,0.000000,0.000000,0.000000,0.000000
7.500000,4.000000,6.300000,45.000000,13.000000,6.000000,4.700000,20.000000,39.000000,63.000000,0.000000,0.000000,0.000000,0.000000,0.000000
16.000000,136.000000,108.000000,17.000000,21.000000,68.000000,22.000000,4.800000,72.000000,3.200000,3.600000,0.000000,0.000000,0.000000,0.000000
16.000000,17.000000,4.000000,15.000000,8.100000,32.000000,4.600000,5.000000,19.000000,12.000000,27.000000,0.000000,0.000000,0.000000,0.000000
6.100000,1.900000,7.000000,21.000000,3.200000,0.000000,0.000000,0.000000,0.000000,0.000000,0.000000,0.000000,0.000000,0.000000,0.000000
6.900000,10.000000,54.000000,2.800000,10.000000,9.000000,3.800000,17.000000,31.000000,0.000000,0.000000,0.000000,0.000000,0.000000,0.000000
17.000000,7.600000,12.000000,3.100000,4.200000,2.800000,0.000000,0.000000,0.000000,0.000000,0.000000,0.000000,0.000000,0.000000,0.000000
4.800000,42.000000,8.700000,48.000000,90.000000,4.100000,8.300000,45.000000,5.100000,9.000000,9.500000,79.000000,0.000000,0.000000,0.000000
4.200000,7.000000,19.000000,1.900000,28.000000,5.800000,32.000000,0.000000,0.000000,0.000000,0.000000,0.000000,0.000000,0.000000,0.000000
127.000000,22.000000,15.000000,11.000000,2.200000,5.300000,22.000000,39.000000,5.200000,141.000000,16.000000,0.000000,0.000000,0.000000,0.000000
16.000000,5.800000,8.500000,25.000000,8.000000,15.000000,11.000000,12.000000,5.400000,9.900000,39.000000,33.000000,18.000000,22.000000,0.000000
3.400000,8.200000,10.000000,2.100000,5.100000,0.000000,0.000000,0.000000,0.000000,0.000000,0.000000,0.000000,0.000000,0.000000,0.000000
10.000000,3.300000,43.000000,15.000000,12.000000,8.500000,52.000000,15.000000,0.000000,0.000000,0.000000,0.000000,0.000000,0.000000,0.000000
11.000000,3.600000,5.000000,9.300000,39.000000,39.000000,2.700000,42.000000,63.000000,14.000000,0.000000,0.000000,0.000000,0.000000,0.000000
24.000000,10.000000,3.300000,2.500000,26.000000,12.000000,30.000000,18.000000,8.300000,68.000000,0.000000,0.000000,0.000000,0.000000,0.000000
73.000000,13.000000,106.000000,8.900000,4.800000,19.000000,52.000000,2.400000,5.800000,98.000000,130.000000,28.000000,0.000000,0.000000,0.000000
10.000000,41.000000,44.000000,7.900000,21.000000,0.000000,0.000000,0.000000,0.000000,0.000000,0.000000,0.000000,0.000000,0.000000,0.000000
2.700000,8.700000,10.000000,3.500000,7.700000,0.000000,0.000000,0.000000,0.000000,0.000000,0.000000,0.000000,0.000000,0.000000,0.000000
4.000000,3.300000,3.000000,81.000000,30.000000,10.000000,9.700000,17.000000,0.000000,0.000000,0.000000,0.000000,0.000000,0.000000,0.000000
116.000000,54.000000,16.000000,41.000000,3.100000,2.900000,9.600000,0.000000,0.000000,0.000000,0.000000,0.000000,0.000000,0.000000,0.000000
68.000000,16.000000,13.000000,11.000000,2.700000,9.800000,16.000000,73.000000,0.000000,0.000000,0.000000,0.000000,0.000000,0.000000,0.000000
14.000000,12.000000,3.700000,72.000000,13.000000,100.000000,18.000000,26.000000,27.000000,1.800000,0.000000,0.000000,0.000000,0.000000,0.000000
19.000000,6.400000,4.700000,10.000000,35.000000,6.700000,8.500000,69.000000,15.000000,5.000000,15.000000,33.000000,0.000000,0.000000,0.000000
15.000000,7.300000,3.600000,16.000000,10.000000,8.100000,67.000000,64.000000,19.000000,2.800000,0.000000,0.000000,0.000000,0.000000,0.000000
19.000000,7.100000,34.000000,2.800000,8.200000,8.000000,2.700000,0.000000,0.000000,0.000000,0.000000,0.000000,0.000000,0.000000,0.000000
5.100000,4.600000,2.900000,22.000000,22.000000,65.000000,13.000000,0.000000,0.000000,0.000000,0.000000,0.000000,0.000000,0.000000,0.000000
3.800000,37.000000,65.000000,45.000000,45.000000,6.800000,30.000000,0.000000,0.000000,0.000000,0.000000,0.000000,0.000000,0.000000,0.000000
5.900000,109.000000,30.000000,1.900000,8.900000,9.300000,7.100000,80.000000,97.000000,117.000000,98.000000,0.000000,0.000000,0.000000,0.000000
6.000000,542.000000,16.000000,4.800000,120.000000,17.000000,271.000000,15.000000,6.000000,31.000000,3.300000,0.000000,0.000000,0.000000,0.000000
17.000000,26.000000,2.000000,6.900000,10.000000,27.000000,55.000000,80.000000,8.000000,0.000000,0.000000,0.000000,0.000000,0.000000,0.000000
8.300000,44.000000,10.000000,16.000000,28.000000,147.000000,3.300000,24.000000,3.400000,0.000000,0.000000,0.000000,0.000000,0.000000,0.000000
2.000000,21.000000,4.600000,15.000000,12.000000,10.000000,26.000000,13.000000,129.000000,34.000000,64.000000,0.000000,0.000000,0.000000,0.000000
2.800000,20.000000,5.500000,8.400000,8.200000,3.700000,12.000000,0.000000,0.000000,0.000000,0.000000,0.000000,0.000000,0.000000,0.000000
13.000000,2.500000,125.000000,19.000000,5.500000,5.700000,29.000000,67.000000,0.000000,0.000000,0.000000,0.000000,0.000000,0.000000,0.000000
106.000000,60.000000,6.200000,22.000000,74.000000,49.000000,19.000000,2.800000,25.000000,9.600000,6.400000,10.000000,0.000000,0.000000,0.000000
2.900000,5.200000,35.000000,17.000000,83.000000,3.300000,0.000000,0.000000,0.000000,0.000000,0.000000,0.000000,0.000000,0.000000,0.000000
7.300000,4.700000,6.500000,35.000000,16.000000,7.000000,42.000000,42.000000,133.000000,32.000000,133.000000,0.000000,0.000000,0.000000,0.000000
71.000000,32.000000,11.000000,16.000000,25.000000,12.000000,2.900000,6.900000,6.800000,16.000000,8.400000,16.000000,0.000000,0.000000,0.000000
17.000000,24.000000,4.900000,35.000000,2.300000,12.000000,2.800000,0.000000,0.000000,0.000000,0.000000,0.000000,0.000000,0.000000,0.000000
3.200000,18.000000,13.000000,4.000000,16.000000,5.900000,5.800000,10.000000,0.000000,0.000000,0.000000,0.000000,0.000000,0.000000,0.000000
63.000000,23.000000,73.000000,11.000000,10.000000,15.000000,9.400000,18.000000,66.000000,92.000000,3.000000,4.500000,0.000000,0.000000,0.000000
69.000000,64.000000,103.000000,136.000000,124.000000,176.000000,31.000000,9.200000,13.000000,88.000000,14.000000,12.000000,56.000000,4.500000,0.000000
5.000000,3.600000,5.200000,5.500000,19.000000,8.800000,8.900000,40.000000,0.000000,0.000000,0.000000,0.000000,0.000000,0.000000,0.000000
31.000000,34.000000,14.000000,11.000000,22.000000,16.000000,7.200000,24.000000,63.000000,14.000000,19.000000,19.000000,0.000000,0.000000,0.000000
60.000000,59.000000,24.000000,26.000000,29.000000,94.000000,3.700000,5.400000,4.000000,9.500000,0.000000,0.000000,0.000000,0.000000,0.000000
30.000000,28.000000,2.000000,35.000000,35.000000,8.400000,129.000000,5.200000,55.000000,192.000000,106.000000,116.000000,6.100000,109.000000,0.000000
9.500000,2.700000,13.000000,8.500000,7.800000,13.000000,5.000000,38.000000,69.000000,62.000000,41.000000,0.000000,0.000000,0.000000,0.000000
13.000000,34.000000,8.200000,45.000000,112.000000,8.200000,37.000000,3.700000,0.000000,0.000000,0.000000,0.000000,0.000000,0.000000,0.000000
2.400000,28.000000,7.000000,40.000000,8.700000,8.700000,28.000000,12.000000,6.500000,16.000000,0.000000,0.000000,0.000000,0.000000,0.000000
2.500000,13.000000,4.100000,31.000000,11.000000,4.600000,34.000000,0.000000,0.000000,0.000000,0.000000,0.000000,0.000000,0.000000,0.000000
3.500000,18.000000,3.700000,54.000000,11.000000,20.000000,19.000000,4.200000,11.000000,21.000000,0.000000,0.000000,0.000000,0.000000,0.000000
7.400000,5.800000,7.900000,44.000000,27.000000,27.000000,5.700000,5.200000,4.100000,27.000000,0.000000,0.000000,0.000000,0.000000,0.000000
17.000000,9.300000,20.000000,28.000000,10.000000,49.000000,44.000000,16.000000,4.400000,13.000000,7.200000,9.300000,5.200000,0.000000,0.000000
24.000000,18.000000,84.000000,7.400000,153.000000,9.900000,31.000000,66.000000,100.000000,137.000000,30.000000,1.800000,177.000000,6.900000,0.000000
101.000000,121.000000,110.000000,162.000000,2.000000,21.000000,16.000000,198.000000,127.000000,34.000000,166.000000,12.000000,0.000000,0.000000,0.000000
3.600000,31.000000,11.000000,2.400000,69.000000,5.100000,63.000000,15.000000,10.000000,0.000000,0.000000,0.000000,0.000000,0.000000,0.000000
18.000000,26.000000,120.000000,21.000000,3.200000,12.000000,7.200000,2.800000,0.000000,0.000000,0.000000,0.000000,0.000000,0.000000,0.000000
4.500000,7.000000,6.100000,3.800000,8.400000,24.000000,98.000000,43.000000,25.000000,44.000000,8.900000,83.000000,166.000000,0.000000,0.000000
46.000000,10.000000,3.500000,17.000000,9.800000,8.200000,0.000000,0.000000,0.000000,0.000000,0.000000,0.000000,0.000000,0.000000,0.000000
33.000000,14.000000,61.000000,7.300000,3.800000,9.200000,3.400000,27.000000,0.000000,0.000000,0.000000,0.000000,0.000000,0.000000,0.000000
17.000000,6.300000,4.500000,16.000000,14.000000,4.200000,8.600000,4.500000,23.000000,0.000000,0.000000,0.000000,0.000000,0.000000,0.000000
60.000000,5.200000,16.000000,48.000000,5.200000,13.000000,2.900000,51.000000,36.000000,31.000000,0.000000,0.000000,0.000000,0.000000,0.000000
12.000000,8.200000,10.000000,14.000000,2.000000,6.500000,126.000000,63.000000,0.000000,0.000000,0.000000,0.000000,0.000000,0.000000,0.000000
32.000000,25.000000,4.100000,15.000000,10.000000,2.400000,53.000000,0.000000,0.000000,0.000000,0.000000,0.000000,0.000000,0.000000,0.000000
7.500000,6.900000,5.700000,59.000000,46.000000,67.000000,2.600000,21.000000,44.000000,101.000000,96.000000,18.000000,67.000000,13.000000,0.000000
12.000000,59.000000,34.000000,13.000000,3.100000,1.600000,0.000000,0.000000,0.000000,0.000000,0.000000,0.000000,0.000000,0.000000,0.000000
6.500000,9.300000,3.900000,4.900000,15.000000,36.000000,0.000000,0.000000,0.000000,0.000000,0.000000,0.000000,0.000000,0.000000,0.000000
8.700000,8.400000,3.600000,9.700000,44.000000,3.400000,24.000000,4.600000,0.000000,0.000000,0.000000,0.000000,0.000000,0.000000,0.000000
11.000000,7.300000,10.000000,23.000000,15.000000,19.000000,4.000000,17.000000,6.100000,19.000000,95.000000,6.300000,0.000000,0.000000,0.000000
123.000000,118.000000,13.000000,21.000000,13.000000,8.100000,9.000000,6.100000,85.000000,53.000000,42.000000,4.900000,4.700000,110.000000,0.000000
24.000000,17.000000,10.000000,14.000000,5.200000,5.100000,12.000000,22.000000,11.000000,7.500000,0.000000,0.000000,0.000000,0.000000,0.000000
8.400000,14.000000,44.000000,5.700000,12.000000,8.100000,5.500000,93.000000,2.700000,0.000000,0.000000,0.000000,0.000000,0.000000,0.000000
4.600000,1.500000,6.800000,14.000000,28.000000,32.000000,0.000000,0.000000,0.000000,0.000000,0.000000,0.000000,0.000000,0.000000,0.000000
79.000000,7.800000,28.000000,3.100000,3.100000,5.200000,24.000000,33.000000,9.800000,0.000000,0.000000,0.000000,0.000000,0.000000,0.000000
6.900000,24.000000,6.500000,3.300000,4.600000,8.100000,23.000000,7.500000,27.000000,0.000000,0.000000,0.000000,0.000000,0.000000,0.000000
5.700000,22.000000,52.000000,110.000000,7.000000,20.000000,48.000000,130.000000,71.000000,25.000000,4.000000,10.000000,11.000000,9.100000,0.000000
121.000000,8.900000,17.000000,196.000000,17.000000,174.000000,58.000000,6.500000,15.000000,2.800000,0.000000,0.000000,0.000000,0.000000,0.000000
21.000000,10.000000,98.000000,2.900000,33.000000,7.800000,37.000000,162.000000,4.800000,16.000000,0.000000,0.000000,0.000000,0.000000,0.000000
8.000000,25.000000,38.000000,21.000000,7.500000,11.000000,2.200000,4.000000,37.000000,0.000000,0.000000,0.000000,0.000000,0.000000,0.000000
37.000000,94.000000,139.000000,4.300000,15.000000,72.000000,63.000000,135.000000,25.000000,10.000000,21.000000,0.000000,0.000000,0.000000,0.000000
8.200000,1.900000,13.000000,29.000000,5.100000,29.000000,6.800000,130.000000,0.000000,0.000000,0.000000,0.000000,0.000000,0.000000,0.000000
8.100000,11.000000,6.800000,5.100000,53.000000,6.800000,0.000000,0.000000,0.000000,0.000000,0.000000,0.000000,0.000000,0.000000,0.000000
130.000000,70.000000,96.000000,19.000000,10.000000,8.800000,9.600000,25.000000,7.600000,1.900000,0.000000,0.000000,0.000000,0.000000,0.000000
4.800000,4.500000,10.000000,4.900000,2.200000,0.000000,0.000000,0.000000,0.000000,0.000000,0.000000,0.000000,0.000000,0.000000,0.000000
5.500000,29.000000,18.000000,4.200000,24.000000,75.000000,50.000000,13.000000,2.700000,6.200000,0.000000,0.000000,0.000000,0.000000,0.000000
8.900000,117.000000,138.000000,10.000000,131.000000,7.400000,112.000000,28.000000,3.700000,11.000000,17.000000,0.000000,0.000000,0.000000,0.000000
3.900000,7.500000,4.900000,30.000000,14.000000,6.500000,47.000000,14.000000,7.200000,0.000000,0.000000,0.000000,0.000000,0.000000,0.000000
55.000000,3.000000,42.000000,60.000000,3.300000,7.600000,15.000000,16.000000,0.000000,0.000000,0.000000,0.000000,0.000000,0.000000,0.000000
17.000000,4.900000,9.100000,30.000000,4.000000,14.000000,38.000000,21.000000,6.000000,18.000000,20.000000,35.000000,13.000000,58.000000,0.000000
1.300000,14.000000,70.000000,18.000000,49.000000,15.000000,12.000000,6.800000,0.000000,0.000000,0.000000,0.000000,0.000000,0.000000,0.000000
10.000000,26.000000,8.400000,7.900000,8.300000,7.900000,2.800000,0.000000,0.000000,0.000000,0.000000,0.000000,0.000000,0.000000,0.000000
23.000000,99.000000,39.000000,25.000000,17.000000,39.000000,24.000000,74.000000,3.700000,15.000000,9.700000,9.900000,27.000000,3.300000,0.000000
180.000000,5.900000,119.000000,7.600000,34.000000,29.000000,100.000000,17.000000,8.400000,3.300000,3.800000,51.000000,0.000000,0.000000,0.000000
3.200000,8.500000,45.000000,4.800000,25.000000,2.600000,40.000000,59.000000,0.000000,0.000000,0.000000,0.000000,0.000000,0.000000,0.000000
53.000000,9.000000,6.500000,1.900000,18.000000,113.000000,62.000000,90.000000,24.000000,87.000000,0.000000,0.000000,0.000000,0.000000,0.000000
95.000000,5.700000,4.000000,74.000000,14.000000,4.500000,8.000000,6.800000,73.000000,13.000000,0.000000,0.000000,0.000000,0.000000,0.000000
2.000000,21.000000,118.000000,8.500000,6.000000,10.000000,5.900000,34.000000,90.000000,19.000000,0.000000,0.000000,0.000000,0.000000,0.000000
6.600000,5.600000,27.000000,15.000000,25.000000,3.200000,27.000000,20.000000,20.000000,11.000000,0.000000,0.000000,0.000000,0.000000,0.000000
4.800000,6.300000,16.000000,72.000000,11.000000,15.000000,40.000000,69.000000,64.000000,0.000000,0.000000,0.000000,0.000000,0.000000,0.000000
53.000000,1.800000,10.000000,7.900000,77.000000,10.000000,9.900000,14.000000,0.000000,0.000000,0.000000,0.000000,0.000000,0.000000,0.000000
7.500000,14.000000,12.000000,2.400000,26.000000,11.000000,60.000000,36.000000,0.000000,0.000000,0.000000,0.000000,0.000000,0.000000,0.000000
106.000000,70.000000,60.000000,3.800000,53.000000,10.000000,19.000000,5.200000,14.000000,0.000000,0.000000,0.000000,0.000000,0.000000,0.000000
24.000000,39.000000,20.000000,32.000000,3.300000,10.000000,20.000000,2.800000,25.000000,0.000000,0.000000,0.000000,0.000000,0.000000,0.000000
5.300000,74.000000,3.000000,8.700000,9.400000,31.000000,5.400000,27.000000,36.000000,8.800000,27.000000,0.000000,0.000000,0.000000,0.000000
7.500000,4.500000,11.000000,6.100000,24.000000,10.000000,5.900000,6.200000,12.000000,27.000000,0.000000,0.000000,0.000000,0.000000,0.000000
6.200000,2.900000,26.000000,21.000000,6.300000,43.000000,3.000000,16.000000,0.000000,0.000000,0.000000,0.000000,0.000000,0.000000,0.000000
10.000000,16.000000,7.900000,13.000000,3.600000,9.900000,5.800000,4.600000,20.000000,0.000000,0.000000,0.000000,0.000000,0.000000,0.000000
72.000000,21.000000,28.000000,46.000000,13.000000,57.000000,17.000000,8.800000,2.500000,3.600000,8.600000,0.000000,0.000000,0.000000,0.000000
5.200000,5.000000,8.900000,10.000000,3.100000,4.400000,23.000000,0.000000,0.000000,0.000000,0.000000,0.000000,0.000000,0.000000,0.000000
7.600000,2.100000,11.000000,14.000000,18.000000,5.700000,5.000000,0.000000,0.000000,0.000000,0.000000,0.000000,0.000000,0.000000,0.000000
7.900000,3.000000,10.000000,24.000000,28.000000,24.000000,3.300000,9.600000,43.000000,45.000000,30.000000,0.000000,0.000000,0.000000,0.000000
10.000000,15.000000,10.000000,36.000000,37.000000,17.000000,11.000000,37.000000,6.900000,2.800000,24.000000,7.600000,78.000000,66.000000,0.000000
6.800000,4.300000,5.300000,15.000000,12.000000,14.000000,84.000000,12.000000,6.800000,47.000000,16.000000,0.000000,0.000000,0.000000,0.000000
10.000000,7.300000,47.000000,50.000000,2.100000,2.900000,24.000000,18.000000,0.000000,0.000000,0.000000,0.000000,0.000000,0.000000,0.000000
4.700000,10.000000,7.900000,12.000000,23.000000,5.300000,10.000000,5.900000,8.600000,22.000000,0.000000,0.000000,0.000000,0.000000,0.000000
7.500000,6.100000,56.000000,8.000000,12.000000,13.000000,7.200000,8.800000,28.000000,4.500000,69.000000,53.000000,40.000000,40.000000,0.000000
103.000000,167.000000,149.000000,65.000000,16.000000,52.000000,12.000000,3.000000,25.000000,8.600000,128.000000,18.000000,0.000000,0.000000,0.000000
14.000000,17.000000,1.200000,17.000000,9.800000,38.000000,0.000000,0.000000,0.000000,0.000000,0.000000,0.000000,0.000000,0.000000,0.000000
12.000000,6.500000,15.000000,4.800000,4.000000,4.100000,18.000000,7.300000,0.000000,0.000000,0.000000,0.000000,0.000000,0.000000,0.000000
18.000000,9.100000,35.000000,29.000000,34.000000,5.100000,18.000000,36.000000,2.000000,0.000000,0.000000,0.000000,0.000000,0.000000,0.000000
6.900000,2.500000,10.000000,12.000000,5.600000,22.000000,12.000000,30.000000,54.000000,20.000000,14.000000,0.000000,0.000000,0.000000,0.000000
3.200000,148.000000,41.000000,27.000000,9.100000,36.000000,42.000000,4.200000,12.000000,20.000000,43.000000,0.000000,0.000000,0.000000,0.000000
4.200000,13.000000,3.700000,4.300000,16.000000,0.000000,0.000000,0.000000,0.000000,0.000000,0.000000,0.000000,0.000000,0.000000,0.000000
5.200000,42.000000,64.000000,28.000000,102.000000,2.500000,56.000000,13.000000,2.900000,25.000000,0.000000,0.000000,0.000000,0.000000,0.000000
48.000000,81.000000,12.000000,37.000000,15.000000,3.300000,126.000000,180.000000,6.500000,28.000000,3.500000,0.000000,0.000000,0.000000,0.000000
31.000000,14.000000,2.400000,11.000000,37.000000,59.000000,0.000000,0.000000,0.000000,0.000000,0.000000,0.000000,0.000000,0.000000,0.000000
7.900000,15.000000,3.300000,7.500000,41.000000,4.100000,41.000000,6.400000,58.000000,0.000000,0.000000,0.000000,0.000000,0.000000,0.000000
4.800000,6.600000,4.500000,6.400000,8.600000,13.000000,10.000000,8.600000,72.000000,29.000000,0.000000,0.000000,0.000000,0.000000,0.000000
3.100000,3.600000,23.000000,80.000000,38.000000,8.300000,97.000000,37.000000,6.600000,22.000000,138.000000,14.000000,16.000000,70.000000,0.000000
9.400000,12.000000,7.400000,1.900000,22.000000,8.400000,0.000000,0.000000,0.000000,0.000000,0.000000,0.000000,0.000000,0.000000,0.000000
2.800000,4.400000,9.100000,13.000000,0.000000,0.000000,0.000000,0.000000,0.000000,0.000000,0.000000,0.000000,0.000000,0.000000,0.000000
8.400000,6.100000,33.000000,33.000000,3.000000,15.000000,15.000000,11.000000,5.100000,0.000000,0.000000,0.000000,0.000000,0.000000,0.000000
15.000000,67.000000,3.200000,38.000000,9.600000,55.000000,0.000000,0.000000,0.000000,0.000000,0.000000,0.000000,0.000000,0.000000,0.000000
10.000000,10.000000,10.000000,48.000000,25.000000,2.700000,76.000000,0.000000,0.000000,0.000000,0.000000,0.000000,0.000000,0.000000,0.000000
5.600000,7.800000,4.000000,3.600000,12.000000,17.000000,23.000000,12.000000,19.000000,22.000000,0.000000,0.000000,0.000000,0.000000,0.000000
9.800000,2.600000,11.000000,53.000000,26.000000,6.000000,47.000000,14.000000,38.000000,13.000000,0.000000,0.000000,0.000000,0.000000,0.000000
43.000000,21.000000,23.000000,5.700000,5.900000,59.000000,5.100000,16.000000,0.000000,0.000000,0.000000,0.000000,0.000000,0.000000,0.000000
6.200000,55.000000,13.000000,32.000000,24.000000,35.000000,20.000000,35.000000,8.000000,41.000000,3.800000,3.500000,29.000000,65.000000,0.000000
26.000000,5.600000,2.500000,15.000000,9.200000,7.400000,36.000000,10.000000,6.600000,0.000000,0.000000,0.000000,0.000000,0.000000,0.000000
2.900000,9.600000,23.000000,38.000000,33.000000,6.700000,19.000000,12.000000,5.300000,22.000000,19.000000,24.000000,31.000000,0.000000,0.000000
11.000000,27.000000,19.000000,12.000000,40.000000,5.700000,3.400000,0.000000,0.000000,0.000000,0.000000,0.000000,0.000000,0.000000,0.000000
10.000000,62.000000,20.000000,61.000000,6.400000,24.000000,9.900000,14.000000,35.000000,4.200000,14.000000,33.000000,0.000000,0.000000,0.000000
21.000000,3.900000,15.000000,53.000000,16.000000,6.200000,58.000000,5.400000,0.000000,0.000000,0.000000,0.000000,0.000000,0.000000,0.000000
6.900000,4.500000,9.900000,40.000000,11.000000,20.000000,9.700000,8.200000,8.200000,5.900000,23.000000,0.000000,0.000000,0.000000,0.000000
25.000000,19.000000,19.000000,2.200000,38.000000,7.000000,15.000000,23.000000,51.000000,6.400000,0.000000,0.000000,0.000000,0.000000,0.000000
224.000000,11.000000,85.000000,5.500000,19.000000,41.000000,13.000000,6.700000,18.000000,0.000000,0.000000,0.000000,0.000000,0.000000,0.000000
27.000000,8.900000,28.000000,6.300000,52.000000,2.700000,29.000000,3.600000,17.000000,0.000000,0.000000,0.000000,0.000000,0.000000,0.000000
3.000000,6.500000,10.000000,1.600000,0.000000,0.000000,0.000000,0.000000,0.000000,0.000000,0.000000,0.000000,0.000000,0.000000,0.000000
7.900000,33.000000,10.000000,9.500000,37.000000,4.700000,5.200000,19.000000,0.000000,0.000000,0.000000,0.000000,0.000000,0.000000,0.000000
18.000000,6.000000,8.500000,3.800000,3.000000,9.200000,24.000000,19.000000,18.000000,0.000000,0.000000,0.000000,0.000000,0.000000,0.000000
136.000000,42.000000,22.000000,12.000000,39.000000,24.000000,4.000000,5.800000,19.000000,83.000000,14.000000,0.000000,0.000000,0.000000,0.000000
12.000000,9.400000,42.000000,29.000000,69.000000,3.400000,2.700000,4.300000,44.000000,61.000000,0.000000,0.000000,0.000000,0.000000,0.000000
34.000000,6.100000,5.800000,1.600000,16.000000,11.000000,37.000000,44.000000,0.000000,0.000000,0.000000,0.000000,0.000000,0.000000,0.000000
16.000000,7.000000,5.100000,9.600000,26.000000,14.000000,12.000000,9.500000,2.500000,0.000000,0.000000,0.000000,0.000000,0.000000,0.000000
7.000000,41.000000,4.100000,6.300000,34.000000,5.800000,138.000000,138.000000,24.000000,29.000000,27.000000,24.000000,5.400000,138.000000,0.000000
6.100000,18.000000,17.000000,16.000000,21.000000,5.800000,17.000000,25.000000,14.000000,0.000000,0.000000,0.000000,0.000000,0.000000,0.000000
25.000000,38.000000,5.500000,26.000000,5.600000,6.400000,19.000000,9.600000,10.000000,5.600000,11.000000,22.000000,0.000000,0.000000,0.000000
22.000000,122.000000,20.000000,146.000000,47.000000,10.000000,1.600000,14.000000,26.000000,18.000000,45.000000,28.000000,86.000000,34.000000,0.000000
23.000000,8.000000,11.000000,16.000000,7.200000,4.000000,0.000000,0.000000,0.000000,0.000000,0.000000,0.000000,0.000000,0.000000,0.000000
2.300000,9.300000,15.000000,23.000000,40.000000,7.900000,92.000000,6.600000,46.000000,0.000000,0.000000,0.000000,0.000000,0.000000,0.000000
13.000000,101.000000,81.000000,103.000000,9.200000,15.000000,26.000000,40.000000,10.000000,5.000000,8.400000,8.400000,4.200000,16.000000,0.000000
33.000000,11.000000,25.000000,30.000000,1.800000,24.000000,11.000000,6.100000,6.600000,0.000000,0.000000,0.000000,0.000000,0.000000,0.000000
14.000000,7.600000,2.900000,5.600000,20.000000,5.300000,11.000000,34.000000,70.000000,19.000000,20.000000,0.000000,0.000000,0.000000,0.000000
8.700000,6.700000,10.000000,2.900000,8.600000,0.000000,0.000000,0.000000,0.000000,0.000000,0.000000,0.000000,0.000000,0.000000,0.000000
86.000000,8.200000,3.400000,7.400000,7.800000,7.400000,36.000000,9.900000,0.000000,0.000000,0.000000,0.000000,0.000000,0.000000,0.000000
3.700000,21.000000,16.000000,46.000000,119.000000,4.500000,0.000000,0.000000,0.000000,0.000000,0.000000,0.000000,0.000000,0.000000,0.000000
6.800000,26.000000,10.000000,6.100000,5.600000,23.000000,134.000000,7.100000,170.000000,0.000000,0.000000,0.000000,0.000000,0.000000,0.000000
45.000000,1.800000,70.000000,9.000000,14.000000,46.000000,91.000000,67.000000,0.000000,0.000000,0.000000,0.000000,0.000000,0.000000,0.000000
1.900000,36.000000,27.000000,5.900000,27.000000,94.000000,134.000000,3.200000,63.000000,207.000000,22.000000,0.000000,0.000000,0.000000,0.000000
88.000000,22.000000,8.200000,15.000000,5.500000,17.000000,7.300000,170.000000,9.800000,19.000000,11.000000,7.900000,0.000000,0.000000,0.000000
3.600000,15.000000,7.000000,7.800000,5.200000,3.700000,16.000000,18.000000,0.000000,0.000000,0.000000,0.000000,0.000000,0.000000,0.000000
27.000000,76.000000,4.800000,34.000000,8.900000,160.000000,112.000000,139.000000,21.000000,19.000000,103.000000,134.000000,0.000000,0.000000,0.000000
35.000000,46.000000,7.700000,10.000000,36.000000,3.400000,0.000000,0.000000,0.000000,0.000000,0.000000,0.000000,0.000000,0.000000,0.000000
6.300000,9.100000,15.000000,4.600000,36.000000,43.000000,14.000000,5.600000,24.000000,8.800000,20.000000,8.300000,0.000000,0.000000,0.000000
6.000000,4.500000,19.000000,4.500000,20.000000,30.000000,20.000000,33.000000,3.800000,9.700000,0.000000,0.000000,0.000000,0.000000,0.000000
31.000000,29.000000,25.000000,17.000000,16.000000,38.000000,7.700000,17.000000,9.000000,42.000000,13.000000,25.000000,16.000000,3.200000,0.000000
101.000000,4.900000,22.000000,50.000000,10.000000,10.000000,7.200000,5.900000,11.000000,0.000000,0.000000,0.000000,0.000000,0.000000,0.000000
200.000000,36.000000,55.000000,3.400000,76.000000,70.000000,29.000000,24.000000,22.000000,14.000000,223.000000,2.300000,0.000000,0.000000,0.000000
4.800000,3.100000,16.000000,4.100000,5.800000,7.100000,0.000000,0.000000,0.000000,0.000000,0.000000,0.000000,0.000000,0.000000,0.000000
15.000000,2.700000,28.000000,108.000000,9.400000,7.200000,27.000000,61.000000,66.000000,107.000000,48.000000,62.000000,3.000000,0.000000,0.000000
10.000000,25.000000,245.000000,70.000000,89.000000,44.000000,81.000000,10.000000,30.000000,5.400000,98.000000,0.000000,0.000000,0.000000,0.000000
3.200000,3.400000,106.000000,5.800000,153.000000,16.000000,24.000000,51.000000,12.000000,0.000000,0.000000,0.000000,0.000000,0.000000,0.000000
17.000000,21.000000,68.000000,24.000000,6.500000,19.000000,125.000000,138.000000,4.900000,48.000000,3.000000,0.000000,0.000000,0.000000,0.000000
14.000000,18.000000,61.000000,109.000000,4.600000,4.800000,123.000000,16.000000,0.000000,0.000000,0.000000,0.000000,0.000000,0.000000,0.000000
4.300000,2.100000,6.900000,17.000000,4.100000,25.000000,0.000000,0.000000,0.000000,0.000000,0.000000,0.000000,0.000000,0.000000,0.000000
3.100000,9.600000,5.200000,13.000000,5.900000,9.000000,12.000000,13.000000,56.000000,28.000000,128.000000,0.000000,0.000000,0.000000,0.000000
3.900000,18.000000,16.000000,1.500000,37.000000,31.000000,47.000000,0.000000,0.000000,0.000000,0.000000,0.000000,0.000000,0.000000,0.000000
18.000000,24.000000,5.900000,8.800000,3.500000,5.500000,3.400000,0.000000,0.000000,0.000000,0.000000,0.000000,0.000000,0.000000,0.000000
12.000000,6.700000,3.800000,15.000000,14.000000,18.000000,15.000000,10.000000,20.000000,6.700000,38.000000,26.000000,10.000000,0.000000,0.000000
12.000000,2.900000,13.000000,3.800000,34.000000,43.000000,6.600000,10.000000,14.000000,15.000000,0.000000,0.000000,0.000000,0.000000,0.000000
7.900000,49.000000,1.800000,11.000000,6.600000,37.000000,47.000000,54.000000,7.200000,0.000000,0.000000,0.000000,0.000000,0.000000,0.000000
69.000000,5.300000,11.000000,11.000000,7.100000,65.000000,14.000000,2.400000,8.500000,58.000000,25.000000,0.000000,0.000000,0.000000,0.000000
27.000000,6.300000,99.000000,7.500000,4.500000,3.500000,106.000000,24.000000,0.000000,0.000000,0.000000,0.000000,0.000000,0.000000,0.000000
75.000000,12.000000,75.000000,57.000000,96.000000,36.000000,27.000000,29.000000,1.900000,14.000000,0.000000,0.000000,0.000000,0.000000,0.000000
26.000000,163.000000,5.100000,8.300000,13.000000,16.000000,25.000000,7.700000,178.000000,15.000000,8.100000,12.000000,8.500000,0.000000,0.000000
4.100000,4.200000,2.600000,4.200000,14.000000,0.000000,0.000000,0.000000,0.000000,0.000000,0.000000,0.000000,0.000000,0.000000,0.000000
8.500000,48.000000,13.000000,23.000000,9.900000,9.900000,37.000000,6.200000,9.200000,50.000000,5.500000,4.600000,0.000000,0.000000,0.000000
86.000000,9.900000,53.000000,5.700000,46.000000,4.800000,54.000000,29.000000,22.000000,4.600000,8.200000,26.000000,15.000000,0.000000,0.000000
40.000000,5.200000,17.000000,20.000000,7.500000,16.000000,12.000000,6.400000,10.000000,9.700000,0.000000,0.000000,0.000000,0.000000,0.000000
16.000000,19.000000,8.400000,2.000000,4.100000,60.000000,10.000000,0.000000,0.000000,0.000000,0.000000,0.000000,0.000000,0.000000,0.000000
22.000000,6.900000,16.000000,9.200000,10.000000,5.700000,10.000000,2.800000,27.000000,18.000000,45.000000,0.000000,0.000000,0.000000,0.000000
53.000000,20.000000,37.000000,8.600000,108.000000,2.200000,5.600000,8.500000,20.000000,21.000000,29.000000,0.000000,0.000000,0.000000,0.000000
10.000000,4.600000,5.000000,8.400000,6.200000,42.000000,105.000000,3.500000,12.000000,0.000000,0.000000,0.000000,0.000000,0.000000,0.000000
161.000000,62.000000,8.900000,18.000000,72.000000,21.000000,8.700000,27.000000,21.000000,10.000000,12.000000,7.900000,2.500000,31.000000,0.000000
72.000000,29.000000,33.000000,20.000000,4.900000,7.100000,10.000000,104.000000,16.000000,124.000000,9.400000,28.000000,28.000000,45.000000,0.000000
5.600000,1.650000,47.000000,142.000000,70.000000,7.050000,34.000000,34.000000,73.000000,90.000000,175.000000,7.000000,60.000000,0.000000,0.000000
26.000000,26.000000,12.000000,2.800000,5.700000,20.000000,34.000000,20.000000,10.000000,32.000000,11.000000,19.000000,22.000000,18.000000,0.000000
41.000000,43.000000,20.000000,43.000000,3.500000,5.000000,12.000000,76.000000,2.200000,61.000000,43.000000,0.000000,0.000000,0.000000,0.000000
15.000000,11.000000,49.000000,58.000000,16.000000,7.000000,7.300000,64.000000,10.000000,6.600000,0.000000,0.000000,0.000000,0.000000,0.000000
29.000000,10.000000,7.000000,43.000000,3.900000,20.000000,50.000000,129.000000,3.700000,71.000000,8.900000,33.000000,44.000000,12.000000,0.000000
3.500000,40.000000,11.000000,16.000000,6.500000,15.000000,26.000000,29.000000,4.500000,8.200000,10.000000,0.000000,0.000000,0.000000,0.000000
9.000000,25.000000,55.000000,14.000000,9.800000,4.600000,17.000000,15.000000,18.000000,50.000000,62.000000,10.000000,3.300000,0.000000,0.000000
46.000000,9.500000,109.000000,3.300000,6.300000,3.600000,3.900000,0.000000,0.000000,0.000000,0.000000,0.000000,0.000000,0.000000,0.000000
41.000000,11.000000,20.000000,8.200000,78.000000,17.000000,196.000000,78.000000,6.400000,98.000000,2.000000,0.000000,0.000000,0.000000,0.000000
6.800000,38.000000,8.400000,22.000000,10.000000,25.000000,6.400000,2.600000,22.000000,21.000000,13.000000,0.000000,0.000000,0.000000,0.000000
15.000000,65.000000,18.000000,142.000000,21.000000,10.000000,42.000000,12.000000,43.000000,39.000000,106.000000,5.000000,147.000000,0.000000,0.000000
12.000000,5.700000,7.300000,3.500000,4.300000,6.100000,13.000000,22.000000,0.000000,0.000000,0.000000,0.000000,0.000000,0.000000,0.000000
98.000000,20.000000,127.000000,12.000000,84.000000,14.000000,3.500000,0.000000,0.000000,0.000000,0.000000,0.000000,0.000000,0.000000,0.000000
3.900000,17.000000,6.400000,10.000000,28.000000,9.900000,6.800000,29.000000,8.900000,6.700000,51.000000,46.000000,0.000000,0.000000,0.000000
6.700000,25.000000,9.600000,2.000000,14.000000,93.000000,10.000000,4.400000,0.000000,0.000000,0.000000,0.000000,0.000000,0.000000,0.000000
77.000000,67.000000,9.300000,8.000000,16.000000,2.700000,2.200000,36.000000,0.000000,0.000000,0.000000,0.000000,0.000000,0.000000,0.000000
37.000000,55.000000,95.000000,75.000000,181.000000,11.000000,8.500000,170.000000,9.600000,32.000000,4.000000,2.300000,0.000000,0.000000,0.000000
3.300000,24.000000,5.300000,3.700000,6.100000,10.000000,40.000000,0.000000,0.000000,0.000000,0.000000,0.000000,0.000000,0.000000,0.000000
24.000000,17.000000,71.000000,7.900000,3.300000,18.000000,14.000000,60.000000,9.700000,33.000000,0.000000,0.000000,0.000000,0.000000,0.000000
127.000000,36.000000,42.000000,70.000000,5.000000,27.000000,23.000000,3.300000,74.000000,21.000000,8.200000,10.000000,4.200000,46.000000,0.000000
1.500000,9.400000,6.300000,25.000000,9.700000,0.000000,0.000000,0.000000,0.000000,0.000000,0.000000,0.000000,0.000000,0.000000,0.000000
30.000000,136.000000,44.000000,27.000000,51.000000,7.700000,29.000000,1.700000,50.000000,13.000000,0.000000,0.000000,0.000000,0.000000,0.000000
8.400000,15.000000,4.200000,13.000000,12.000000,6.900000,0.000000,0.000000,0.000000,0.000000,0.000000,0.000000,0.000000,0.000000,0.000000
3.600000,6.000000,12.000000,24.000000,24.000000,40.000000,0.000000,0.000000,0.000000,0.000000,0.000000,0.000000,0.000000,0.000000,0.000000
5.700000,6.700000,6.400000,5.800000,7.300000,6.900000,35.000000,7.300000,8.900000,0.000000,0.000000,0.000000,0.000000,0.000000,0.000000
11.000000,8.300000,8.000000,25.000000,14.000000,2.600000,4.000000,9.000000,0.000000,0.000000,0.000000,0.000000,0.000000,0.000000,0.000000
4.000000,5.800000,31.000000,25.000000,10.000000,5.900000,0.000000,0.000000,0.000000,0.000000,0.000000,0.000000,0.000000,0.000000,0.000000
93.000000,100.000000,75.000000,53.000000,13.000000,34.000000,54.000000,12.000000,12.000000,40.000000,50.000000,2.400000,2.600000,0.000000,0.000000
2.500000,5.600000,45.000000,97.000000,15.000000,6.500000,10.000000,6.000000,14.000000,53.000000,0.000000,0.000000,0.000000,0.000000,0.000000
16.000000,2.900000,16.000000,1.800000,19.000000,62.000000,0.000000,0.000000,0.000000,0.000000,0.000000,0.000000,0.000000,0.000000,0.000000
7.800000,10.000000,129.000000,103.000000,4.800000,51.000000,3.500000,96.000000,7.600000,57.000000,0.000000,0.000000,0.000000,0.000000,0.000000
20.000000,25.000000,12.000000,5.500000,5.000000,8.400000,9.700000,39.000000,13.000000,47.000000,30.000000,7.300000,9.000000,0.000000,0.000000
11.000000,41.000000,3.600000,8.700000,9.000000,3.600000,0.000000,0.000000,0.000000,0.000000,0.000000,0.000000,0.000000,0.000000,0.000000
27.000000,2.300000,7.200000,80.000000,13.000000,3.600000,5.400000,0.000000,0.000000,0.000000,0.000000,0.000000,0.000000,0.000000,0.000000
11.000000,109.000000,31.000000,31.000000,2.600000,76.000000,13.000000,3.000000,49.000000,5.600000,0.000000,0.000000,0.000000,0.000000,0.000000
21.000000,104.000000,12.000000,2.800000,8.000000,26.000000,180.000000,24.000000,62.000000,5.200000,5.400000,93.000000,155.000000,47.000000,0.000000
6.900000,3.900000,28.000000,92.000000,10.000000,5.700000,3.000000,0.000000,0.000000,0.000000,0.000000,0.000000,0.000000,0.000000,0.000000
25.000000,4.600000,9.200000,3.100000,18.000000,21.000000,5.500000,31.000000,12.000000,26.000000,14.000000,0.000000,0.000000,0.000000,0.000000
4.800000,5.300000,17.000000,5.800000,3.900000,7.600000,6.300000,0.000000,0.000000,0.000000,0.000000,0.000000,0.000000,0.000000,0.000000
5.800000,29.000000,18.000000,10.000000,36.000000,31.000000,12.000000,7.100000,0.000000,0.000000,0.000000,0.000000,0.000000,0.000000,0.000000
160.000000,33.000000,5.700000,163.000000,109.000000,15.000000,29.000000,45.000000,141.000000,0.000000,0.000000,0.000000,0.000000,0.000000,0.000000
1.500000,6.400000,51.000000,113.000000,9.100000,9.300000,82.000000,161.000000,127.000000,49.000000,0.000000,0.000000,0.000000,0.000000,0.000000
6.100000,12.000000,5.700000,3.600000,7.500000,10.000000,12.000000,19.000000,7.700000,0.000000,0.000000,0.000000,0.000000,0.000000,0.000000
45.000000,8.200000,3.200000,7.800000,2.000000,11.000000,0.000000,0.000000,0.000000,0.000000,0.000000,0.000000,0.000000,0.000000,0.000000
17.000000,25.000000,9.100000,10.000000,68.000000,3.000000,22.000000,5.400000,18.000000,0.000000,0.000000,0.000000,0.000000,0.000000,0.000000
5.400000,4.300000,11.000000,57.000000,15.000000,20.000000,14.000000,2.200000,37.000000,0.000000,0.000000,0.000000,0.000000,0.000000,0.000000
4.000000,3.200000,3.700000,9.600000,54.000000,0.000000,0.000000,0.000000,0.000000,0.000000,0.000000,0.000000,0.000000,0.000000,0.000000
7.700000,6.600000,15.000000,5.400000,2.500000,3.800000,0.000000,0.000000,0.000000,0.000000,0.000000,0.000000,0.000000,0.000000,0.000000
107.000000,139.000000,8.400000,7.000000,15.000000,3.600000,21.000000,3.700000,5.300000,19.000000,155.000000,0.000000,0.000000,0.000000,0.000000
21.000000,78.000000,9.200000,38.000000,1.500000,26.000000,8.200000,21.000000,0.000000,0.000000,0.000000,0.000000,0.000000,0.000000,0.000000
4.100000,2.900000,19.000000,4.700000,13.000000,34.000000,36.000000,142.000000,17.000000,18.000000,114.000000,21.000000,68.000000,83.000000,0.000000
4.100000,4.900000,11.000000,15.000000,13.000000,10.000000,8.800000,31.000000,7.700000,34.000000,16.000000,66.000000,70.000000,53.000000,0.000000
5.500000,1.500000,10.000000,9.300000,6.900000,0.000000,0.000000,0.000000,0.000000,0.000000,0.000000,0.000000,0.000000,0.000000,0.000000
84.000000,11.000000,30.000000,1.500000,19.000000,70.000000,11.000000,121.000000,30.000000,6.200000,0.000000,0.000000,0.000000,0.000000,0.000000
4.200000,22.000000,6.900000,3.900000,78.000000,16.000000,11.000000,15.000000,8.800000,13.000000,0.000000,0.000000,0.000000,0.000000,0.000000
9.800000,19.000000,1.600000,59.000000,34.000000,26.000000,34.000000,10.000000,0.000000,0.000000,0.000000,0.000000,0.000000,0.000000,0.000000
100.000000,55.000000,56.000000,163.000000,35.000000,140.000000,7.300000,28.000000,7.100000,12.000000,6.600000,3.900000,0.000000,0.000000,0.000000
73.000000,11.000000,16.000000,8.600000,69.000000,8.900000,2.500000,28.000000,13.000000,4.000000,0.000000,0.000000,0.000000,0.000000,0.000000
3.900000,5.900000,6.200000,6.400000,5.600000,19.000000,20.000000,48.000000,66.000000,0.000000,0.000000,0.000000,0.000000,0.000000,0.000000
12.000000,10.000000,8.600000,12.000000,8.700000,3.200000,22.000000,13.000000,14.000000,13.000000,16.000000,22.000000,67.000000,0.000000,0.000000
38.000000,55.000000,23.000000,2.200000,8.500000,4.100000,22.000000,0.000000,0.000000,0.000000,0.000000,0.000000,0.000000,0.000000,0.000000
5.400000,3.600000,10.000000,28.000000,16.000000,20.000000,4.600000,7.900000,43.000000,12.000000,46.000000,49.000000,0.000000,0.000000,0.000000
21.000000,19.000000,36.000000,21.000000,73.000000,25.000000,3.900000,2.900000,6.000000,12.000000,10.000000,0.000000,0.000000,0.000000,0.000000
14.000000,3.000000,8.700000,11.000000,75.000000,11.000000,27.000000,31.000000,6.400000,59.000000,14.000000,16.000000,43.000000,106.000000,0.000000
31.000000,55.000000,10.000000,4.900000,3.600000,61.000000,15.000000,96.000000,23.000000,78.000000,7.500000,3.600000,0.000000,0.000000,0.000000
3.200000,12.000000,10.000000,62.000000,8.700000,6.300000,2.800000,17.000000,0.000000,0.000000,0.000000,0.000000,0.000000,0.000000,0.000000
3.600000,25.000000,3.800000,33.000000,20.000000,40.000000,6.800000,33.000000,10.000000,17.000000,38.000000,32.000000,0.000000,0.000000,0.000000
61.000000,3.500000,6.200000,92.000000,24.000000,16.000000,15.000000,10.000000,5.000000,92.000000,19.000000,17.000000,61.000000,0.000000,0.000000
28.000000,21.000000,1.800000,4.100000,7.500000,105.000000,7.700000,0.000000,0.000000,0.000000,0.000000,0.000000,0.000000,0.000000,0.000000
3.800000,3.800000,7.200000,8.400000,22.000000,19.000000,5.000000,17.000000,49.000000,0.000000,0.000000,0.000000,0.000000,0.000000,0.000000
6.100000,11.000000,10.000000,5.400000,9.200000,21.000000,0.000000,0.000000,0.000000,0.000000,0.000000,0.000000,0.000000,0.000000,0.000000
9.100000,7.300000,2.300000,20.000000,56.000000,41.000000,18.000000,19.000000,57.000000,3.500000,0.000000,0.000000,0.000000,0.000000,0.000000
12.000000,6.300000,29.000000,22.000000,11.000000,2.700000,5.700000,17.000000,26.000000,6.700000,0.000000,0.000000,0.000000,0.000000,0.000000
43.000000,3.000000,39.000000,4.600000,4.100000,0.000000,0.000000,0.000000,0.000000,0.000000,0.000000,0.000000,0.000000,0.000000,0.000000
4.400000,21.000000,4.900000,6.400000,8.100000,12.000000,2.800000,0.000000,0.000000,0.000000,0.000000,0.000000,0.000000,0.000000,0.000000
18.000000,3.500000,5.500000,8.900000,10.000000,13.000000,0.000000,0.000000,0.000000,0.000000,0.000000,0.000000,0.000000,0.000000,0.000000
62.000000,7.900000,4.300000,9.600000,48.000000,1.900000,22.000000,77.000000,10.000000,0.000000,0.000000,0.000000,0.000000,0.000000,0.000000
8.600000,2.000000,11.000000,6.500000,8.300000,21.000000,5.600000,0.000000,0.000000,0.000000,0.000000,0.000000,0.000000,0.000000,0.000000
4.900000,20.000000,7.500000,2.900000,5.000000,0.000000,0.000000,0.000000,0.000000,0.000000,0.000000,0.000000,0.000000,0.000000,0.000000
30.000000,7.200000,12.000000,10.000000,5.800000,29.000000,0.000000,0.000000,0.000000,0.000000,0.000000,0.000000,0.000000,0.000000,0.000000
18.000000,20.000000,9.100000,23.000000,5.200000,10.000000,31.000000,15.000000,7.800000,10.000000,9.900000,19.000000,6.500000,0.000000,0.000000
71.000000,6.500000,51.000000,17.000000,11.000000,1.500000,29.000000,24.000000,0.000000,0.000000,0.000000,0.000000,0.000000,0.000000,0.000000
57.000000,9.200000,5.200000,2.800000,66.000000,6.000000,62.000000,5.800000,0.000000,0.000000,0.000000,0.000000,0.000000,0.000000,0.000000
46.000000,48.000000,43.000000,11.000000,51.000000,4.600000,6.400000,2.400000,25.000000,5.200000,0.000000,0.000000,0.000000,0.000000,0.000000
2.800000,28.000000,5.300000,3.700000,27.000000,9.600000,8.600000,14.000000,0.000000,0.000000,0.000000,0.000000,0.000000,0.000000,0.000000
7.600000,25.000000,45.000000,16.000000,90.000000,14.000000,9.500000,3.900000,10.000000,28.000000,15.000000,0.000000,0.000000,0.000000,0.000000
2.100000,66.000000,40.000000,14.000000,74.000000,17.000000,19.000000,11.000000,8.300000,10.000000,6.400000,41.000000,0.000000,0.000000,0.000000
91.000000,57.000000,8.900000,1.700000,3.500000,33.000000,26.000000,20.000000,0.000000,0.000000,0.000000,0.000000,0.000000,0.000000,0.000000
15.000000,4.300000,36.000000,5.200000,6.900000,7.900000,11.000000,46.000000,45.000000,9.200000,16.000000,0.000000,0.000000,0.000000,0.000000
40.000000,6.300000,58.000000,15.000000,54.000000,35.000000,21.000000,3.100000,4.200000,6.300000,0.000000,0.000000,0.000000,0.000000,0.000000
1.400000,18.000000,39.000000,39.000000,15.000000,18.000000,8.600000,86.000000,9.000000,0.000000,0.000000,0.000000,0.000000,0.000000,0.000000
7.200000,20.000000,2.400000,42.000000,16.000000,8.000000,23.000000,4.700000,15.000000,66.000000,0.000000,0.000000,0.000000,0.000000,0.000000
8.200000,3.700000,6.600000,62.000000,101.000000,35.000000,21.000000,13.000000,50.000000,8.300000,0.000000,0.000000,0.000000,0.000000,0.000000
4.200000,5.500000,11.000000,27.000000,7.600000,5.000000,7.400000,117.000000,0.000000,0.000000,0.000000,0.000000,0.000000,0.000000,0.000000
8.200000,12.000000,54.000000,8.700000,2.300000,10.000000,45.000000,56.000000,18.000000,0.000000,0.000000,0.000000,0.000000,0.000000,0.000000
176.000000,74.000000,94.000000,9.800000,54.000000,26.000000,10.000000,13.000000,56.000000,3.000000,7.100000,2.900000,0.000000,0.000000,0.000000
108.000000,15.000000,25.000000,4.300000,37.000000,10.000000,3.200000,0.000000,0.000000,0.000000,0.000000,0.000000,0.000000,0.000000,0.000000
11.000000,6.900000,15.000000,12.000000,4.000000,28.000000,14.000000,8.700000,51.000000,6.600000,81.000000,16.000000,12.000000,0.000000,0.000000
22.000000,13.000000,45.000000,11.000000,4.500000,14.000000,2.500000,0.000000,0.000000,0.000000,0.000000,0.000000,0.000000,0.000000,0.000000
9.400000,14.000000,3.900000,7.800000,30.000000,3.000000,20.000000,32.000000,9.100000,24.000000,45.000000,0.000000,0.000000,0.000000,0.000000
4.300000,12.000000,28.000000,8.500000,18.000000,0.000000,0.000000,0.000000,0.000000,0.000000,0.000000,0.000000,0.000000,0.000000,0.000000
20.000000,46.000000,3.300000,121.000000,56.000000,2.600000,43.000000,15.000000,3.900000,76.000000,106.000000,44.000000,0.000000,0.000000,0.000000
2.500000,97.000000,6.300000,2.200000,75.000000,18.000000,26.000000,14.000000,75.000000,0.000000,0.000000,0.000000,0.000000,0.000000,0.000000
2.400000,7.000000,10.000000,8.100000,24.000000,10.000000,9.700000,30.000000,12.000000,20.000000,0.000000,0.000000,0.000000,0.000000,0.000000
59.000000,4.000000,4.900000,38.000000,4.000000,9.600000,0.000000,0.000000,0.000000,0.000000,0.000000,0.000000,0.000000,0.000000,0.000000
26.000000,48.000000,18.000000,23.000000,12.000000,21.000000,5.700000,5.700000,8.100000,13.000000,21.000000,4.900000,11.000000,0.000000,0.000000
2.600000,35.000000,3.500000,10.000000,4.900000,14.000000,31.000000,0.000000,0.000000,0.000000,0.000000,0.000000,0.000000,0.000000,0.000000
29.000000,10.000000,23.000000,58.000000,3.600000,23.000000,6.600000,7.500000,0.000000,0.000000,0.000000,0.000000,0.000000,0.000000,0.000000
3.700000,5.100000,43.000000,11.000000,4.300000,7.900000,6.500000,10.000000,0.000000,0.000000,0.000000,0.000000,0.000000,0.000000,0.000000
49.000000,29.000000,7.000000,34.000000,4.400000,3.200000,21.000000,8.600000,0.000000,0.000000,0.000000,0.000000,0.000000,0.000000,0.000000
4.200000,11.000000,2.800000,25.000000,8.300000,20.000000,10.000000,23.000000,45.000000,12.000000,17.000000,0.000000,0.000000,0.000000,0.000000
51.000000,5.200000,1.500000,27.000000,18.000000,10.000000,7.000000,0.000000,0.000000,0.000000,0.000000,0.000000,0.000000,0.000000,0.000000
22.000000,2.800000,14.000000,3.200000,5.600000,39.000000,18.000000,28.000000,57.000000,25.000000,124.000000,0.000000,0.000000,0.000000,0.000000
6.300000,14.000000,20.000000,5.000000,8.500000,3.900000,19.000000,13.000000,13.000000,47.000000,111.000000,14.000000,29.000000,113.000000,0.000000
66.000000,12.000000,6.500000,1.700000,75.000000,20.000000,14.000000,24.000000,0.000000,0.000000,0.000000,0.000000,0.000000,0.000000,0.000000
29.000000,12.000000,40.000000,9.100000,2.400000,31.000000,0.000000,0.000000,0.000000,0.000000,0.000000,0.000000,0.000000,0.000000,0.000000
14.000000,3.300000,9.400000,5.300000,6.400000,27.000000,6.600000,12.000000,11.000000,0.000000,0.000000,0.000000,0.000000,0.000000,0.000000
2.800000,12.000000,4.300000,3.000000,17.000000,9.500000,27.000000,0.000000,0.000000,0.000000,0.000000,0.000000,0.000000,0.000000,0.000000
2.100000,43.000000,23.000000,34.000000,22.000000,29.000000,9.500000,0.000000,0.000000,0.000000,0.000000,0.000000,0.000000,0.000000,0.000000
159.000000,172.000000,115.000000,13.000000,4.400000,40.000000,2.600000,19.000000,235.000000,4.900000,27.000000,139.000000,0.000000,0.000000,0.000000
9.200000,6.100000,3.500000,3.000000,20.000000,12.000000,34.000000,7.100000,0.000000,0.000000,0.000000,0.000000,0.000000,0.000000,0.000000
67.000000,4.800000,1.600000,117.000000,10.000000,26.000000,8.800000,0.000000,0.000000,0.000000,0.000000,0.000000,0.000000,0.000000,0.000000
2.000000,11.000000,5.000000,14.000000,4.000000,11.000000,0.000000,0.000000,0.000000,0.000000,0.000000,0.000000,0.000000,0.000000,0.000000
2.900000,18.000000,4.900000,10.000000,15.000000,0.000000,0.000000,0.000000,0.000000,0.000000,0.000000,0.000000,0.000000,0.000000,0.000000
4.400000,3.900000,10.000000,11.000000,2.300000,0.000000,0.000000,0.000000,0.000000,0.000000,0.000000,0.000000,0.000000,0.000000,0.000000
9.000000,7.400000,5.800000,29.000000,2.200000,16.000000,4.800000,0.000000,0.000000,0.000000,0.000000,0.000000,0.000000,0.000000,0.000000
2.000000,34.000000,6.900000,15.000000,5.500000,6.700000,8.200000,0.000000,0.000000,0.000000,0.000000,0.000000,0.000000,0.000000,0.000000
33.000000,61.000000,56.000000,3.500000,32.000000,0.000000,0.000000,0.000000,0.000000,0.000000,0.000000,0.000000,0.000000,0.000000,0.000000
23.000000,60.000000,7.300000,7.300000,73.000000,63.000000,8.000000,36.000000,36.000000,49.000000,50.000000,4.000000,11.000000,0.000000,0.000000
7.100000,29.000000,3.000000,55.000000,53.000000,5.300000,12.000000,25.000000,7.200000,28.000000,31.000000,8.500000,0.000000,0.000000,0.000000
14.000000,3.300000,24.000000,10.000000,9.500000,9.800000,12.000000,49.000000,26.000000,11.000000,9.500000,0.000000,0.000000,0.000000,0.000000
8.400000,9.000000,3.000000,3.100000,45.000000,5.300000,0.000000,0.000000,0.000000,0.000000,0.000000,0.000000,0.000000,0.000000,0.000000
5.600000,48.000000,15.000000,35.000000,12.000000,13.000000,27.000000,11.000000,14.000000,6.600000,4.800000,11.000000,10.000000,0.000000,0.000000
4.200000,6.100000,10.000000,49.000000,7.500000,6.100000,0.000000,0.000000,0.000000,0.000000,0.000000,0.000000,0.000000,0.000000,0.000000
15.000000,38.000000,38.000000,8.600000,51.000000,38.000000,3.900000,12.000000,22.000000,4.300000,0.000000,0.000000,0.000000,0.000000,0.000000
62.000000,67.000000,5.200000,70.000000,131.000000,0.000000,0.000000,0.000000,0.000000,0.000000,0.000000,0.000000,0.000000,0.000000,0.000000
19.000000,2.400000,20.000000,34.000000,6.200000,6.600000,7.500000,7.000000,73.000000,24.000000,0.000000,0.000000,0.000000,0.000000,0.000000
25.000000,8.200000,9.200000,67.000000,13.000000,4.200000,13.000000,24.000000,50.000000,2.400000,38.000000,79.000000,0.000000,0.000000,0.000000
4.100000,82.000000,7.300000,19.000000,9.600000,15.000000,1.900000,155.000000,0.000000,0.000000,0.000000,0.000000,0.000000,0.000000,0.000000
28.000000,28.000000,28.000000,4.800000,17.000000,18.000000,6.700000,13.000000,2.100000,42.000000,0.000000,0.000000,0.000000,0.000000,0.000000
17.000000,6.100000,29.000000,3.100000,7.200000,9.000000,9.300000,19.000000,13.000000,47.000000,0.000000,0.000000,0.000000,0.000000,0.000000
75.000000,174.000000,4.100000,19.000000,15.000000,146.000000,6.000000,10.000000,229.000000,0.000000,0.000000,0.000000,0.000000,0.000000,0.000000
34.000000,22.000000,13.000000,4.000000,4.600000,1.700000,0.000000,0.000000,0.000000,0.000000,0.000000,0.000000,0.000000,0.000000,0.000000
5.800000,21.000000,8.200000,39.000000,19.000000,39.000000,39.000000,118.000000,8.200000,47.000000,0.000000,0.000000,0.000000,0.000000,0.000000
81.000000,5.800000,49.000000,31.000000,18.000000,17.000000,14.000000,150.000000,260.000000,2.600000,6.000000,10.000000,0.000000,0.000000,0.000000
31.000000,35.000000,5.500000,19.000000,65.000000,5.400000,2.700000,3.300000,0.000000,0.000000,0.000000,0.000000,0.000000,0.000000,0.000000
12.000000,6.600000,3.200000,63.000000,6.900000,5.300000,0.000000,0.000000,0.000000,0.000000,0.000000,0.000000,0.000000,0.000000,0.000000
19.000000,6.400000,16.000000,9.200000,7.500000,4.400000,36.000000,121.000000,5.200000,0.000000,0.000000,0.000000,0.000000,0.000000,0.000000
9.300000,4.100000,23.000000,12.000000,17.000000,19.000000,61.000000,3.600000,10.000000,35.000000,5.300000,0.000000,0.000000,0.000000,0.000000
6.300000,5.100000,8.400000,16.000000,3.300000,14.000000,6.200000,12.000000,23.000000,0.000000,0.000000,0.000000,0.000000,0.000000,0.000000
25.000000,6.100000,54.000000,7.300000,102.000000,5.600000,2.700000,0.000000,0.000000,0.000000,0.000000,0.000000,0.000000,0.000000,0.000000
38.000000,5.400000,28.000000,128.000000,9.300000,14.000000,3.500000,14.000000,18.000000,6.400000,12.000000,19.000000,0.000000,0.000000,0.000000
4.800000,7.700000,5.500000,14.000000,20.000000,3.000000,43.000000,15.000000,50.000000,0.000000,0.000000,0.000000,0.000000,0.000000,0.000000
75.000000,16.000000,32.000000,4.700000,12.000000,14.000000,1.500000,22.000000,0.000000,0.000000,0.000000,0.000000,0.000000,0.000000,0.000000
1.800000,12.000000,104.000000,60.000000,30.000000,102.000000,8.800000,16.000000,7.900000,43.000000,47.000000,25.000000,8.600000,0.000000,0.000000
52.000000,17.000000,57.000000,7.800000,13.000000,7.700000,92.000000,5.300000,4.300000,24.000000,0.000000,0.000000,0.000000,0.000000,0.000000
25.000000,101.000000,95.000000,90.000000,33.000000,9.900000,58.000000,15.000000,20.000000,2.100000,43.000000,0.000000,0.000000,0.000000,0.000000
9.800000,4.300000,45.000000,5.400000,8.000000,7.800000,16.000000,113.000000,46.000000,4.900000,0.000000,0.000000,0.000000,0.000000,0.000000
9.900000,5.000000,27.000000,2.900000,75.000000,57.000000,43.000000,13.000000,100.000000,44.000000,32.000000,26.000000,22.000000,109.000000,0.000000
123.000000,11.000000,11.000000,8.800000,10.000000,77.000000,9.000000,32.000000,3.100000,0.000000,0.000000,0.000000,0.000000,0.000000,0.000000
10.000000,27.000000,6.800000,16.000000,8.700000,2.700000,12.000000,10.000000,55.000000,14.000000,0.000000,0.000000,0.000000,0.000000,0.000000
210.000000,6.000000,4.300000,60.000000,10.000000,2.200000,13.000000,27.000000,107.000000,69.000000,16.000000,171.000000,189.000000,0.000000,0.000000
1.600000,74.000000,4.800000,10.000000,41.000000,61.000000,31.000000,33.000000,7.000000,0.000000,0.000000,0.000000,0.000000,0.000000,0.000000
3.600000,4.600000,12.000000,17.000000,33.000000,17.000000,8.100000,5.200000,13.000000,12.000000,0.000000,0.000000,0.000000,0.000000,0.000000
56.000000,4.800000,10.000000,5.400000,4.000000,45.000000,74.000000,3.800000,12.000000,81.000000,19.000000,0.000000,0.000000,0.000000,0.000000
151.000000,206.000000,125.000000,8.400000,13.000000,51.000000,27.000000,47.000000,8.100000,7.900000,3.900000,0.000000,0.000000,0.000000,0.000000
70.000000,7.000000,8.100000,2.700000,12.000000,26.000000,14.000000,70.000000,9.400000,15.000000,8.500000,0.000000,0.000000,0.000000,0.000000
17.000000,93.000000,44.000000,7.300000,5.600000,3.900000,14.000000,18.000000,5.100000,8.900000,0.000000,0.000000,0.000000,0.000000,0.000000
7.400000,18.000000,53.000000,60.000000,11.000000,88.000000,25.000000,13.000000,1.800000,74.000000,0.000000,0.000000,0.000000,0.000000,0.000000
8.100000,4.300000,10.000000,19.000000,3.400000,23.000000,14.000000,21.000000,18.000000,18.000000,77.000000,45.000000,29.000000,18.000000,0.000000
1.500000,43.000000,63.000000,37.000000,9.300000,8.000000,45.000000,5.800000,25.000000,0.000000,0.000000,0.000000,0.000000,0.000000,0.000000
31.000000,2.800000,189.000000,11.000000,18.000000,12.000000,4.200000,9.400000,0.000000,0.000000,0.000000,0.000000,0.000000,0.000000,0.000000
12.000000,38.000000,17.000000,122.000000,10.000000,2.400000,48.000000,0.000000,0.000000,0.000000,0.000000,0.000000,0.000000,0.000000,0.000000
12.000000,13.000000,5.800000,3.600000,4.900000,38.000000,19.000000,4.300000,18.000000,0.000000,0.000000,0.000000,0.000000,0.000000,0.000000
133.000000,152.000000,103.000000,24.000000,25.000000,5.100000,16.000000,0.000000,0.000000,0.000000,0.000000,0.000000,0.000000,0.000000,0.000000
41.000000,29.000000,42.000000,10.000000,18.000000,15.000000,2.400000,65.000000,5.700000,12.000000,0.000000,0.000000,0.000000,0.000000,0.000000
11.000000,12.000000,22.000000,54.000000,11.000000,12.000000,1.800000,28.000000,24.000000,14.000000,51.000000,0.000000,0.000000,0.000000,0.000000
20.000000,8.200000,10.000000,25.000000,54.000000,60.000000,20.000000,20.000000,20.000000,42.000000,0.000000,0.000000,0.000000,0.000000,0.000000
43.000000,4.200000,6.600000,4.700000,8.100000,0.000000,0.000000,0.000000,0.000000,0.000000,0.000000,0.000000,0.000000,0.000000,0.000000
128.000000,11.000000,90.000000,62.000000,14.000000,7.600000,31.000000,99.000000,105.000000,54.000000,11.000000,15.000000,0.000000,0.000000,0.000000
5.100000,4.000000,7.100000,26.000000,10.000000,20.000000,6.400000,12.000000,5.400000,0.000000,0.000000,0.000000,0.000000,0.000000,0.000000
11.000000,41.000000,21.000000,4.400000,51.000000,5.100000,10.000000,2.400000,12.000000,0.000000,0.000000,0.000000,0.000000,0.000000,0.000000
3.600000,5.400000,14.000000,7.800000,4.600000,19.000000,34.000000,24.000000,6.800000,23.000000,0.000000,0.000000,0.000000,0.000000,0.000000
2.300000,18.000000,19.000000,8.300000,3.300000,9.400000,15.000000,36.000000,29.000000,0.000000,0.000000,0.000000,0.000000,0.000000,0.000000
14.000000,9.100000,5.800000,4.700000,17.000000,8.900000,14.000000,52.000000,74.000000,6.500000,22.000000,11.000000,36.000000,28.000000,0.000000
5.500000,13.000000,9.000000,4.500000,3.400000,9.300000,32.000000,22.000000,152.000000,14.000000,70.000000,42.000000,0.000000,0.000000,0.000000
3.000000,23.000000,24.000000,5.800000,160.000000,11.000000,19.000000,40.000000,10.000000,153.000000,0.000000,0.000000,0.000000,0.000000,0.000000
132.000000,117.000000,98.000000,2.800000,101.000000,93.000000,17.000000,3.200000,16.000000,7.000000,0.000000,0.000000,0.000000,0.000000,0.000000
10.000000,1.600000,23.000000,23.000000,6.200000,15.000000,87.000000,6.700000,0.000000,0.000000,0.000000,0.000000,0.000000,0.000000,0.000000
3.300000,57.000000,4.400000,2.000000,40.000000,80.000000,19.000000,31.000000,0.000000,0.000000,0.000000,0.000000,0.000000,0.000000,0.000000
5.600000,6.200000,6.600000,28.000000,2.600000,52.000000,52.000000,27.000000,14.000000,9.300000,260.000000,0.000000,0.000000,0.000000,0.000000
7.500000,74.000000,49.000000,10.000000,14.000000,3.300000,44.000000,10.000000,0.000000,0.000000,0.000000,0.000000,0.000000,0.000000,0.000000
24.000000,110.000000,42.000000,13.000000,6.300000,64.000000,14.000000,23.000000,37.000000,22.000000,2.600000,97.000000,5.300000,0.000000,0.000000
47.000000,13.000000,39.000000,14.000000,18.000000,20.000000,13.000000,8.800000,18.000000,17.000000,22.000000,3.700000,8.100000,0.000000,0.000000
1.800000,4.500000,18.000000,11.000000,10.000000,14.000000,26.000000,21.000000,47.000000,0.000000,0.000000,0.000000,0.000000,0.000000,0.000000
8.100000,46.000000,14.000000,3.600000,5.300000,3.500000,113.000000,36.000000,34.000000,159.000000,62.000000,82.000000,0.000000,0.000000,0.000000
7.300000,3.500000,6.300000,5.000000,13.000000,11.000000,21.000000,7.800000,14.000000,0.000000,0.000000,0.000000,0.000000,0.000000,0.000000
4.600000,4.100000,10.000000,9.400000,96.000000,8.000000,3.000000,60.000000,0.000000,0.000000,0.000000,0.000000,0.000000,0.000000,0.000000
55.000000,3.100000,99.000000,21.000000,69.000000,8.000000,41.000000,38.000000,21.000000,49.000000,22.000000,10.000000,0.000000,0.000000,0.000000
77.000000,105.000000,18.000000,11.000000,15.000000,62.000000,14.000000,2.400000,6.600000,78.000000,0.000000,0.000000,0.000000,0.000000,0.000000
9.600000,12.000000,4.300000,10.000000,29.000000,12.000000,68.000000,1.900000,0.000000,0.000000,0.000000,0.000000,0.000000,0.000000,0.000000
5.700000,1.600000,47.000000,5.400000,22.000000,10.000000,27.000000,0.000000,0.000000,0.000000,0.000000,0.000000,0.000000,0.000000,0.000000
2.800000,13.000000,44.000000,7.600000,9.100000,6.500000,3.000000,0.000000,0.000000,0.000000,0.000000,0.000000,0.000000,0.000000,0.000000
48.000000,2.600000,62.000000,9.700000,3.500000,32.000000,81.000000,158.000000,0.000000,0.000000,0.000000,0.000000,0.000000,0.000000,0.000000
45.000000,31.000000,33.000000,26.000000,6.700000,8.600000,62.000000,4.900000,22.000000,15.000000,50.000000,125.000000,11.000000,83.000000,0.000000
16.000000,42.000000,10.000000,78.000000,26.000000,14.000000,13.000000,6.900000,31.000000,21.000000,2.400000,0.000000,0.000000,0.000000,0.000000
176.000000,8.300000,6.800000,12.000000,5.400000,3.900000,23.000000,136.000000,173.000000,37.000000,5.600000,120.000000,153.000000,214.000000,0.000000
5.700000,7.600000,2.200000,14.000000,7.500000,4.100000,0.000000,0.000000,0.000000,0.000000,0.000000,0.000000,0.000000,0.000000,0.000000
1.200000,6.400000,21.000000,26.000000,8.500000,0.000000,0.000000,0.000000,0.000000,0.000000,0.000000,0.000000,0.000000,0.000000,0.000000
20.000000,9.300000,23.000000,3.300000,69.000000,7.500000,22.000000,6.600000,12.000000,0.000000,0.000000,0.000000,0.000000,0.000000,0.000000
4.800000,6.500000,15.000000,29.000000,6.100000,19.000000,12.000000,5.000000,7.400000,25.000000,19.000000,0.000000,0.000000,0.000000,0.000000
10.000000,3.300000,1.700000,4.800000,0.000000,0.000000,0.000000,0.000000,0.000000,0.000000,0.000000,0.000000,0.000000,0.000000,0.000000
4.800000,4.300000,8.400000,3.800000,11.000000,11.000000,9.400000,14.000000,72.000000,0.000000,0.000000,0.000000,0.000000,0.000000,0.000000
3.400000,5.400000,65.000000,11.000000,24.000000,56.000000,4.700000,60.000000,74.000000,7.400000,16.000000,12.000000,36.000000,0.000000,0.000000
34.000000,125.000000,9.500000,17.000000,15.000000,4.900000,22.000000,2.400000,0.000000,0.000000,0.000000,0.000000,0.000000,0.000000,0.000000
5.300000,6.700000,11.000000,4.400000,3.500000,51.000000,14.000000,42.000000,7.100000,0.000000,0.000000,0.000000,0.000000,0.000000,0.000000
17.000000,3.500000,11.000000,3.800000,7.400000,23.000000,25.000000,5.200000,14.000000,59.000000,0.000000,0.000000,0.000000,0.000000,0.000000
49.000000,8.500000,7.200000,12.000000,10.000000,52.000000,6.400000,6.100000,2.800000,0.000000,0.000000,0.000000,0.000000,0.000000,0.000000
5.700000,8.900000,19.000000,4.800000,99.000000,5.800000,124.000000,4.600000,11.000000,16.000000,0.000000,0.000000,0.000000,0.000000,0.000000
29.000000,24.000000,14.000000,3.200000,90.000000,5.800000,11.000000,95.000000,10.000000,7.100000,8.900000,18.000000,23.000000,0.000000,0.000000
44.000000,4.800000,10.000000,16.000000,7.300000,15.000000,11.000000,3.800000,3.900000,0.000000,0.000000,0.000000,0.000000,0.000000,0.000000
19.000000,70.000000,1.900000,3.300000,7.000000,44.000000,38.000000,0.000000,0.000000,0.000000,0.000000,0.000000,0.000000,0.000000,0.000000
4.200000,4.600000,12.000000,3.300000,25.000000,11.000000,4.700000,62.000000,0.000000,0.000000,0.000000,0.000000,0.000000,0.000000,0.000000
52.000000,7.900000,3.600000,4.100000,16.000000,12.000000,7.200000,10.000000,75.000000,16.000000,44.000000,17.000000,0.000000,0.000000,0.000000
15.000000,2.700000,3.100000,7.800000,21.000000,3.900000,0.000000,0.000000,0.000000,0.000000,0.000000,0.000000,0.000000,0.000000,0.000000
3.100000,35.000000,10.000000,14.000000,14.000000,7.200000,25.000000,0.000000,0.000000,0.000000,0.000000,0.000000,0.000000,0.000000,0.000000
7.400000,15.000000,1.500000,11.000000,21.000000,54.000000,21.000000,80.000000,92.000000,8.900000,0.000000,0.000000,0.000000,0.000000,0.000000
6.000000,18.000000,12.000000,26.000000,5.100000,5.500000,8.000000,21.000000,19.000000,16.000000,61.000000,27.000000,7.700000,0.000000,0.000000
6.600000,21.000000,128.000000,13.000000,103.000000,8.300000,22.000000,40.000000,20.000000,6.500000,3.600000,7.400000,11.000000,0.000000,0.000000
154.000000,169.000000,49.000000,6.000000,143.000000,10.000000,3.300000,10.000000,23.000000,28.000000,4.300000,92.000000,0.000000,0.000000,0.000000
3.600000,27.000000,4.300000,6.300000,28.000000,22.000000,15.000000,8.400000,26.000000,14.000000,21.000000,15.000000,0.000000,0.000000,0.000000
6.300000,70.000000,31.000000,7.200000,41.000000,8.000000,27.000000,29.000000,5.500000,2.600000,16.000000,0.000000,0.000000,0.000000,0.000000
12.000000,2.800000,12.000000,86.000000,6.900000,14.000000,3.700000,8.900000,34.000000,29.000000,0.000000,0.000000,0.000000,0.000000,0.000000
13.000000,5.100000,14.000000,10.000000,5.500000,2.500000,45.000000,6.900000,0.000000,0.000000,0.000000,0.000000,0.000000,0.000000,0.000000
115.000000,27.000000,230.000000,51.000000,20.000000,14.000000,2.600000,5.300000,0.000000,0.000000,0.000000,0.000000,0.000000,0.000000,0.000000
122.000000,4.800000,189.000000,36.000000,3.900000,2.500000,14.000000,17.000000,72.000000,9.600000,36.000000,159.000000,0.000000,0.000000,0.000000
8.600000,99.000000,34.000000,17.000000,5.700000,20.000000,14.000000,0.000000,0.000000,0.000000,0.000000,0.000000,0.000000,0.000000,0.000000
4.200000,15.000000,23.000000,12.000000,26.000000,29.000000,4.300000,5.900000,0.000000,0.000000,0.000000,0.000000,0.000000,0.000000,0.000000
12.000000,5.900000,6.300000,12.000000,37.000000,28.000000,6.500000,39.000000,37.000000,0.000000,0.000000,0.000000,0.000000,0.000000,0.000000
14.000000,14.000000,10.000000,2.300000,9.900000,10.000000,5.200000,0.000000,0.000000,0.000000,0.000000,0.000000,0.000000,0.000000,0.000000
89.000000,41.000000,11.000000,5.800000,75.000000,34.000000,101.000000,85.000000,3.300000,23.000000,12.000000,2.600000,0.000000,0.000000,0.000000
6.200000,42.000000,6.700000,3.800000,4.200000,9.300000,0.000000,0.000000,0.000000,0.000000,0.000000,0.000000,0.000000,0.000000,0.000000
2.500000,55.000000,11.000000,18.000000,21.000000,6.400000,12.000000,71.000000,3.200000,0.000000,0.000000,0.000000,0.000000,0.000000,0.000000
9.600000,5.500000,7.500000,6.100000,26.000000,14.000000,12.000000,4.300000,12.000000,0.000000,0.000000,0.000000,0.000000,0.000000,0.000000
16.000000,123.000000,14.000000,58.000000,15.000000,123.000000,22.000000,7.700000,136.000000,39.000000,0.000000,0.000000,0.000000,0.000000,0.000000
55.000000,15.000000,27.000000,2.900000,27.000000,83.000000,6.500000,6.100000,12.000000,0.000000,0.000000,0.000000,0.000000,0.000000,0.000000
165.000000,107.000000,12.000000,21.000000,189.000000,154.000000,65.000000,76.000000,254.000000,6.000000,3.700000,2.800000,17.000000,0.000000,0.000000
7.800000,2.900000,35.000000,8.000000,5.100000,35.000000,2.900000,0.000000,0.000000,0.000000,0.000000,0.000000,0.000000,0.000000,0.000000
151.000000,86.000000,10.000000,7.200000,13.000000,39.000000,53.000000,23.000000,20.000000,25.000000,0.000000,0.000000,0.000000,0.000000,0.000000
22.000000,13.000000,25.000000,9.000000,1.900000,67.000000,144.000000,96.000000,46.000000,8.500000,121.000000,5.300000,0.000000,0.000000,0.000000
2.500000,21.000000,2.900000,15.000000,5.200000,6.800000,0.000000,0.000000,0.000000,0.000000,0.000000,0.000000,0.000000,0.000000,0.000000
53.000000,6.300000,19.000000,66.000000,39.000000,22.000000,109.000000,21.000000,16.000000,39.000000,126.000000,2.300000,38.000000,30.000000,0.000000
23.000000,18.000000,9.100000,16.000000,3.700000,30.000000,12.000000,7.900000,18.000000,9.200000,11.000000,32.000000,9.800000,38.000000,0.000000
180.000000,125.000000,87.000000,16.000000,9.400000,79.000000,3.400000,19.000000,2.100000,118.000000,23.000000,39.000000,24.000000,0.000000,0.000000
4.900000,2.500000,29.000000,81.000000,19.000000,12.000000,183.000000,11.000000,73.000000,0.000000,0.000000,0.000000,0.000000,0.000000,0.000000
14.000000,9.400000,2.900000,11.000000,15.000000,8.700000,48.000000,13.000000,30.000000,7.900000,7.400000,0.000000,0.000000,0.000000,0.000000
20.000000,5.200000,14.000000,27.000000,2.100000,6.300000,46.000000,16.000000,53.000000,112.000000,73.000000,18.000000,54.000000,0.000000,0.000000
19.000000,2.200000,6.400000,89.000000,89.000000,0.000000,0.000000,0.000000,0.000000,0.000000,0.000000,0.000000,0.000000,0.000000,0.000000
30.000000,9.000000,19.000000,6.200000,16.000000,50.000000,52.000000,26.000000,10.000000,28.000000,117.000000,12.000000,108.000000,3.400000,0.000000
4.900000,19.000000,6.400000,10.000000,9.600000,6.500000,153.000000,3.300000,125.000000,122.000000,0.000000,0.000000,0.000000,0.000000,0.000000
7.000000,3.900000,14.000000,10.000000,2.800000,25.000000,6.100000,12.000000,0.000000,0.000000,0.000000,0.000000,0.000000,0.000000,0.000000
58.000000,14.000000,14.000000,6.400000,31.000000,5.900000,47.000000,1.700000,21.000000,54.000000,106.000000,0.000000,0.000000,0.000000,0.000000
7.600000,5.600000,7.300000,22.000000,18.000000,9.300000,10.000000,28.000000,4.200000,22.000000,11.000000,27.000000,0.000000,0.000000,0.000000
6.000000,3.600000,57.000000,7.600000,3.100000,17.000000,35.000000,39.000000,47.000000,50.000000,26.000000,0.000000,0.000000,0.000000,0.000000
5.700000,7.100000,33.000000,4.100000,3.200000,4.200000,18.000000,0.000000,0.000000,0.000000,0.000000,0.000000,0.000000,0.000000,0.000000
23.000000,3.300000,8.900000,21.000000,20.000000,4.200000,9.200000,6.100000,58.000000,21.000000,48.000000,23.000000,0.000000,0.000000,0.000000
2.600000,38.000000,16.000000,9.000000,10.000000,6.800000,15.000000,12.000000,28.000000,53.000000,6.300000,0.000000,0.000000,0.000000,0.000000
15.000000,32.000000,64.000000,17.000000,5.600000,4.600000,16.000000,20.000000,20.000000,12.000000,6.600000,27.000000,10.000000,10.000000,0.000000
13.000000,6.600000,3.900000,8.000000,16.000000,22.000000,9.800000,13.000000,3.400000,0.000000,0.000000,0.000000,0.000000,0.000000,0.000000
7.500000,5.700000,57.000000,20.000000,162.000000,9.800000,11.000000,15.000000,25.000000,6.200000,57.000000,11.000000,0.000000,0.000000,0.000000
87.000000,109.000000,9.000000,3.200000,115.000000,2.100000,16.000000,122.000000,141.000000,0.000000,0.000000,0.000000,0.000000,0.000000,0.000000
104.000000,3.500000,94.000000,32.000000,104.000000,7.800000,28.000000,4.100000,86.000000,37.000000,0.000000,0.000000,0.000000,0.000000,0.000000
31.000000,9.100000,32.000000,18.000000,0.000000,0.000000,0.000000,0.000000,0.000000,0.000000,0.000000,0.000000,0.000000,0.000000,0.000000
12.000000,106.000000,8.800000,48.000000,19.000000,15.000000,4.700000,70.000000,30.000000,4.100000,69.000000,0.000000,0.000000,0.000000,0.000000
2.100000,21.000000,5.000000,37.000000,6.900000,7.700000,9.900000,16.000000,0.000000,0.000000,0.000000,0.000000,0.000000,0.000000,0.000000
48.000000,16.000000,4.000000,31.000000,3.500000,34.000000,0.000000,0.000000,0.000000,0.000000,0.000000,0.000000,0.000000,0.000000,0.000000
13.000000,5.300000,13.000000,6.300000,7.400000,34.000000,46.000000,6.700000,18.000000,8.600000,10.000000,22.000000,48.000000,45.000000,0.000000
17.000000,76.000000,28.000000,38.000000,26.000000,8.600000,5.600000,2.300000,4.400000,15.000000,0.000000,0.000000,0.000000,0.000000,0.000000
1.500000,25.000000,6.400000,19.000000,8.800000,5.900000,0.000000,0.000000,0.000000,0.000000,0.000000,0.000000,0.000000,0.000000,0.000000
12.000000,17.000000,119.000000,9.300000,10.000000,3.700000,18.000000,25.000000,6.900000,119.000000,13.000000,0.000000,0.000000,0.000000,0.000000
7.500000,3.800000,18.000000,7.000000,3.300000,7.000000,83.000000,9.300000,32.000000,0.000000,0.000000,0.000000,0.000000,0.000000,0.000000
10.000000,14.000000,3.700000,65.000000,21.000000,2.400000,5.500000,47.000000,0.000000,0.000000,0.000000,0.000000,0.000000,0.000000,0.000000
7.000000,5.100000,19.000000,1.800000,13.000000,52.000000,21.000000,74.000000,9.100000,0.000000,0.000000,0.000000,0.000000,0.000000,0.000000
17.000000,32.000000,23.000000,2.200000,8.500000,33.000000,96.000000,33.000000,83.000000,54.000000,119.000000,0.000000,0.000000,0.000000,0.000000
2.900000,46.000000,5.800000,7.300000,9.800000,3.800000,54.000000,12.000000,19.000000,0.000000,0.000000,0.000000,0.000000,0.000000,0.000000
61.000000,23.000000,41.000000,49.000000,12.000000,34.000000,6.200000,5.800000,3.000000,8.800000,10.000000,97.000000,0.000000,0.000000,0.000000
7.400000,18.000000,6.100000,9.700000,79.000000,3.300000,0.000000,0.000000,0.000000,0.000000,0.000000,0.000000,0.000000,0.000000,0.000000
102.000000,22.000000,17.000000,2.600000,28.000000,20.000000,6.300000,8.700000,0.000000,0.000000,0.000000,0.000000,0.000000,0.000000,0.000000
31.000000,42.000000,12.000000,5.800000,59.000000,5.800000,30.000000,29.000000,4.500000,5.300000,6.900000,0.000000,0.000000,0.000000,0.000000
2.300000,30.000000,21.000000,3.000000,6.900000,12.000000,22.000000,14.000000,0.000000,0.000000,0.000000,0.000000,0.000000,0.000000,0.000000
139.000000,6.500000,85.000000,10.000000,35.000000,12.000000,1.900000,52.000000,52.000000,54.000000,5.000000,113.000000,0.000000,0.000000,0.000000
11.000000,4.200000,18.000000,7.000000,2.700000,37.000000,7.500000,25.000000,10.000000,0.000000,0.000000,0.000000,0.000000,0.000000,0.000000
6.900000,56.000000,15.000000,11.000000,2.600000,44.000000,15.000000,4.200000,32.000000,10.000000,25.000000,0.000000,0.000000,0.000000,0.000000
109.000000,4.000000,11.000000,129.000000,16.000000,51.000000,93.000000,4.600000,29.000000,0.000000,0.000000,0.000000,0.000000,0.000000,0.000000
4.500000,13.000000,56.000000,4.100000,2.400000,64.000000,8.600000,0.000000,0.000000,0.000000,0.000000,0.000000,0.000000,0.000000,0.000000
48.000000,14.000000,312.000000,36.000000,56.000000,41.000000,13.000000,14.000000,16.000000,5.800000,2.000000,0.000000,0.000000,0.000000,0.000000
3.800000,22.000000,45.000000,12.000000,51.000000,12.000000,16.000000,2.800000,0.000000,0.000000,0.000000,0.000000,0.000000,0.000000,0.000000
10.000000,2.000000,9.300000,6.200000,39.000000,39.000000,3.400000,0.000000,0.000000,0.000000,0.000000,0.000000,0.000000,0.000000,0.000000
3.600000,11.000000,1.700000,4.100000,0.000000,0.000000,0.000000,0.000000,0.000000,0.000000,0.000000,0.000000,0.000000,0.000000,0.000000
10.000000,71.000000,45.000000,1.500000,64.000000,5.400000,26.000000,6.500000,0.000000,0.000000,0.000000,0.000000,0.000000,0.000000,0.000000
19.000000,2.400000,9.800000,51.000000,13.000000,22.000000,13.000000,11.000000,12.000000,35.000000,62.000000,40.000000,6.300000,0.000000,0.000000
3.300000,77.000000,8.400000,5.000000,6.600000,8.800000,10.000000,6.800000,57.000000,33.000000,0.000000,0.000000,0.000000,0.000000,0.000000
15.000000,7.950000,15.000000,2.150000,37.000000,32.000000,61.000000,118.000000,155.000000,32.000000,4.850000,6.100000,0.000000,0.000000,0.000000
13.000000,55.000000,4.400000,13.000000,45.000000,32.000000,48.000000,6.600000,21.000000,25.000000,0.000000,0.000000,0.000000,0.000000,0.000000
110.000000,85.000000,73.000000,11.000000,14.000000,8.200000,3.300000,0.000000,0.000000,0.000000,0.000000,0.000000,0.000000,0.000000,0.000000
6.200000,2.400000,4.100000,13.000000,5.800000,7.700000,0.000000,0.000000,0.000000,0.000000,0.000000,0.000000,0.000000,0.000000,0.000000
4.300000,37.000000,8.000000,10.000000,6.100000,9.100000,88.000000,50.000000,6.600000,16.000000,11.000000,17.000000,25.000000,0.000000,0.000000
110.000000,16.000000,4.800000,123.000000,40.000000,63.000000,4.000000,3.900000,5.100000,6.900000,0.000000,0.000000,0.000000,0.000000,0.000000
92.000000,31.000000,61.000000,7.000000,29.000000,2.500000,8.500000,3.000000,14.000000,0.000000,0.000000,0.000000,0.000000,0.000000,0.000000
12.000000,14.000000,1.900000,15.000000,58.000000,48.000000,4.500000,84.000000,32.000000,40.000000,59.000000,10.000000,106.000000,0.000000,0.000000
41.000000,56.000000,11.000000,20.000000,41.000000,12.000000,4.900000,47.000000,7.700000,0.000000,0.000000,0.000000,0.000000,0.000000,0.000000
8.900000,34.000000,8.400000,4.200000,14.000000,4.100000,18.000000,5.600000,0.000000,0.000000,0.000000,0.000000,0.000000,0.000000,0.000000
14.000000,4.900000,47.000000,5.400000,27.000000,10.000000,3.000000,0.000000,0.000000,0.000000,0.000000,0.000000,0.000000,0.000000,0.000000
9.000000,12.000000,4.700000,17.000000,36.000000,3.300000,20.000000,12.000000,126.000000,75.000000,0.000000,0.000000,0.000000,0.000000,0.000000
46.000000,10.000000,9.800000,3.500000,15.000000,14.000000,10.000000,5.100000,4.200000,0.000000,0.000000,0.000000,0.000000,0.000000,0.000000
8.600000,9.600000,30.000000,3.400000,6.600000,21.000000,12.000000,136.000000,0.000000,0.000000,0.000000,0.000000,0.000000,0.000000,0.000000
22.000000,7.400000,4.000000,2.900000,6.100000,3.900000,0.000000,0.000000,0.000000,0.000000,0.000000,0.000000,0.000000,0.000000,0.000000
3.800000,98.000000,9.200000,14.000000,19.000000,35.000000,2.300000,22.000000,7.400000,24.000000,0.000000,0.000000,0.000000,0.000000,0.000000
80.000000,181.000000,205.000000,34.000000,3.400000,21.000000,13.000000,7.000000,5.100000,16.000000,0.000000,0.000000,0.000000,0.000000,0.000000
98.000000,3.200000,9.300000,61.000000,90.000000,19.000000,9.100000,8.000000,104.000000,22.000000,101.000000,18.000000,0.000000,0.000000,0.000000
24.000000,12.000000,2.200000,43.000000,7.200000,55.000000,27.000000,10.000000,24.000000,20.000000,0.000000,0.000000,0.000000,0.000000,0.000000
3.000000,4.800000,2.200000,7.600000,43.000000,79.000000,67.000000,0.000000,0.000000,0.000000,0.000000,0.000000,0.000000,0.000000,0.000000
3.800000,50.000000,25.000000,40.000000,17.000000,3.100000,11.000000,5.600000,0.000000,0.000000,0.000000,0.000000,0.000000,0.000000,0.000000
68.000000,5.400000,6.800000,1.600000,12.000000,13.000000,81.000000,53.000000,0.000000,0.000000,0.000000,0.000000,0.000000,0.000000,0.000000
11.000000,19.000000,113.000000,9.100000,186.000000,6.400000,25.000000,10.000000,3.000000,3.700000,0.000000,0.000000,0.000000,0.000000,0.000000
18.000000,7.200000,154.000000,151.000000,79.000000,6.400000,17.000000,0.000000,0.000000,0.000000,0.000000,0.000000,0.000000,0.000000,0.000000
17.000000,13.000000,6.800000,29.000000,8.300000,4.400000,6.700000,17.000000,12.000000,9.700000,18.000000,46.000000,22.000000,81.000000,0.000000
119.000000,5.100000,44.000000,10.000000,5.100000,83.000000,6.000000,15.000000,3.600000,142.000000,8.300000,0.000000,0.000000,0.000000,0.000000
42.000000,22.000000,1.700000,11.000000,15.000000,65.000000,143.000000,113.000000,66.000000,54.000000,9.500000,85.000000,105.000000,0.000000,0.000000
66.000000,59.000000,184.000000,113.000000,48.000000,1.400000,13.000000,29.000000,54.000000,6.400000,0.000000,0.000000,0.000000,0.000000,0.000000
24.000000,40.000000,88.000000,19.000000,8.100000,70.000000,10.000000,10.000000,0.000000,0.000000,0.000000,0.000000,0.000000,0.000000,0.000000
11.000000,6.200000,10.000000,5.500000,6.500000,16.000000,16.000000,48.000000,10.000000,28.000000,19.000000,35.000000,7.900000,0.000000,0.000000
8.200000,33.000000,21.000000,9.000000,2.700000,5.000000,74.000000,3.400000,148.000000,0.000000,0.000000,0.000000,0.000000,0.000000,0.000000
75.000000,34.000000,25.000000,58.000000,21.000000,86.000000,11.000000,6.200000,3.000000,26.000000,3.700000,0.000000,0.000000,0.000000,0.000000
32.000000,128.000000,17.000000,2.300000,19.000000,14.000000,4.100000,101.000000,117.000000,7.300000,0.000000,0.000000,0.000000,0.000000,0.000000
1.600000,6.500000,4.000000,12.000000,99.000000,55.000000,88.000000,27.000000,0.000000,0.000000,0.000000,0.000000,0.000000,0.000000,0.000000
15.000000,86.000000,22.000000,58.000000,14.000000,7.200000,7.700000,8.200000,18.000000,83.000000,103.000000,10.000000,0.000000,0.000000,0.000000
1.600000,7.100000,5.000000,10.000000,13.000000,25.000000,0.000000,0.000000,0.000000,0.000000,0.000000,0.000000,0.000000,0.000000,0.000000
35.000000,17.000000,6.200000,2.400000,4.400000,0.000000,0.000000,0.000000,0.000000,0.000000,0.000000,0.000000,0.000000,0.000000,0.000000
17.000000,75.000000,9.900000,28.000000,3.900000,5.100000,88.000000,28.000000,110.000000,3.700000,69.000000,0.000000,0.000000,0.000000,0.000000
5.900000,4.000000,9.600000,9.100000,5.200000,6.900000,247.000000,24.000000,247.000000,30.000000,38.000000,13.000000,0.000000,0.000000,0.000000
3.800000,10.000000,20.000000,1.900000,6.200000,10.000000,0.000000,0.000000,0.000000,0.000000,0.000000,0.000000,0.000000,0.000000,0.000000
180.000000,20.000000,33.000000,5.500000,13.000000,39.000000,8.100000,6.400000,4.300000,81.000000,0.000000,0.000000,0.000000,0.000000,0.000000
77.000000,44.000000,11.000000,7.900000,43.000000,2.400000,162.000000,45.000000,9.400000,7.400000,36.000000,6.100000,0.000000,0.000000,0.000000
79.000000,18.000000,8.600000,8.100000,1.900000,27.000000,91.000000,0.000000,0.000000,0.000000,0.000000,0.000000,0.000000,0.000000,0.000000
9.400000,10.000000,9.400000,4.300000,2.400000,30.000000,26.000000,26.000000,80.000000,8.700000,0.000000,0.000000,0.000000,0.000000,0.000000
4.300000,39.000000,25.000000,22.000000,14.000000,3.500000,13.000000,0.000000,0.000000,0.000000,0.000000,0.000000,0.000000,0.000000,0.000000
3.800000,4.300000,39.000000,14.000000,12.000000,6.800000,14.000000,6.600000,6.400000,0.000000,0.000000,0.000000,0.000000,0.000000,0.000000
50.000000,16.000000,1.700000,26.000000,20.000000,4.900000,57.000000,4.200000,0.000000,0.000000,0.000000,0.000000,0.000000,0.000000,0.000000
12.000000,13.000000,11.000000,3.100000,49.000000,7.500000,4.400000,0.000000,0.000000,0.000000,0.000000,0.000000,0.000000,0.000000,0.000000
11.000000,30.000000,2.800000,9.000000,18.000000,43.000000,26.000000,21.000000,13.000000,39.000000,10.000000,16.000000,89.000000,19.000000,0.000000
74.000000,84.000000,5.700000,18.000000,12.000000,15.000000,10.000000,3.000000,6.800000,171.000000,5.400000,0.000000,0.000000,0.000000,0.000000
2.300000,3.200000,4.500000,7.200000,32.000000,15.000000,0.000000,0.000000,0.000000,0.000000,0.000000,0.000000,0.000000,0.000000,0.000000
144.000000,96.000000,19.000000,2.200000,10.000000,9.600000,0.000000,0.000000,0.000000,0.000000,0.000000,0.000000,0.000000,0.000000,0.000000
999.000000,29.000000,15.000000,44.000000,6.900000,32.000000,15.000000,58.000000,64.000000,5.800000,0.000000,0.000000,0.000000,0.000000,0.000000
77.000000,2.700000,42.000000,6.500000,11.000000,2.300000,0.000000,0.000000,0.000000,0.000000,0.000000,0.000000,0.000000,0.000000,0.000000
16.000000,8.200000,4.100000,18.000000,83.000000,8.200000,4.000000,8.400000,39.000000,9.900000,17.000000,34.000000,0.000000,0.000000,0.000000
17.000000,24.000000,42.000000,3.100000,2.500000,4.700000,13.000000,22.000000,0.000000,0.000000,0.000000,0.000000,0.000000,0.000000,0.000000
132.000000,25.000000,17.000000,1.500000,18.000000,8.600000,23.000000,126.000000,0.000000,0.000000,0.000000,0.000000,0.000000,0.000000,0.000000
41.000000,13.000000,45.000000,18.000000,10.000000,1.800000,5.600000,10.000000,9.100000,0.000000,0.000000,0.000000,0.000000,0.000000,0.000000
4.500000,13.000000,10.000000,5.500000,16.000000,20.000000,115.000000,12.000000,14.000000,0.000000,0.000000,0.000000,0.000000,0.000000,0.000000
27.000000,69.000000,4.200000,22.000000,54.000000,16.000000,0.000000,0.000000,0.000000,0.000000,0.000000,0.000000,0.000000,0.000000,0.000000
58.000000,38.000000,59.000000,5.100000,63.000000,99.000000,3.000000,6.900000,7.200000,15.000000,14.000000,61.000000,6.800000,0.000000,0.000000
36.000000,48.000000,32.000000,18.000000,5.800000,19.000000,6.200000,0.000000,0.000000,0.000000,0.000000,0.000000,0.000000,0.000000,0.000000
6.700000,51.000000,16.000000,107.000000,81.000000,5.500000,2.400000,0.000000,0.000000,0.000000,0.000000,0.000000,0.000000,0.000000,0.000000
12.000000,12.000000,10.000000,26.000000,18.000000,29.000000,2.100000,21.000000,8.000000,12.000000,48.000000,0.000000,0.000000,0.000000,0.000000
163.000000,43.000000,17.000000,2.500000,7.500000,14.000000,72.000000,9.700000,20.000000,0.000000,0.000000,0.000000,0.000000,0.000000,0.000000
9.100000,48.000000,4.000000,7.700000,6.700000,7.100000,26.000000,15.000000,13.000000,28.000000,13.000000,46.000000,32.000000,0.000000,0.000000
6.500000,18.000000,1.700000,6.500000,3.900000,0.000000,0.000000,0.000000,0.000000,0.000000,0.000000,0.000000,0.000000,0.000000,0.000000
208.000000,101.000000,2.900000,5.600000,80.000000,63.000000,120.000000,226.000000,11.000000,31.000000,9.900000,0.000000,0.000000,0.000000,0.000000
7.500000,14.000000,4.100000,3.700000,73.000000,18.000000,14.000000,6.500000,0.000000,0.000000,0.000000,0.000000,0.000000,0.000000,0.000000
6.900000,9.900000,3.600000,34.000000,6.300000,8.700000,8.700000,34.000000,0.000000,0.000000,0.000000,0.000000,0.000000,0.000000,0.000000
38.000000,45.000000,17.000000,27.000000,3.700000,23.000000,67.000000,15.000000,3.600000,47.000000,39.000000,92.000000,23.000000,36.000000,0.000000
29.000000,5.000000,27.000000,9.300000,33.000000,22.000000,4.700000,3.400000,5.300000,52.000000,36.000000,0.000000,0.000000,0.000000,0.000000
9.000000,28.000000,7.100000,17.000000,5.400000,108.000000,109.000000,2.000000,32.000000,37.000000,66.000000,138.000000,32.000000,16.000000,0.000000
25.000000,3.800000,22.000000,17.000000,7.400000,36.000000,23.000000,34.000000,2.300000,9.900000,0.000000,0.000000,0.000000,0.000000,0.000000
3.500000,15.000000,11.000000,4.000000,10.000000,3.000000,13.000000,0.000000,0.000000,0.000000,0.000000,0.000000,0.000000,0.000000,0.000000
19.000000,17.000000,51.000000,9.700000,3.700000,10.000000,38.000000,34.000000,4.000000,48.000000,34.000000,6.300000,0.000000,0.000000,0.000000
37.000000,57.000000,75.000000,6.900000,9.200000,4.700000,11.000000,1.800000,28.000000,0.000000,0.000000,0.000000,0.000000,0.000000,0.000000
5.000000,40.000000,49.000000,12.000000,26.000000,42.000000,10.000000,48.000000,8.200000,3.900000,6.100000,30.000000,0.000000,0.000000,0.000000
87.000000,53.000000,11.000000,5.700000,11.000000,97.000000,5.400000,48.000000,1.800000,0.000000,0.000000,0.000000,0.000000,0.000000,0.000000
55.000000,27.000000,33.000000,12.000000,7.600000,83.000000,15.000000,9.300000,7.100000,13.000000,0.000000,0.000000,0.000000,0.000000,0.000000
3.800000,7.200000,3.400000,19.000000,13.000000,26.000000,5.700000,85.000000,33.000000,11.000000,0.000000,0.000000,0.000000,0.000000,0.000000
36.000000,70.000000,11.000000,60.000000,18.000000,7.200000,61.000000,18.000000,1.500000,90.000000,0.000000,0.000000,0.000000,0.000000,0.000000
3.200000,80.000000,11.000000,80.000000,5.600000,7.600000,8.400000,0.000000,0.000000,0.000000,0.000000,0.000000,0.000000,0.000000,0.000000
21.000000,22.000000,14.000000,8.200000,33.000000,53.000000,5.500000,2.300000,137.000000,14.000000,7.600000,66.000000,115.000000,179.000000,0.000000
3.900000,10.000000,5.100000,9.000000,2.500000,14.000000,21.000000,49.000000,0.000000,0.000000,0.000000,0.000000,0.000000,0.000000,0.000000
42.000000,59.000000,3.100000,34.000000,23.000000,136.000000,12.000000,7.100000,36.000000,152.000000,17.000000,16.000000,13.000000,4.700000,0.000000
4.300000,13.000000,8.600000,22.000000,4.800000,4.500000,0.000000,0.000000,0.000000,0.000000,0.000000,0.000000,0.000000,0.000000,0.000000
22.000000,7.300000,6.000000,11.000000,7.700000,1.700000,17.000000,0.000000,0.000000,0.000000,0.000000,0.000000,0.000000,0.000000,0.000000
26.000000,2.200000,11.000000,6.000000,10.000000,12.000000,21.000000,35.000000,13.000000,87.000000,131.000000,0.000000,0.000000,0.000000,0.000000
156.000000,25.000000,45.000000,2.500000,10.000000,73.000000,59.000000,16.000000,189.000000,50.000000,6.300000,13.000000,0.000000,0.000000,0.000000
172.000000,180.000000,76.000000,143.000000,11.000000,8.700000,13.000000,11.000000,2.000000,143.000000,3.400000,0.000000,0.000000,0.000000,0.000000
8.600000,17.000000,2.900000,5.300000,112.000000,97.000000,0.000000,0.000000,0.000000,0.000000,0.000000,0.000000,0.000000,0.000000,0.000000
2.800000,14.000000,2.600000,9.500000,49.000000,43.000000,20.000000,5.300000,0.000000,0.000000,0.000000,0.000000,0.000000,0.000000,0.000000
2.000000,7.400000,2.400000,47.000000,21.000000,12.000000,0.000000,0.000000,0.000000,0.000000,0.000000,0.000000,0.000000,0.000000,0.000000
39.000000,40.000000,18.000000,37.000000,4.400000,8.900000,9.300000,2.800000,135.000000,0.000000,0.000000,0.000000,0.000000,0.000000,0.000000
2.700000,88.000000,75.000000,23.000000,10.000000,115.000000,84.000000,7.300000,12.000000,2.800000,89.000000,75.000000,0.000000,0.000000,0.000000
3.400000,46.000000,65.000000,7.800000,8.800000,21.000000,10.000000,0.000000,0.000000,0.000000,0.000000,0.000000,0.000000,0.000000,0.000000
7.300000,6.800000,30.000000,24.000000,13.000000,36.000000,12.000000,6.700000,4.800000,0.000000,0.000000,0.000000,0.000000,0.000000,0.000000
7.000000,7.800000,3.200000,4.900000,21.000000,7.700000,13.000000,0.000000,0.000000,0.000000,0.000000,0.000000,0.000000,0.000000,0.000000
6.800000,4.300000,5.800000,7.000000,46.000000,4.900000,0.000000,0.000000,0.000000,0.000000,0.000000,0.000000,0.000000,0.000000,0.000000
180.000000,17.000000,10.000000,5.600000,14.000000,6.300000,14.000000,8.800000,13.000000,0.000000,0.000000,0.000000,0.000000,0.000000,0.000000
14.000000,48.000000,2.400000,14.000000,11.000000,38.000000,9.000000,47.000000,2.700000,0.000000,0.000000,0.000000,0.000000,0.000000,0.000000
5.600000,65.000000,49.000000,8.300000,98.000000,8.400000,1.900000,0.000000,0.000000,0.000000,0.000000,0.000000,0.000000,0.000000,0.000000
14.000000,4.200000,16.000000,31.000000,98.000000,5.500000,31.000000,35.000000,2.700000,0.000000,0.000000,0.000000,0.000000,0.000000,0.000000
69.000000,136.000000,9.300000,90.000000,114.000000,113.000000,5.300000,83.000000,15.000000,7.000000,2.800000,0.000000,0.000000,0.000000,0.000000
41.000000,99.000000,17.000000,69.000000,6.500000,16.000000,1.700000,38.000000,0.000000,0.000000,0.000000,0.000000,0.000000,0.000000,0.000000
82.000000,56.000000,8.900000,9.200000,45.000000,7.000000,6.600000,3.400000,0.000000,0.000000,0.000000,0.000000,0.000000,0.000000,0.000000
6.300000,50.000000,61.000000,2.300000,13.000000,17.000000,7.700000,8.900000,12.000000,10.000000,0.000000,0.000000,0.000000,0.000000,0.000000
5.200000,8.200000,87.000000,6.900000,20.000000,23.000000,16.000000,18.000000,76.000000,0.000000,0.000000,0.000000,0.000000,0.000000,0.000000
13.000000,9.700000,31.000000,117.000000,27.000000,24.000000,20.000000,9.700000,8.600000,10.000000,0.000000,0.000000,0.000000,0.000000,0.000000
122.000000,43.000000,66.000000,125.000000,1.500000,14.000000,7.000000,0.000000,0.000000,0.000000,0.000000,0.000000,0.000000,0.000000,0.000000
14.000000,5.300000,2.400000,19.000000,26.000000,24.000000,0.000000,0.000000,0.000000,0.000000,0.000000,0.000000,0.000000,0.000000,0.000000
57.000000,123.000000,2.400000,109.000000,130.000000,13.000000,165.000000,44.000000,14.000000,13.000000,7.700000,0.000000,0.000000,0.000000,0.000000
4.700000,21.000000,6.100000,7.200000,8.800000,10.000000,14.000000,29.000000,7.200000,6.200000,55.000000,0.000000,0.000000,0.000000,0.000000
3.500000,5.900000,5.800000,41.000000,23.000000,9.100000,14.000000,7.300000,43.000000,7.200000,0.000000,0.000000,0.000000,0.000000,0.000000
56.000000,39.000000,11.000000,3.200000,34.000000,7.800000,133.000000,124.000000,5.100000,6.100000,0.000000,0.000000,0.000000,0.000000,0.000000
79.000000,6.100000,11.000000,5.300000,3.600000,28.000000,29.000000,49.000000,30.000000,36.000000,30.000000,0.000000,0.000000,0.000000,0.000000
18.000000,5.700000,3.300000,4.800000,20.000000,31.000000,17.000000,0.000000,0.000000,0.000000,0.000000,0.000000,0.000000,0.000000,0.000000
35.000000,114.000000,16.000000,1.400000,45.000000,122.000000,16.000000,15.000000,18.000000,51.000000,9.600000,20.000000,0.000000,0.000000,0.000000
4.600000,12.000000,6.300000,3.400000,12.000000,16.000000,11.000000,41.000000,61.000000,73.000000,9.300000,0.000000,0.000000,0.000000,0.000000
5.200000,4.700000,8.000000,8.000000,13.000000,7.200000,68.000000,3.400000,0.000000,0.000000,0.000000,0.000000,0.000000,0.000000,0.000000
15.000000,15.000000,7.100000,10.000000,8.000000,37.000000,10.000000,13.000000,44.000000,0.000000,0.000000,0.000000,0.000000,0.000000,0.000000
2.200000,3.800000,11.000000,57.000000,3.400000,17.000000,0.000000,0.000000,0.000000,0.000000,0.000000,0.000000,0.000000,0.000000,0.000000
3.500000,28.000000,14.000000,3.200000,27.000000,4.400000,4.500000,0.000000,0.000000,0.000000,0.000000,0.000000,0.000000,0.000000,0.000000
36.000000,3.600000,18.000000,12.000000,34.000000,11.000000,27.000000,62.000000,5.100000,5.300000,6.300000,39.000000,0.000000,0.000000,0.000000
3.100000,5.300000,16.000000,6.100000,12.000000,84.000000,37.000000,4.000000,71.000000,24.000000,80.000000,0.000000,0.000000,0.000000,0.000000
4.900000,66.000000,6.000000,4.600000,4.500000,24.000000,82.000000,22.000000,14.000000,64.000000,88.000000,71.000000,16.000000,12.000000,0.000000
6.100000,2.700000,3.900000,77.000000,4.000000,10.000000,22.000000,0.000000,0.000000,0.000000,0.000000,0.000000,0.000000,0.000000,0.000000
103.000000,21.000000,8.100000,31.000000,14.000000,4.600000,98.000000,23.000000,6.000000,67.000000,15.000000,0.000000,0.000000,0.000000,0.000000
3.000000,98.000000,3.700000,32.000000,23.000000,17.000000,13.000000,19.000000,9.300000,5.400000,0.000000,0.000000,0.000000,0.000000,0.000000
2.200000,7.900000,102.000000,22.000000,12.000000,62.000000,2.700000,11.000000,0.000000,0.000000,0.000000,0.000000,0.000000,0.000000,0.000000
158.000000,1.600000,107.000000,127.000000,12.000000,18.000000,23.000000,5.100000,9.600000,63.000000,0.000000,0.000000,0.000000,0.000000,0.000000
4.900000,5.900000,10.000000,4.400000,7.500000,4.500000,7.100000,0.000000,0.000000,0.000000,0.000000,0.000000,0.000000,0.000000,0.000000
15.000000,7.700000,0.000000,0.000000,0.000000,0.000000,0.000000,0.000000,0.000000,0.000000,0.000000,0.000000,0.000000,0.000000,0.000000
10.000000,96.000000,11.000000,4.200000,30.000000,7.400000,16.000000,2.100000,0.000000,0.000000,0.000000,0.000000,0.000000,0.000000,0.000000
2.200000,8.100000,5.200000,19.000000,49.000000,12.000000,57.000000,22.000000,22.000000,27.000000,8.300000,0.000000,0.000000,0.000000,0.000000
3.600000,74.000000,23.000000,7.400000,5.700000,1.900000,38.000000,0.000000,0.000000,0.000000,0.000000,0.000000,0.000000,0.000000,0.000000
9.800000,56.000000,66.000000,17.000000,3.200000,0.000000,0.000000,0.000000,0.000000,0.000000,0.000000,0.000000,0.000000,0.000000,0.000000
20.000000,27.000000,115.000000,8.000000,8.300000,92.000000,18.000000,172.000000,4.500000,70.000000,2.100000,0.000000,0.000000,0.000000,0.000000
8.300000,11.000000,26.000000,4.000000,13.000000,7.900000,7.000000,47.000000,5.900000,42.000000,7.400000,0.000000,0.000000,0.000000,0.000000
2.000000,55.000000,6.400000,10.000000,15.000000,58.000000,3.300000,19.000000,0.000000,0.000000,0.000000,0.000000,0.000000,0.000000,0.000000
39.000000,27.000000,11.000000,19.000000,8.500000,80.000000,45.000000,3.100000,5.600000,190.000000,3.300000,31.000000,0.000000,0.000000,0.000000
74.000000,97.000000,65.000000,29.000000,27.000000,91.000000,13.000000,2.200000,10.000000,23.000000,0.000000,0.000000,0.000000,0.000000,0.000000
11.000000,23.000000,3.200000,39.000000,8.200000,30.000000,53.000000,84.000000,127.000000,15.000000,12.000000,33.000000,32.000000,4.300000,0.000000
4.200000,5.700000,10.000000,30.000000,10.000000,23.000000,12.000000,22.000000,5.400000,6.400000,53.000000,0.000000,0.000000,0.000000,0.000000
9.500000,17.000000,5.300000,41.000000,9.100000,58.000000,6.200000,51.000000,8.900000,0.000000,0.000000,0.000000,0.000000,0.000000,0.000000
124.000000,1.500000,139.000000,9.000000,22.000000,9.500000,148.000000,12.000000,169.000000,66.000000,0.000000,0.000000,0.000000,0.000000,0.000000
30.000000,10.000000,23.000000,20.000000,186.000000,123.000000,15.000000,14.000000,37.000000,1.600000,0.000000,0.000000,0.000000,0.000000,0.000000
19.000000,11.000000,4.700000,31.000000,74.000000,10.000000,2.900000,14.000000,67.000000,26.000000,10.000000,99.000000,0.000000,0.000000,0.000000
24.000000,45.000000,30.000000,16.000000,28.000000,20.000000,367.000000,3.000000,11.000000,5.200000,18.000000,36.000000,183.000000,4.700000,0.000000
3.200000,5.300000,7.600000,64.000000,15.000000,3.300000,12.000000,0.000000,0.000000,0.000000,0.000000,0.000000,0.000000,0.000000,0.000000
20.000000,45.000000,1.700000,59.000000,7.000000,9.200000,86.000000,14.000000,67.000000,15.000000,10.000000,47.000000,0.000000,0.000000,0.000000
5.800000,3.700000,5.200000,9.000000,4.200000,5.700000,31.000000,0.000000,0.000000,0.000000,0.000000,0.000000,0.000000,0.000000,0.000000
5.100000,4.300000,5.100000,42.000000,37.000000,3.500000,8.900000,8.900000,0.000000,0.000000,0.000000,0.000000,0.000000,0.000000,0.000000
90.000000,44.000000,50.000000,6.600000,16.000000,113.000000,24.000000,7.000000,0.000000,0.000000,0.000000,0.000000,0.000000,0.000000,0.000000
7.700000,20.000000,16.000000,3.500000,30.000000,6.600000,0.000000,0.000000,0.000000,0.000000,0.000000,0.000000,0.000000,0.000000,0.000000
159.000000,14.000000,6.500000,77.000000,14.000000,4.200000,46.000000,53.000000,218.000000,26.000000,4.900000,6.800000,4.800000,0.000000,0.000000
2.000000,8.200000,12.000000,47.000000,17.000000,12.000000,11.000000,8.500000,8.700000,0.000000,0.000000,0.000000,0.000000,0.000000,0.000000
2.000000,15.000000,28.000000,14.000000,18.000000,0.000000,0.000000,0.000000,0.000000,0.000000,0.000000,0.000000,0.000000,0.000000,0.000000
28.000000,9.900000,56.000000,8.600000,30.000000,17.000000,4.000000,24.000000,6.900000,5.600000,0.000000,0.000000,0.000000,0.000000,0.000000
14.000000,19.000000,4.600000,4.900000,9.100000,5.200000,7.000000,17.000000,50.000000,32.000000,18.000000,37.000000,0.000000,0.000000,0.000000
40.000000,7.600000,70.000000,15.000000,23.000000,96.000000,10.000000,17.000000,13.000000,19.000000,0.000000,0.000000,0.000000,0.000000,0.000000
163.000000,12.000000,10.000000,24.000000,9.100000,4.800000,105.000000,42.000000,3.500000,17.000000,0.000000,0.000000,0.000000,0.000000,0.000000
3.500000,4.000000,5.400000,4.900000,30.000000,6.900000,11.000000,0.000000,0.000000,0.000000,0.000000,0.000000,0.000000,0.000000,0.000000
5.200000,2.400000,2.400000,22.000000,0.000000,0.000000,0.000000,0.000000,0.000000,0.000000,0.000000,0.000000,0.000000,0.000000,0.000000
147.000000,21.000000,49.000000,36.000000,12.000000,6.800000,26.000000,12.000000,3.000000,14.000000,36.000000,9.200000,7.500000,0.000000,0.000000
5.800000,3.100000,29.000000,4.900000,55.000000,95.000000,19.000000,16.000000,39.000000,86.000000,8.700000,13.000000,15.000000,46.000000,0.000000
12.000000,4.500000,37.000000,18.000000,13.000000,9.900000,5.200000,6.400000,20.000000,11.000000,8.900000,17.000000,0.000000,0.000000,0.000000
32.000000,41.000000,2.100000,9.600000,30.000000,105.000000,21.000000,37.000000,20.000000,5.200000,19.000000,8.400000,63.000000,0.000000,0.000000
37.000000,12.000000,3.800000,17.000000,167.000000,19.000000,7.100000,13.000000,73.000000,31.000000,0.000000,0.000000,0.000000,0.000000,0.000000
29.000000,6.700000,10.000000,46.000000,1.700000,36.000000,9.200000,43.000000,36.000000,0.000000,0.000000,0.000000,0.000000,0.000000,0.000000
11.000000,10.000000,5.900000,8.700000,20.000000,13.000000,49.000000,113.000000,92.000000,86.000000,2.000000,25.000000,89.000000,0.000000,0.000000
67.000000,54.000000,6.700000,8.200000,25.000000,3.400000,176.000000,13.000000,3.900000,7.400000,93.000000,0.000000,0.000000,0.000000,0.000000
16.000000,31.000000,31.000000,11.000000,10.000000,1.800000,14.000000,97.000000,0.000000,0.000000,0.000000,0.000000,0.000000,0.000000,0.000000
7.900000,3.800000,17.000000,3.100000,12.000000,11.000000,30.000000,5.700000,19.000000,0.000000,0.000000,0.000000,0.000000,0.000000,0.000000
19.000000,20.000000,44.000000,10.000000,40.000000,135.000000,50.000000,6.900000,93.000000,32.000000,4.100000,2.800000,0.000000,0.000000,0.000000
12.000000,104.000000,15.000000,4.600000,28.000000,133.000000,13.000000,51.000000,4.600000,15.000000,3.800000,0.000000,0.000000,0.000000,0.000000
20.000000,63.000000,26.000000,2.100000,5.400000,3.800000,6.100000,0.000000,0.000000,0.000000,0.000000,0.000000,0.000000,0.000000,0.000000
152.000000,29.000000,2.300000,12.000000,10.000000,21.000000,23.000000,10.000000,9.700000,9.100000,0.000000,0.000000,0.000000,0.000000,0.000000
44.000000,6.100000,11.000000,15.000000,24.000000,3.700000,30.000000,8.500000,6.800000,0.000000,0.000000,0.000000,0.000000,0.000000,0.000000
1.600000,10.000000,14.000000,46.000000,8.400000,22.000000,8.300000,26.000000,26.000000,0.000000,0.000000,0.000000,0.000000,0.000000,0.000000
108.000000,115.000000,125.000000,113.000000,4.100000,14.000000,8.300000,1.900000,0.000000,0.000000,0.000000,0.000000,0.000000,0.000000,0.000000
28.000000,82.000000,50.000000,6.000000,0.000000,0.000000,0.000000,0.000000,0.000000,0.000000,0.000000,0.000000,0.000000,0.000000,0.000000
3.700000,3.900000,27.000000,18.000000,21.000000,84.000000,30.000000,6.500000,0.000000,0.000000,0.000000,0.000000,0.000000,0.000000,0.000000
6.100000,58.000000,10.000000,16.000000,14.000000,4.000000,10.000000,23.000000,0.000000,0.000000,0.000000,0.000000,0.000000,0.000000,0.000000
27.000000,38.000000,64.000000,41.000000,1.400000,149.000000,163.000000,200.000000,38.000000,20.000000,0.000000,0.000000,0.000000,0.000000,0.000000
7.800000,118.000000,4.000000,9.700000,78.000000,11.000000,92.000000,66.000000,4.100000,5.400000,0.000000,0.000000,0.000000,0.000000,0.000000
22.000000,101.000000,3.100000,12.000000,32.000000,4.900000,38.000000,25.000000,57.000000,0.000000,0.000000,0.000000,0.000000,0.000000,0.000000
48.000000,18.000000,39.000000,5.700000,1.800000,6.600000,42.000000,5.200000,0.000000,0.000000,0.000000,0.000000,0.000000,0.000000,0.000000
8.300000,6.200000,30.000000,8.600000,14.000000,5.700000,7.400000,26.000000,75.000000,7.100000,16.000000,8.000000,0.000000,0.000000,0.000000
14.000000,5.700000,56.000000,13.000000,2.900000,3.900000,4.600000,0.000000,0.000000,0.000000,0.000000,0.000000,0.000000,0.000000,0.000000
173.000000,3.800000,23.000000,5.100000,5.900000,0.000000,0.000000,0.000000,0.000000,0.000000,0.000000,0.000000,0.000000,0.000000,0.000000
36.000000,60.000000,60.000000,3.500000,66.000000,3.800000,330.000000,13.000000,5.400000,5.700000,0.000000,0.000000,0.000000,0.000000,0.000000
4.300000,18.000000,4.600000,12.000000,26.000000,35.000000,79.000000,2.500000,21.000000,0.000000,0.000000,0.000000,0.000000,0.000000,0.000000
7.100000,25.000000,8.200000,31.000000,9.300000,88.000000,2.800000,14.000000,49.000000,62.000000,178.000000,33.000000,0.000000,0.000000,0.000000
97.000000,9.600000,3.700000,51.000000,6.900000,22.000000,55.000000,20.000000,4.000000,64.000000,31.000000,20.000000,7.800000,0.000000,0.000000
218.000000,2.500000,45.000000,19.000000,60.000000,5.900000,122.000000,65.000000,67.000000,21.000000,9.000000,50.000000,28.000000,0.000000,0.000000
8.600000,3.300000,4.800000,2.000000,15.000000,0.000000,0.000000,0.000000,0.000000,0.000000,0.000000,0.000000,0.000000,0.000000,0.000000
49.000000,34.000000,2.100000,3.400000,20.000000,10.000000,26.000000,0.000000,0.000000,0.000000,0.000000,0.000000,0.000000,0.000000,0.000000
6.700000,46.000000,6.500000,3.500000,15.000000,122.000000,5.700000,15.000000,27.000000,15.000000,80.000000,117.000000,7.000000,0.000000,0.000000
37.000000,14.000000,26.000000,6.300000,7.000000,51.000000,9.100000,10.000000,3.200000,0.000000,0.000000,0.000000,0.000000,0.000000,0.000000
3.300000,6.000000,4.600000,12.000000,4.800000,20.000000,10.000000,39.000000,32.000000,0.000000,0.000000,0.000000,0.000000,0.000000,0.000000
12.000000,78.000000,17.000000,10.000000,13.000000,12.000000,33.000000,4.200000,93.000000,5.900000,46.000000,22.000000,0.000000,0.000000,0.000000
54.000000,41.000000,27.000000,44.000000,10.000000,1.700000,175.000000,7.100000,60.000000,17.000000,175.000000,0.000000,0.000000,0.000000,0.000000
59.000000,86.000000,29.000000,13.000000,17.000000,75.000000,36.000000,8.500000,10.000000,21.000000,0.000000,0.000000,0.000000,0.000000,0.000000
3.600000,23.000000,6.800000,1.600000,28.000000,39.000000,19.000000,0.000000,0.000000,0.000000,0.000000,0.000000,0.000000,0.000000,0.000000
15.000000,2.600000,35.000000,5.900000,41.000000,5.000000,9.000000,4.700000,0.000000,0.000000,0.000000,0.000000,0.000000,0.000000,0.000000
13.000000,3.800000,56.000000,5.000000,8.600000,29.000000,49.000000,54.000000,72.000000,2.700000,71.000000,18.000000,0.000000,0.000000,0.000000
86.000000,1.900000,6.200000,39.000000,30.000000,6.900000,6.000000,9.100000,60.000000,0.000000,0.000000,0.000000,0.000000,0.000000,0.000000
3.400000,15.000000,3.600000,14.000000,16.000000,13.000000,17.000000,75.000000,35.000000,20.000000,102.000000,22.000000,0.000000,0.000000,0.000000
7.100000,28.000000,1.900000,3.000000,0.000000,0.000000,0.000000,0.000000,0.000000,0.000000,0.000000,0.000000,0.000000,0.000000,0.000000
6.000000,36.000000,27.000000,105.000000,4.600000,89.000000,8.600000,10.000000,14.000000,9.000000,0.000000,0.000000,0.000000,0.000000,0.000000
99.000000,19.000000,49.000000,3.300000,33.000000,49.000000,33.000000,13.000000,3.700000,6.400000,0.000000,0.000000,0.000000,0.000000,0.000000
1.900000,3.400000,17.000000,8.300000,6.500000,21.000000,0.000000,0.000000,0.000000,0.000000,0.000000,0.000000,0.000000,0.000000,0.000000
10.000000,7.100000,11.000000,11.000000,6.100000,3.200000,5.300000,100.000000,107.000000,120.000000,32.000000,45.000000,0.000000,0.000000,0.000000
1.600000,5.500000,9.600000,7.300000,21.000000,62.000000,13.000000,0.000000,0.000000,0.000000,0.000000,0.000000,0.000000,0.000000,0.000000
19.000000,46.000000,3.900000,21.000000,4.800000,8.000000,25.000000,0.000000,0.000000,0.000000,0.000000,0.000000,0.000000,0.000000,0.000000
9.700000,5.500000,5.500000,9.500000,5.100000,55.000000,0.000000,0.000000,0.000000,0.000000,0.000000,0.000000,0.000000,0.000000,0.000000
31.000000,1.900000,9.700000,5.900000,16.000000,36.000000,44.000000,176.000000,7.800000,185.000000,0.000000,0.000000,0.000000,0.000000,0.000000
1.900000,29.000000,29.000000,5.500000,102.000000,19.000000,9.200000,47.000000,18.000000,0.000000,0.000000,0.000000,0.000000,0.000000,0.000000
40.000000,4.700000,2.000000,18.000000,52.000000,4.400000,6.900000,0.000000,0.000000,0.000000,0.000000,0.000000,0.000000,0.000000,0.000000
148.000000,147.000000,38.000000,9.800000,129.000000,8.100000,28.000000,37.000000,19.000000,9.300000,3.800000,21.000000,48.000000,8.200000,0.000000
4.300000,3.400000,4.000000,32.000000,14.000000,3.600000,62.000000,66.000000,0.000000,0.000000,0.000000,0.000000,0.000000,0.000000,0.000000
7.900000,54.000000,8.800000,19.000000,6.400000,21.000000,15.000000,21.000000,10.000000,3.300000,0.000000,0.000000,0.000000,0.000000,0.000000
10.000000,26.000000,26.000000,12.000000,3.200000,65.000000,33.000000,6.100000,45.000000,159.000000,11.000000,0.000000,0.000000,0.000000,0.000000
3.700000,11.000000,12.000000,16.000000,26.000000,7.600000,40.000000,29.000000,8.900000,10.000000,3.900000,0.000000,0.000000,0.000000,0.000000
8.200000,3.400000,5.900000,19.000000,39.000000,5.600000,13.000000,0.000000,0.000000,0.000000,0.000000,0.000000,0.000000,0.000000,0.000000
71.000000,29.000000,42.000000,79.000000,58.000000,1.700000,111.000000,3.300000,42.000000,12.000000,19.000000,0.000000,0.000000,0.000000,0.000000
3.300000,8.200000,52.000000,4.900000,13.000000,6.300000,7.700000,42.000000,27.000000,9.300000,60.000000,0.000000,0.000000,0.000000,0.000000
111.000000,15.000000,84.000000,5.100000,46.000000,3.300000,26.000000,66.000000,22.000000,4.900000,67.000000,7.900000,0.000000,0.000000,0.000000
1.800000,17.000000,37.000000,3.500000,29.000000,7.200000,12.000000,67.000000,0.000000,0.000000,0.000000,0.000000,0.000000,0.000000,0.000000
46.000000,10.000000,59.000000,2.900000,48.000000,20.000000,1.500000,0.000000,0.000000,0.000000,0.000000,0.000000,0.000000,0.000000,0.000000
53.000000,115.000000,85.000000,21.000000,3.400000,75.000000,23.000000,12.000000,13.000000,6.800000,6.500000,14.000000,0.000000,0.000000,0.000000
9.200000,6.050000,23.000000,162.000000,64.000000,15.000000,203.000000,2.500000,206.000000,31.000000,6.700000,66.000000,6.400000,22.000000,0.000000
7.800000,17.000000,40.000000,42.000000,59.000000,5.300000,6.400000,2.500000,11.000000,10.000000,83.000000,0.000000,0.000000,0.000000,0.000000
25.000000,217.000000,125.000000,48.000000,11.000000,7.800000,4.400000,32.000000,37.000000,17.000000,3.100000,6.500000,220.000000,0.000000,0.000000
293.000000,146.000000,5.000000,48.000000,146.000000,73.000000,73.000000,73.000000,7.000000,8.000000,26.000000,13.000000,3.300000,0.000000,0.000000
9.700000,1.500000,8.400000,53.000000,62.000000,4.400000,0.000000,0.000000,0.000000,0.000000,0.000000,0.000000,0.000000,0.000000,0.000000
2.600000,6.700000,48.000000,8.100000,15.000000,4.300000,68.000000,19.000000,6.800000,0.000000,0.000000,0.000000,0.000000,0.000000,0.000000
6.500000,11.000000,15.000000,17.000000,9.800000,4.300000,9.500000,22.000000,21.000000,4.000000,22.000000,0.000000,0.000000,0.000000,0.000000
124.000000,22.000000,14.000000,1.500000,6.200000,18.000000,0.000000,0.000000,0.000000,0.000000,0.000000,0.000000,0.000000,0.000000,0.000000
4.900000,2.300000,27.000000,16.000000,25.000000,17.000000,6.500000,81.000000,0.000000,0.000000,0.000000,0.000000,0.000000,0.000000,0.000000
7.900000,9.900000,2.200000,10.000000,79.000000,6.300000,13.000000,0.000000,0.000000,0.000000,0.000000,0.000000,0.000000,0.000000,0.000000
9.000000,33.000000,10.000000,55.000000,4.700000,5.700000,2.300000,8.000000,0.000000,0.000000,0.000000,0.000000,0.000000,0.000000,0.000000
19.000000,2.500000,2.100000,66.000000,45.000000,12.000000,27.000000,0.000000,0.000000,0.000000,0.000000,0.000000,0.000000,0.000000,0.000000
22.000000,10.000000,3.300000,6.700000,8.200000,26.000000,41.000000,17.000000,2.800000,0.000000,0.000000,0.000000,0.000000,0.000000,0.000000
71.000000,14.000000,2.500000,16.000000,10.000000,9.100000,126.000000,24.000000,171.000000,76.000000,0.000000,0.000000,0.000000,0.000000,0.000000
14.000000,14.000000,9.300000,6.000000,9.000000,9.300000,10.000000,16.000000,63.000000,3.700000,40.000000,11.000000,0.000000,0.000000,0.000000
2.500000,4.600000,3.700000,12.000000,7.500000,11.000000,0.000000,0.000000,0.000000,0.000000,0.000000,0.000000,0.000000,0.000000,0.000000
20.000000,5.100000,7.200000,10.000000,24.000000,6.500000,3.800000,26.000000,33.000000,5.400000,0.000000,0.000000,0.000000,0.000000,0.000000
5.700000,220.000000,8.400000,116.000000,76.000000,84.000000,3.600000,22.000000,101.000000,53.000000,45.000000,0.000000,0.000000,0.000000,0.000000
49.000000,31.000000,13.000000,52.000000,37.000000,1.300000,8.200000,11.000000,25.000000,0.000000,0.000000,0.000000,0.000000,0.000000,0.000000
109.000000,51.000000,5.900000,11.000000,2.900000,3.200000,13.000000,112.000000,75.000000,27.000000,0.000000,0.000000,0.000000,0.000000,0.000000
50.000000,2.000000,3.300000,59.000000,38.000000,22.000000,10.000000,10.000000,0.000000,0.000000,0.000000,0.000000,0.000000,0.000000,0.000000
68.000000,34.000000,80.000000,6.200000,11.000000,3.700000,34.000000,2.000000,25.000000,47.000000,0.000000,0.000000,0.000000,0.000000,0.000000
46.000000,31.000000,8.100000,4.700000,29.000000,2.800000,2.500000,0.000000,0.000000,0.000000,0.000000,0.000000,0.000000,0.000000,0.000000
6.500000,12.000000,14.000000,5.700000,28.000000,5.600000,8.900000,53.000000,0.000000,0.000000,0.000000,0.000000,0.000000,0.000000,0.000000
45.000000,2.900000,20.000000,10.000000,9.100000,11.000000,7.600000,10.000000,0.000000,0.000000,0.000000,0.000000,0.000000,0.000000,0.000000
8.500000,6.400000,30.000000,1.700000,4.100000,21.000000,0.000000,0.000000,0.000000,0.000000,0.000000,0.000000,0.000000,0.000000,0.000000
13.000000,90.000000,1.900000,59.000000,13.000000,36.000000,12.000000,0.000000,0.000000,0.000000,0.000000,0.000000,0.000000,0.000000,0.000000
49.000000,3.800000,7.100000,180.000000,7.100000,35.000000,3.700000,144.000000,86.000000,42.000000,19.000000,202.000000,175.000000,23.000000,0.000000
4.400000,17.000000,31.000000,9.100000,5.900000,17.000000,4.600000,104.000000,8.300000,0.000000,0.000000,0.000000,0.000000,0.000000,0.000000
2.700000,9.100000,3.900000,3.800000,5.700000,50.000000,0.000000,0.000000,0.000000,0.000000,0.000000,0.000000,0.000000,0.000000,0.000000
4.600000,3.900000,10.000000,2.800000,13.000000,0.000000,0.000000,0.000000,0.000000,0.000000,0.000000,0.000000,0.000000,0.000000,0.000000
30.000000,6.000000,22.000000,2.700000,17.000000,72.000000,44.000000,4.500000,26.000000,4.700000,0.000000,0.000000,0.000000,0.000000,0.000000
25.000000,72.000000,42.000000,14.000000,21.000000,13.000000,45.000000,11.000000,121.000000,3.900000,0.000000,0.000000,0.000000,0.000000,0.000000
6.800000,12.000000,60.000000,1.700000,80.000000,57.000000,14.000000,74.000000,0.000000,0.000000,0.000000,0.000000,0.000000,0.000000,0.000000
4.400000,7.500000,4.900000,8.100000,3.500000,4.700000,0.000000,0.000000,0.000000,0.000000,0.000000,0.000000,0.000000,0.000000,0.000000
83.000000,11.000000,26.000000,56.000000,1.200000,7.900000,38.000000,30.000000,86.000000,0.000000,0.000000,0.000000,0.000000,0.000000,0.000000
88.000000,82.000000,9.000000,29.000000,48.000000,4.300000,2.200000,0.000000,0.000000,0.000000,0.000000,0.000000,0.000000,0.000000,0.000000
17.000000,8.300000,2.300000,6.400000,4.800000,39.000000,12.000000,31.000000,21.000000,0.000000,0.000000,0.000000,0.000000,0.000000,0.000000
9.800000,14.000000,8.900000,8.300000,5.800000,10.000000,15.000000,0.000000,0.000000,0.000000,0.000000,0.000000,0.000000,0.000000,0.000000
5.700000,3.100000,4.000000,4.800000,8.300000,10.000000,49.000000,0.000000,0.000000,0.000000,0.000000,0.000000,0.000000,0.000000,0.000000
5.300000,41.000000,15.000000,4.400000,26.000000,17.000000,16.000000,29.000000,4.600000,23.000000,22.000000,12.000000,59.000000,11.000000,0.000000
6.800000,13.000000,76.000000,44.000000,25.000000,20.000000,17.000000,54.000000,0.000000,0.000000,0.000000,0.000000,0.000000,0.000000,0.000000
4.200000,6.500000,3.800000,14.000000,14.000000,29.000000,4.500000,0.000000,0.000000,0.000000,0.000000,0.000000,0.000000,0.000000,0.000000
39.000000,11.000000,24.000000,12.000000,9.900000,10.000000,6.200000,11.000000,4.500000,3.400000,0.000000,0.000000,0.000000,0.000000,0.000000
4.000000,60.000000,5.000000,25.000000,4.800000,20.000000,9.300000,9.000000,4.800000,0.000000,0.000000,0.000000,0.000000,0.000000,0.000000
5.500000,8.000000,2.500000,34.000000,28.000000,84.000000,10.000000,80.000000,10.000000,36.000000,54.000000,0.000000,0.000000,0.000000,0.000000
10.000000,97.000000,26.000000,44.000000,43.000000,109.000000,89.000000,8.300000,2.400000,0.000000,0.000000,0.000000,0.000000,0.000000,0.000000
25.000000,3.500000,76.000000,3.000000,9.600000,85.000000,3.200000,0.000000,0.000000,0.000000,0.000000,0.000000,0.000000,0.000000,0.000000
46.000000,6.700000,23.000000,3.400000,6.000000,2.500000,11.000000,60.000000,0.000000,0.000000,0.000000,0.000000,0.000000,0.000000,0.000000
2.800000,2.900000,7.700000,2.800000,0.000000,0.000000,0.000000,0.000000,0.000000,0.000000,0.000000,0.000000,0.000000,0.000000,0.000000
36.000000,3.800000,22.000000,10.000000,5.400000,1.700000,0.000000,0.000000,0.000000,0.000000,0.000000,0.000000,0.000000,0.000000,0.000000
11.000000,3.600000,10.000000,10.000000,9.200000,9.700000,9.100000,14.000000,11.000000,12.000000,104.000000,141.000000,17.000000,0.000000,0.000000
22.000000,6.400000,2.100000,12.000000,9.700000,13.000000,10.000000,7.800000,29.000000,0.000000,0.000000,0.000000,0.000000,0.000000,0.000000
113.000000,21.000000,140.000000,22.000000,18.000000,13.000000,9.200000,83.000000,9.000000,32.000000,12.000000,12.000000,0.000000,0.000000,0.000000
12.000000,21.000000,63.000000,7.800000,66.000000,67.000000,19.000000,113.000000,11.000000,157.000000,0.000000,0.000000,0.000000,0.000000,0.000000
19.000000,6.300000,23.000000,4.600000,0.000000,0.000000,0.000000,0.000000,0.000000,0.000000,0.000000,0.000000,0.000000,0.000000,0.000000
8.200000,86.000000,65.000000,64.000000,41.000000,12.000000,1.400000,16.000000,0.000000,0.000000,0.000000,0.000000,0.000000,0.000000,0.000000
35.000000,3.000000,63.000000,6.800000,22.000000,3.400000,139.000000,71.000000,164.000000,0.000000,0.000000,0.000000,0.000000,0.000000,0.000000
9.100000,3.400000,22.000000,8.700000,4.200000,73.000000,44.000000,41.000000,43.000000,70.000000,0.000000,0.000000,0.000000,0.000000,0.000000
7.400000,3.800000,2.300000,19.000000,4.800000,109.000000,0.000000,0.000000,0.000000,0.000000,0.000000,0.000000,0.000000,0.000000,0.000000
67.000000,22.000000,6.700000,18.000000,5.900000,15.000000,3.700000,2.500000,38.000000,0.000000,0.000000,0.000000,0.000000,0.000000,0.000000
60.000000,167.000000,67.000000,10.000000,29.000000,5.700000,7.700000,13.000000,27.000000,31.000000,6.500000,0.000000,0.000000,0.000000,0.000000
13.000000,100.000000,9.000000,3.800000,2.300000,7.600000,46.000000,34.000000,8.100000,0.000000,0.000000,0.000000,0.000000,0.000000,0.000000
4.200000,49.000000,13.000000,109.000000,16.000000,10.000000,2.700000,7.600000,29.000000,0.000000,0.000000,0.000000,0.000000,0.000000,0.000000
6.200000,4.300000,9.000000,9.400000,3.000000,19.000000,14.000000,12.000000,22.000000,0.000000,0.000000,0.000000,0.000000,0.000000,0.000000
28.000000,61.000000,110.000000,5.300000,15.000000,153.000000,20.000000,25.000000,6.200000,1.700000,158.000000,0.000000,0.000000,0.000000,0.000000
11.000000,6.000000,3.300000,5.100000,3.900000,13.000000,0.000000,0.000000,0.000000,0.000000,0.000000,0.000000,0.000000,0.000000,0.000000
8.200000,130.000000,34.000000,3.800000,9.800000,5.400000,19.000000,130.000000,3.400000,130.000000,14.000000,0.000000,0.000000,0.000000,0.000000
1.700000,11.000000,2.900000,9.800000,24.000000,56.000000,54.000000,0.000000,0.000000,0.000000,0.000000,0.000000,0.000000,0.000000,0.000000
54.000000,48.000000,6.800000,54.000000,5.600000,34.000000,11.000000,8.100000,3.700000,28.000000,0.000000,0.000000,0.000000,0.000000,0.000000
63.000000,9.100000,3.400000,62.000000,8.900000,5.200000,54.000000,4.000000,40.000000,53.000000,0.000000,0.000000,0.000000,0.000000,0.000000
41.000000,39.000000,14.000000,67.000000,2.300000,86.000000,8.500000,14.000000,0.000000,0.000000,0.000000,0.000000,0.000000,0.000000,0.000000
28.000000,63.000000,16.000000,38.000000,24.000000,62.000000,24.000000,13.000000,9.900000,117.000000,16.000000,0.000000,0.000000,0.000000,0.000000
24.000000,95.000000,5.200000,11.000000,45.000000,12.000000,17.000000,53.000000,5.200000,7.900000,11.000000,4.600000,31.000000,40.000000,0.000000
1.600000,5.700000,4.900000,8.600000,15.000000,0.000000,0.000000,0.000000,0.000000,0.000000,0.000000,0.000000,0.000000,0.000000,0.000000
6.900000,2.800000,5.000000,12.000000,6.500000,42.000000,34.000000,0.000000,0.000000,0.000000,0.000000,0.000000,0.000000,0.000000,0.000000
8.900000,8.900000,2.500000,19.000000,3.800000,23.000000,0.000000,0.000000,0.000000,0.000000,0.000000,0.000000,0.000000,0.000000,0.000000
5.000000,12.000000,7.400000,7.400000,5.200000,53.000000,9.700000,9.500000,7.200000,12.000000,0.000000,0.000000,0.000000,0.000000,0.000000
2.600000,32.000000,26.000000,6.500000,46.000000,8.700000,52.000000,4.800000,5.700000,28.000000,0.000000,0.000000,0.000000,0.000000,0.000000
19.000000,11.000000,26.000000,6.900000,19.000000,4.200000,1.700000,0.000000,0.000000,0.000000,0.000000,0.000000,0.000000,0.000000,0.000000
8.900000,22.000000,7.000000,6.800000,11.000000,10.000000,12.000000,0.000000,0.000000,0.000000,0.000000,0.000000,0.000000,0.000000,0.000000
8.200000,5.300000,5.300000,13.000000,16.000000,22.000000,17.000000,0.000000,0.000000,0.000000,0.000000,0.000000,0.000000,0.000000,0.000000
10.000000,22.000000,3.900000,85.000000,33.000000,17.000000,28.000000,31.000000,5.700000,11.000000,7.800000,6.600000,22.000000,125.000000,0.000000
99.000000,48.000000,7.100000,19.000000,8.100000,2.700000,9.000000,3.600000,0.000000,0.000000,0.000000,0.000000,0.000000,0.000000,0.000000
